川乌,3两,萆薢,3两,小茴香,3两,杜仲,3两,花椒,3两,当归,3两,木瓜,3两,柏子仁,3两,菟丝子,3两,熟地,3两,川楝子,3两半,泽泻,2两,远志,2两,川巴戟,2两,牛膝,2两,肉苁蓉,2两,芦巴子,2两,山萸肉,2两,茯苓,2两,蛇床子,2两,破故子,4两,苍术,5两
花椒,8两,甘菊花,7两,大附子,5两,旋覆花,5两,苍术,4两,草决明,3两,芎?,2两,紫巴戟,1两
巴戟天,2两,熟干地黄,1两半,枸杞子,1两,附子,0.5两,甘菊花,2两,花椒,1两
珍珠,15克,麝香,7.5克,熊胆,60克,冰片,486克,硇砂,3克,炉甘石,495克,石决明,300克,海螵蛸,283.5克
当归,2两,生地,2两,熟地,2两,麦冬,2两,天冬,2两,赤何首乌,2两,肉苁蓉,2两,白芍,2两,大茴香,2两,茯苓,2两,枸杞子,2两,山药,2两,远志,2两,菟丝子,2两,甘草,2两,白何首乌,2两,川芎,2两,苍术,4两,花椒,4两,公丁香,3钱,人参,1钱,川乌,1两
炼成白石英,10两,以锤子砧上细硗,6分,向明选去黡翳色暗黑黄赤者,6分,惟取白净者为佳,6分,绢下之,6分,瓷器中研令极细熟,6分,以生绢袋于铜器中水飞之,6分,如作粉法,6分,度,6分,研讫澄之,6分,渐渐去水,6分,水尽至石英,6分,晒得干,6分,看上有粗恶不净者去之,6分,取中央好者,6分,在下有恶者亦去之,6分,更研堪用者,6分,使熟白绢袋子盛,6分,着瓷碗中,6分,以瓷碗盖之,6分,于,3斗,米下蒸之,6分,饭熟讫出,6分,取悬之使干,6分,石斛,6分,苁蓉,6分,茯苓,1两,泽泻,1两,陈皮,1两,菟丝子,3两
白亮鱼胶,8两,用牡蛎,8两,炭火煅过,None,研末同炒,None,须炒得不可焦黑,None,黄色为度,None,熟地,4两,山药,3两,人参,2两,沙苑子,8两,去衣,None,竹刀切开,None,茯苓,4两,入乳拌晒,None,牛膝,3两,择粗壮者切碎,None,酒拌,None,甘州枸杞,4两,乳汁拌,None,鹿角胶,2两,菟丝子,3两,酒蒸熟,None,捣烂,None,山茱萸肉,4两,当归,2两,取明亮者,None,酒洗,None
蒺藜,5分,黄柏,5分,玄参,5分,青葙子,5分,黄芩,5分,赤芍,5分,防风,5分,知母,5分,犀角,5分,木贼,1钱,蝉蜕,1钱,石决明,1钱,草决明,1钱,当归,1钱
鹿角胶,0.5斤,就用鹿角霜拌炒成珠,None,杜仲,None,用生姜汁,1两,干山药,2两,茯苓,None,人乳拌,None,凡,None,熟地,2两,菟丝子,None,山茱萸肉,1两半,北五味子,1两,川牛膝,1两,益智仁,1两,远志,1两,小茴香,3钱,川楝子,None,取净肉,1两,川巴戟,1两,破故子,1两,芦巴子,1两,柏子仁,0.5两,穿山甲,3钱,沉香,3钱,全蝎,1钱半
当归尾,3钱4分,防风,3钱4分,龙胆草,3钱4分,黄连,3钱4分,连翘,3钱4分,黄芩,3钱4分,黄柏,3钱4分,硼粉,3钱4分,石决,3钱4分,密蒙花,3钱4分,车前子,3钱4分,赤芍花粉,3钱4分,谷精草,3钱4分,柴胡,3钱4分,玄参,3钱4分,大黄,3钱4分,菊花,3钱4分,栀子,3钱4分,川木通,3钱4分,蝉蜕,3钱4分,荆芥,3钱4分,木贼,3钱4分,蒺藜,3钱4分,生地,3钱4分,川羌,3钱4分,川芎,3钱4分,甘草,3钱4分,薄荷,3钱4分,草决,3钱4分,炉甘石,3斤2两
密蒙花,80g,蒺藜,60g,菊花,20g,木贼,80g,蛇蜕,12g,蝉蜕,20g,芥穗,40g,蔓荆子,80g,薄荷,20g,当归,60g,川芎,60g,黄连,20g,地骨皮,40g,花椒,28g,楮实子,20g,天花粉,24g,甘草,12g
柏子仁,1两,熟干地黄,1两,沉香,1方,干山药,1两,石斛,1两,石麻,1两,覆盆子,1两,牛膝,1两,黄芪,1两,蔓荆子,0.5两,加苁蓉,1两,酒浸,None,片切倍,None,杜蒺藜,1两,木臼杵去刺,None,慢火炒黄后称,None,菟丝子,1两,淘去泥土,None,酒浸,None
地肤子,2合,蓝子,2合,蒺藜,2合,细辛,5合,肉桂,5分,车前子,2合,菟丝子,2合,瓜子,2合,萤火虫,5合,黄连,1两半,小胡麻,2合,青葙子,2合,大黄,2两,草决明,5合
山药,1两,牛膝,1两,茯苓,0.5两,枳实,0.5两,五味子,0.5两,杜仲,None,姜汁水,0.5两,山萸肉,0.5两,巴戟天,0.5两,远志,0.5两,熟地,0.5两,肉苁蓉,None,石菖蒲,0.5两,枸杞子,0.5两,苍术,0.5斤,莲子,4两
黄芪,48两,芡实,16两,白术,48两,沙苑子,160两,山药,32两,茯苓,16两,当归,32两,陈皮,16两,白扁豆,16两,菟丝子,32两
大青盐,1两,没食子,1钱,细辛,2钱,破故子,1两,地骨皮,1两,熟地,1两,槐角子,1两,百药煎,1钱
黄连,20两,菊花,50两,花椒,20两,防风,10两,大青盐,10两,郁李仁,10两,当归,10两,杏仁,10两,铜绿,10两,蕤仁,10两,白矾,10两,芒消,10两
刮皮术,1斤,菊花,8两,大青盐,4两,椒,4两
生地,1千克,用酒,5升,夜浸昼晒,None,酒尽为度,None,鹿茸,60克,肉苁蓉,60克,研为泥,None,牛膝,30克,肉桂,30克,蛇床子,30克,菟丝子,30克,远志,30克,大枣,100枚
真川椒,4两,茯苓,1两,川乌,1两,小茴香,2两,苍术,4两,甘草,2两,熟地,3两,山药,3两
蛇蜕,1两,蝉蜕,2两,川羌,3两,当归,3两,石决明,3两,川芎,3两,防风,4两,茯苓,4两,甘草,4两,白芍,13两,蒺藜,0.5斤,苍术,12两
蛇蜕,1两,蝉蜕,2两,川羌,3两,当归,3两,石决明,3两,川芎,3两,防风,4两,茯苓,4两,甘草,4两,白芍,None,蒺藜,0.5斤,苍术,None
茯苓,4两,甘草,4两,防风,4两,石决明,2两,川芎,2两,川羌,2两,当归,2两,赤芍,2两,蒺藜,1两,蝉蜕,2两,苍术,None,蛇蜕,1两
车前子,1两,羚羊角屑,1两,防风,1两,菟丝子,None,草决明,1两半
车前子,None,菊花,None,生干地黄,None,麦冬,None
车前子叶,1斤,葱白,1握,粳米,1合
车前子,5合,煎取,1升,青粱米,3合,作,4合
车前子,1～30克,粳米,100克
沉香,1两,大附子,2两,鹿茸,3两,苁蓉,4两,菟丝子,5两,熟地,None,酒浸,6两
沉香,3钱,木香,3钱,檀香,3钱,胡桃,3钱,公丁香,3钱,枸杞子,3钱,大茴香,3钱,全蝎,5钱,小茴香,5钱,川楝子,5钱,葫芦巴,5钱,破故子,5钱,酒浸,None,以上葫芦巴,None,破故子,None,用羊肠,1尺5寸,盛药在内,None,以好酒煮令熟,None,穿山甲,3钱,菟丝子,5钱,苣胜子,5钱,远志,5钱,韭菜子,5钱,莲须,3钱,川心巴戟,5钱,干山药,5钱,山萸肉,5钱,知母,5钱,淫羊藿,2钱,青皮,3钱,陈皮,3钱,茯苓,5钱,牛膝,3钱,黄精,5钱,天冬,5钱,麦冬,5钱,人参,3钱,熟地,2钱,乳香,2钱,生地,2钱,细墨,5钱,五味子,5钱,肉苁蓉,5钱
磁石,None,醋淬,None,白术,None,神曲,None,枸杞子,None,麦芽,None,当归,None,人参,None,熟地,None,朱砂,None,牛膝,None,茯苓,None,干菊花,None
苁蓉,120克,巴戟天,60克,菊花,60克,枸杞子,60克
苁蓉,2两,巴戟天,1两,枸杞子,1两,菊花,1两,川楝子,1两
苁蓉,4两,巴戟天,2两,菊花,2两,枸杞子,2两
黄柏,3两,知母,3两,龟板,3两,熟地,None,锁阳,2两,枸杞子,2两,干姜,2两,五味子,1两,白芍,1两,天冬,1两,覆盆子,2两,菟丝子,2两,于白术,3两,陈皮,1两,牡蛎,1两,山萸肉,1两,虎胫骨,1两,防己,1两,牛膝,1两,当归,2两
蕲蛇,2两,乌梢蛇,0.5两,麻黄,2两,细辛,1两,全蝎,1两半,两头尖,2两,赤芍,1两,贯芎,2两,防风,2两半,葛根,1两半,没药,1两,血竭,7钱半,朱砂,1两,乌犀屑,0.5两,地龙,0.5两,甘草,2两,公丁香,1两,僵蚕,1两,乳香,1两,麝香,0.5两,冰片,1钱半,肉桂,2两,草蔻,2两,川羌活,2两,虎胫骨,1两,玄参,1两,牛黄,2钱半,威灵仙,1两半,天麻,2两,藿香,2两,天竺黄,1两,败龟版,1两,人参,1两,何首乌,2两,白芷,2两,乌药,1两,安息香,1两,青皮,1两,附子,1两,香附,1两,白豆蔻,1两,骨碎补,1两,黄连,2两,茯苓,1两,黄芩,2两,白术,1两,熟地,2两,松香脂,0.5两,大黄,2两,当归,1两半,木香,2两,沉香,1两,金箔,None
蕲蛇,None,乌稍蛇,None,麻黄,2两,细辛,1两,全蝎,None,两头尖,2两,赤芍,1两,贯芎,2两,防风,2两半,葛根,1两半,没药,1两,血竭,7钱半,朱砂,1两,乌犀屑,0.5两,地龙,0.5两,甘草,2两,公丁香,1两,僵蚕,1两,乳香,1两,麝香,0.5两,冰片,1钱半,肉桂,2两,草蔻,2两,川羌活,2两,虎胫骨,1两,玄参,1两,牛黄,2钱半,威灵仙,1两半,天麻,2两,藿香,2两,天竺黄,1两,龟板,1两,人参,1两,何首乌,2两,白芷,2两,乌药,1两,安息香,1两,青皮,1两,附子,1两,香附,1两,白豆蔻,1两,骨碎补,1两,黄连,2两,茯苓,1两,黄芩,2两,白术,1两,熟地,2两,松香脂,0.5两,大黄,2两,当归,1两半,木香,2两,沉香,1两,金箔,None
石斛,1两半,萆薢,1两,柏子仁,None,石龙芮,3分,泽泻,3分,附子,1两,杜仲,1两,牛膝,1两半,赤芍,3分,云母粉,1两,松柏,1两,防风,3分,山萸肉,3分,菟丝子,1两,细辛,3分,鹿茸,1两,巴戟天,1两
人参,5钱,茯神,5钱,芦荟,5钱,琥珀,5钱,蔓荆子,5钱,川芎,1两,生地,1两,熟地,1两,小胡麻,1两,蝉蜕,1两,车前子,7钱半,细辛,7钱半,蒺藜,7钱半,远志,7钱半,全蝎,5枚
当归,None,黄芪,None,没药,None,川芎,None,苍术,None,荆芥,None,薄荷,None,熟地,None,川羌,None,菊花,None,麻黄,None
地肤子,3分,蓝子,1分,蒺藜,3分,车前子,0.5两,甜瓜子,0.5两,小胡麻,1分,青葙子,3分,细辛,0.5两,萤火虫,1分,草决明,3分,黄连,3分,覆盆子,3分,生干地黄,1两,菟丝子,3分
生地,20斤,熟干地黄,2斤,生干地黄,2斤,甘草,0.5斤,醇酒,1斗,菟丝子,4两,鹿角胶,4两,蒺藜,4两,牛膝,None,干漆,None,用酒拌和,4两,茯苓,4两,白槟榔,4两,枳壳,4两,萆薢,4两,覆盆子,4两
生地,10两,黄连,5两,黄芩,3两,枳壳,2两5钱,大黄,2两5钱,人参,2两
甘菊花,0.5两,木贼,0.5两,苍术,3钱,地黄,3钱,枸杞子,3钱,荆芥,3钱半
熟干地黄,None,黄连,1两,草决明,1两,没药,0.5两,甘菊花,0.5两,防风,0.5两,川羌,0.5两,肉桂,0.5两,光明朱砂,0.5两
天精草,None,鹭鸶兰,None,枸杞子,None,地骨皮,None
萆薢,0.5两,防风,0.5两,蒺藜,0.5两,狗脊,0.5两,乌药,0.5两,附子,0.5两,白附子,0.5两,赤小豆,0.5两,地龙,0.5两,骨碎补,0.5两,小茴香,0.5两,川羌,0.5两,天南星,0.5两,黄芪,0.5两,肉苁蓉,None,牛膝,None,何首乌,1两,花椒,1两,覆盆子,1两,木鳖子,3分
麝香,None,珍珠,None,熊胆,None,冰片,None,琥珀,None,炉甘石,None,硼砂,None,青葙子,None,谷精草,None,桑叶,None,菊花,None,密蒙花,None,草决明,None,蔓荆子,None,苍耳子,None,蚕砂,None,蒺藜,None,薄荷,None,大黄,None,黄芩,None,黄连,None,黄柏,None,龙胆草,None,栀子,None,知母,None,车前子,None,生地,None,赤芍,None,当归,None,丹皮,None,荆芥,None,防风,None,青蒿,None,石菖蒲,None,茯苓,None,金银花,None,连翘,None,甘草,None,玄参,None,枳壳,None,苦丁茶,None,枸杞子,None,木贼,None,望月砂,None
麝香,2钱5分,熊胆,5分,飞琥珀,5分,冰片,2钱,飞制甘石,2两,飞生月石,2钱,荸荠粉,1两5钱,蕤仁霜,5分,生地,8两,玄参,4两,石斛,3两,麦冬,3两,枸杞子,3两,黄连,3两,黄芩,3两,黄柏,4两,龙胆草,4两,青葙子,2两,草决明,4两,蒺藜,2两,白菊花,2两,桑叶,4两,谷精草,2两,木贼,2两,焦山栀,3两,石决明,8两,淡竹叶,2两,夜明沙,4两,木鳖子,1两,21,None
防风,None,川芎,None,白芷,None,甘菊花,None,甘草,None
苣胜子,1斤,枸杞子,1斤,何首乌,1斤,冬青,8两,破故子,8两,山萸肉,1斤,巴戟天,4两,桑叶,10斤,柏子仁,1斤,蛇床子,1斤,花椒,0.5斤
茯苓,3两,苍术,5两,枸杞子,2两,花椒,2两,干熟地黄,2两
枸杞子,25克,菊花,20克,地黄,15克,当归,12克,赤芍,9克,苏木,15克,青葙子,12克,丝瓜络,15克,麦冬,10克,珍珠母,50克,丹参,12克,生芪,15克
菊花,None,枸杞子,None,肉苁蓉,None,巴戟天,None
覆盆子,1两,远志,1两,杜仲,1两,柏子仁,2两,枸杞子,2两,地肤子,1两,胡桃仁,2两
多年燕子窝,None,皂角,30梃,熟地,1两,当归,1两,淫羊藿,1两半,硼砂,2两,生地,2两半,细辛,1两半,白盐,0.5斤,木鳖子,18个,川楝子,1两,大青盐,2两,威灵仙,1两,白芷,1两,藿香叶,1两,酸榴皮,1两,川百药煎,1两半,黑牵牛,1两,川芎,1两,核桃仁,18个,酒醋,3升
甘菊花,2两,枸杞子,4两,熟地,3两,干山药,0.5两
枸杞子,None,茯苓,None,白沙蜜,None,蜂蜡,None
苁蓉,None,枸杞子,None,花椒,None,菊花,None,巴戟天,None
枸杞子,30g,粳米,60g
枸杞子,None,大升,None,生地,None,大升,None,火麻仁,None,大升,None
枸杞子,15～20克,粳米,50克,白糖,None
芥穗,1斤,干菊花,0.5斤,川芎,4两,白术,3两
天冬,None,酒浸,None,麦冬,3两,生地,None,熟地,None,用瓷器蒸,3两,人参,1两5钱,茯苓,1两5钱,干山药,1两5钱,枸杞子,1两5钱,川牛膝,1两,石斛,1两,草决明,1两,杏仁,1两,甘菊花,1两,菟丝子,None,另研,1两,枳壳,1两,羚羊粉,1两,取净末,8钱,乌犀角,8钱,五味子,7钱,甘草,7钱,防风,8钱,蒺藜,7钱,黄连,7钱,川芎,7钱,青葙子,8钱
鹿茸,2两半,当归,1两半,牛膝,1两半,破故子,1两半,附子,1两,巴戟天,1两,远志,1两,茯苓,1两,柏子仁,1两,鹿角胶,1两,桑螵蛸,1两1分,肉苁蓉,4两,菟丝子,None,泽泻,0.5两
当归,8两,川芎,8两,川羌,8两,生地,8两,防风,8两,薄荷,8两,草决明,8两,覆花,8两,蝉蜕,8两,蒺藜,8两,蛇蜕,4两,密蒙花,12两,木贼,12两,黄连,2两
菊花,0.5斤,当归,0.5斤,枸杞子,1斤,桂圆肉,3斤
振山威,1两5钱,昼夜,None,埋土中,None,水陆使者,1两,酥油搽,None,炙黄色,None,肉苁蓉,6钱,玉枝,8钱,人乳浸,None,阴飞郎,1对,烧红,None,劈天龙,None,酒浸,None,九阳公,None,者为佳,None,蜜水浸,None,炷香,None,白水煮,None,炷香,3钱,昆山雪,10枚,搅匀摊纸上,None,赤羽娘,10对,日取,None,重阳英,None,日取,None,酒浸,None,寿春紫,None,黑而实,None,酒浸,None,新瓦焙,4钱,宿砂蜜,4钱,海上主人,None,炙老黄色,3钱,太乙丹,None,用枸杞子,None,蜜酒浸,None,朝云兽,1对,补骨先生,4钱,乾坤髓,None,荞麦面色,None,旱珍珠,None,月半取井水浸,None,通天柱杖,None,酒浸,None,飞仙,4钱,酒浸,None,先登,4钱,吐蕃丝,None,醋浸,None,仙人仗,None,蜜水浸,None,杜仲,None,麸炒去丝,None,童便浸,None,风流带,3钱,王孙草,None,酒浸,None,公丁香,None,花椒水煮,None,云门令使,None,酒浸半日,8钱
拣人参,1两半,天冬,3两,麦冬,3两,生地,3两,熟地,1两,当归,1两,川芎,7钱,茯苓,1两,山药,1两,菟丝子,1两,枸杞子,1两半,肉苁蓉,1两半,川牛膝,1两半,杜仲,1两半,石斛,1两半,五味子,7钱,黄连,7钱,川黄柏,1两,知母,2两,杏仁,1两半,枳壳,1两,防风,8钱,菊花,1两,青葙子,1两,草决明,1两,蒺藜,1两,羚羊粉,1两,乌犀角,8钱,甘草,7钱
枸杞子,None,菊花,None,远志,None,车前子,None,巴戟天,None,生地,None,覆盆子,None,白术,None,苁蓉,None,酒浸,None,石菖蒲,9节,牛膝,None,酒浸,None,地骨皮,None,菟丝子,None,昼夜晒干,None,续断,None,细辛,None,何首乌,None
玄参,None,黄芩,None,生地,None,赤芍,None,菊花,None,青葙子,None,蒺藜,None
当归,4两,生地,4两,川芎,4两,白芍,4两,菊花,4两,枸杞子,4两,蒺藜,4两,故纸,2两,黄连,2两,黄芩,2两,茯苓,2两,麦冬,2两,琥珀,2两,覆盆子,2两,密蒙花,2两,木贼,2两,青葙子,1两,蔓荆子,1两,楮实子,1两,栀子,1两,黄柏,1两,知母,1两,大青盐,1两,甘草,1两,龙胆草,1两4钱
麦冬,4两5钱,天冬,4两5钱,党参,4两5钱,熟地,4两5钱,知母,4两5钱,黄柏,4两5钱,川芎,4两5钱,菊花,4两5钱,山药,4两5钱,枳壳,4两5钱,苁蓉,4两5钱,青葙子,4两5钱,当归,4两5钱,菟丝子,4两5钱,茯苓,4两5钱,枸杞子,4两5钱,杜仲炭,4两5钱,杏仁,4两5钱,生地,9两,沙苑子,6两,羚羊粉,1两5钱,黄连,1两5钱,犀角,9钱,石斛,4两,甘草,2两,琥珀,3两
蒺藜,30克,车前子,30克,牛蒡子,30克,小胡麻,30克
黄连,600克,黄柏,600克,龙胆草,600克,草决明,1.2千克,石决明,1.2千克,密蒙花,1.2千克,青皮,1.2千克,柴胡,1.2千克,木贼,1.2千克,胡连,1.2千克,黄芩,1.2千克,夜明砂,1.2千克,小胡麻,1.2千克,鲜羊肝,5千克
黄连,20g,胡连,40g,黄芩,40g,黄柏,20g,龙胆草,20g,柴胡,40g,青皮,40g,木贼,40g,密蒙花,40g,小胡麻,40g,草决明,40g,石决明,40g,夜明砂,40g,鲜羊肝,160g
牡蛎,0.5斤,干姜,0.5斤
牛黄,2钱5分,冰片,1钱5分,麝香,5钱,人参,1两,犀角,5钱,蕲蛇,2两,乌梢蛇,2两,附子,1两,乌药,1两,白豆蔻,1两,青皮,1两,茯苓,1两,香附,1两,当归,1两5钱,骨碎补,1两,麻黄,2两,川芎,2两,两头尖,2两,白术,1两,川羌,2两,防风,2两,全蝎,2两,天麻,2两,玄参,2两,威灵仙,1两半,白芷,2两,草蔻,2两,血竭,7钱半,黄芩,2两,黄连,2两,地龙,5钱,大黄,2两,熟地,2两,木香,2两,沉香,1两,公丁香,1两,乳香,1两,没药,1两,安息香,1两,细辛,1两半,葛根,1两半,赤芍,1两,僵蚕,1两,天竺黄,1两,龟板,1两,虎骨,1两,藿香,2两,甘草,2两,朱砂,1两,肉桂,2两,松香,5钱,何首乌,2两,金箔,400张,酥油,1两,蜂蜡,40斤,蜂蜜,11斤
当归,9克,赤芍,9克,红花,6克,菊花,12克,草决明,12克,五味子,6克,龙胆草,6克,蒲公英,12克,蝉蜕,6克,木贼,12克,苏木,10克
炉甘石,6钱,赤石脂,5钱,滑石,5钱,胡连,5钱,朱砂,4钱,青黛,3钱,石决明,1两
桔梗,7两,蒺藜,7两,木贼,7两,川羌,7两,蝉蜕,7两,薄荷,7两,防风,7两,草决,7两,覆盆子,7两,当归,7两,川芎,7两,白芍,7两,生地,7两,白芷,7两
大附子,2只,每只作,4片,阳起石,None,伏火灵砂,1分,天雄,1对,同附子入青盐,0.5两,以水,3升,同煮,None,令水尽为度,None,磁石,None,针者,None,火煅红,None,醋淬,None,14,None,研细如粉,None,水飞,0.5两,鹿茸,1两,麋茸,1两,舶上茴香,1两,破故子,1两,川当归,None,牛膝,None,钟乳粉,0.5两,毕澄茄,0.5两,夜明砂,0.5两,肉豆蔻,0.5两,枸杞子,0.5两,杜仲,0.5两,公丁香,0.5两,菟丝子,2两,酒浸,None,海狗鞭,0.5两,沉香,0.5两,神曲,0.5两,麝香,0.5钱,安息香,1分,羊髓,2两,肉苁蓉,1两,羊石,1对
生地,1斤,熟地,1斤,石斛,4两,防风,4两,枳壳,4两,牛膝,4两,杏仁,None,麸炒黄,4两
生地,120克,天冬,90克,枸杞子,90克,菊花,60克,熟地,120克,麦冬,90克,山茱萸肉,90克,当归身,60克,五味子,30克
仙茅,2斤,去赤水,None,用铜刀子,None,用铜刀锉碎,None,夏月只浸,None,阴干,None,不见日,None,干称,1斤,苍术,2斤,日亦得,None,秤,1斤,茯苓,8两,车前子,12两,小茴香,8两,枸杞子,1斤,生干地黄,4两,熟地,4两,柏子仁,8两
怀生地,8两,山药,4两,茯苓,4两,晒干又拌,None,山萸肉,4两,丹皮,3两,麦冬,6两,泽泻,3两,甘菊花,6两,真甘枸杞,6两,五味子,6两,又方加白蒺藜,5两
熟地,20克,山药,18克,山萸肉,10克,茯苓,10克,丹皮,10克,泽泻,10克,枸杞子,12克,菊花,15克,密蒙花,18克,羚羊角粉,2克,酸枣仁,25克,钩藤,20克,天麻,10克
焦三仙,1钱,橘红,1钱5分,黄芩,2钱,厚朴,1钱5分,甘菊花,3钱,羚羊粉,1钱5分,竹茹,3钱,枳实,1钱5分
银柴胡,1钱,当归,2钱,生白芍,2钱,白术,1钱,茯苓,1钱,甘草,5分,干姜,3片,薄荷,1分,霜桑叶,2钱
川羌,30克,防风,30克,桑螵蛸,30克,栀子,30克,薄荷,30克,当归,30克,赤芍,30克,甘草,30克,麻黄,30克,连翘,30克,菊花,30克,木贼,30克,蒺藜,30克,川芎,30克,大黄,30克,黄芩,30克,荆芥,30克
家菊花,None,石膏,None,牛蒡子,None
夏枯草,300g,地龙,300g,槲寄生,300g,槐花,300g,生地,300g,黄芩,300g,菊花,300g,薄荷,50g
木贼,1.8克,蝉蜕,1.8克,连翘,1.8克,赤芍,1.8克,防风,1.5克,荆芥,1.5克,生地,3克,川木通,2.4克,车前子,2.4克,甘草,1.2克
黄连,None,黄芩,None,山栀子,None,黄柏,None,山菊花,None
黄连,1两,菊花,1两,枸杞子,1两,甘草,3分,牛蒡子,0.5两
金果榄,10克,黄精,18克,密蒙花,6克,谷精草,8克,急性子,9克,菟丝子,9克,枸杞子,13克,甘草,5克
人参,5钱,白术,None,泔浸,1两2钱,茯苓,None,为本,None,水澄去浮,8钱,大甘草,5钱,当归,None,酒浸,6钱,生地,5钱,熟地,5钱,白芍,5钱,牛膝,None,酒浸,8钱,杜仲,6钱,干姜,5钱,黄柏,None,酒洗,1两,知母,None,毛,8钱,破故子,3钱,甘州枸杞,1两,茅山苍术,6钱,山药,5钱,琐阳,7钱,山萸肉,7钱,石菖蒲,5钱,远志,5钱,陈皮,None,盐水浸,7钱,莲子,8钱,鹿角霜,5钱,天冬,5钱,麦冬,5钱
生地,20斤,生牛膝,10斤,干姜,3斤,苣胜子,None,汤浸,None,菟丝子,None,水洗去浮者,None,杏仁,None,尖双仁,None,桃仁,None,尖双仁,None,蒺藜,None,去角,1升,蜂蜜,1斤
菊花瓣,100克,猪瘦肉,600克,鸡蛋,3个,鸡汤,150克,食盐,3克,白砂糖,3克,绍酒,20克,胡椒粉,2克
熟地,2两,山萸肉,5钱,山药,5钱,茯苓,5钱,泽泻,5钱,丹皮,5钱,五味子,5钱,枸杞子,5钱,沙苑子,5钱,草决明,5钱,青葙子,5钱,小胡麻,5钱,菟丝子,5钱,覆盆子,5钱,车前子,5钱
草决明,15克,石决明,15克,木贼,15克,防风,15克,川羌,15克,蔓荆子,15克,甘菊花甘草,15克,川芎,15克,石膏,15克,黄芩,15克
蝉蜕,90克,木贼,90克,童便浸一宿,90克,蒺藜,90克,川羌,90克,菊花,120克,芥穗,60克,甘草,60克
蒺藜,90克,川羌,90克,木贼,90克,蝉蜕,90克,菊花,180克
菊花,120克,防风,60克,蒺藜,30克,牛蒡子,30克,甘草,7.5克
甘菊花,None,黄白色盛开时采,6两,当归,None,酒洗,None,地黄膏,None,取自然汁,None,每斤入蜜,2两,瓦器内慢火熬成膏,6两,牛膝,4两,覆盆子,4两
菊花,4两,乌头,2两,黑豆,2合,为末,None
女贞子,30克,甘菊花,15克,麦冬,15克
茯苓,1两,山萸肉,1两,五味子,1两,干山药,1两,莲子,1两,鸡头肉,1两,金樱子,1两,巴戟天,1两,破故子,1两,杜仲,1两,牛膝,1两,熟地,1两,石菖蒲,1两,远志,1两,枸杞子,1两,龙骨,1两,楮实子,1两,小茴香,1两,仙茅,1两,肉苁蓉,1两,沉香,1两
草决明,1升,蔓荆子,1升,煮酒尽,None
草决明,0.5两,细辛,0.5两,青葙子,0.5两,蒺藜,0.5两,小胡麻,0.5两,川芎,0.5两,升麻,0.5两,独活,0.5两,羚羊粉,0.5两,防风,0.5两,菊花,1两,黄连,3两,玄参,3两,枸杞子,3两
草决明,1两,槐角,1两,覆盆子,1两,青葙子,1两,地肤子,1两,车前子,1两
草决明,10～15克,粳米,50克,冰糖,None
炒决明子,10-15g,粳米,60g,冰糖或加白菊花,10g
石决明,1两5钱,菊花,2两,黄连,1两,红花,1两,桃仁,1两,当归尾,1两,黄芩,1两,龙胆草,1两,石燕,1两,大黄,1两,蒺藜,4两,朱砂,2钱,琥珀,2钱,猪苦胆,5个
栀子,60克,黄连,120克,黄芩,60克,黄柏,60克,大黄,60克,泽泻,30克,玄参,30克,红花,30克,龙胆草,30克,赤芍,36克,当归,36克,菊花,60克,防风,30克,生地,36克,石决明,60克,蒺藜,60克,羚羊粉,3克,冰片,15克
肉苁蓉,1两,山萸肉,1两,生地,6分,远志,6分,蛇床子,5分,五味子,6分,防风,6分,茯苓,6分,牛膝,6分,菟丝子,6分,杜仲,6分,山药,6分
龙骨,5钱,远志,1两,白茯神,1两,石菖蒲,5钱,龟板,5钱,酸枣仁,1两,当归身,1两,人参,5钱,麦冬,1两,天冬,1两,生地,2两,熟地,2两,山萸肉,1两,川黄柏,1两,五味子,1两,柏子仁,1两,山药,1两,甘枸杞子,1两,知母,1两
知母,None,黄柏,None,菊花,None,熟地,None,白芍,None,川芎,None,枸杞子,None,当归,None
朱砂,15克,石决明,15克,珍珠末,15克,曾青,0.3克,硇砂,0.3克,冰片,0.3克
黄芩,3克,桔梗,3克,大黄,3克,芒消,3克,车前子,3克,川羌活,3克,玄参,3克,当归,3克,知母,3克,龙胆草,1.5克
熟地,1钱5分,川羌,6分,防风,6分,甘菊花,5分,山栀子,5分,谷精草,5分,柴胡,5分,木贼,4分,甘草,3分,川芎,1钱,当归,1钱,白芍,8分
羚羊角屑,1两,犀角屑,1两,胡连,0.5两,石决明,0.5两,朱砂,0.5两,车前子,0.5两,甘草,0.5两
羚羊粉,0.5两,酸枣仁,0.5两,肉桂,5分,虎胫骨,5钱,防风,1钱,当归,1钱,黄芪,1钱
羚羊粉,1两,白菊花,2两,川芎,1两,车前子,1两,防风,6钱,川羌,5钱,薄荷,5钱,赤芍,1两,大黄,5钱,朴消,5钱,血竭,2钱,没药,3钱,丹皮,3钱,红花,5钱
大黄,30克,川芎,30克,菊花,30克,牛蒡子,30克,细辛,30克,防风,30克,栀子,30克,蒺藜,30克,黄芩,30克,蔓荆子,30克,荆芥,30克,木贼,30克,甘草,30克,玄参,30克,苍术,60克,草决明,45克
望月砂,4两,夜明砂,4两,女贞子,3两,马料豆,3两,黑脂麻,3两,大枣,6两
桑椹子,2两,青葙子,2两,草决明,2两,夜明砂,2两,黑脂麻,2两,野料豆,2两
熟地,2两,生地,2两,当归身,2两,枸杞子,2两,甘菊花,1两,天冬,2两,女贞子,2两,蒺藜,1两3钱,玄参,1两5钱,川芎,1两3钱,白芍,1两5钱,黄连,1两3钱,槐角,1两,小胡麻,1两
羊子肝,30克,薄批作片,30克,线串,7叶,玄精石,30克,石决明,30克,黄连,30克,蕤仁,15克
密蒙花,None,石决明,None,滤出,None,木贼,None,杜蒺藜,None,川羌,None,菊花,None
熟地,150克,山萸肉,60克,泽泻,30克,丹皮,45克,茯苓,60克,山药,90克,当归,60克,川芎,30克,麦冬,90克,石斛,90克
怀生地,120克,熟地,120克,知母,60克,黄柏,60克,菟丝子,30克,独活,30克,枸杞子,60克,川牛膝,90克,沙苑子,90克
熟地,160g,山萸肉,80g,丹皮,60g,山药,80g,茯苓,60g,泽泻,60g,枸杞子,60g,菊花,60g,当归,60g,白芍,60g,蒺藜,60g,石决明,80g
霜桑叶,6克,菊花,6克
枸杞子,10克,菟丝子,15克,五味子,8克,谷精草,10克
拣人参,30克,当归,30克,熟地,60克,生地,60克,天冬,60克,麦冬,60克,石枣,60克,枸杞子,48克,五味子,30克,菟丝子,30克,白茯神,60克,干山药,30克,川牛膝,39克,柏子仁,30克,泽泻,30克,丹皮,30克,家菊花,90克,黄柏,45克,知母,75克,白豆蔻,9克
苦地丁,20克,蒲公英,20克,金银花,20克,菊花,12克,赤芍,12克,草决明,12克,车前子,12克,柴胡,9克,薄荷,6克,川木通,6克,蝉蜕,6克,黄精,15克
川羌,None,川芎,None,淡竹叶,None,防风,None,防己,None,菊花,None,黑豆,None,当归,None,白芍,None,枸杞子,None,密蒙花,None,山栀子,None,荆芥,None,薄荷,None,甘松,None,白芷,None,旋覆花,None,地骨皮,None
五味子,0.5斤,蛇床子,2两,百部根,2两,菟丝子,2两,茯苓,2两,肉苁蓉,2两,枸杞子,2两,柏子仁,2两,杜仲,2两,防风,2两,巴戟天,2两,山药,2两,远志,2两
羚羊粉,60克,犀角,60克,牛黄,24克,黄连,45克,黄芩,45克,川芎,45克,白芷,45克,当归,45克,菊花,30克,大黄,30克,防风,30克,草决明,30克,川羌,30克,生地,30克,滑石地肤子,30克,蝉蜕,30克
石斛,12.5千克,肉苁蓉,12.5千克,麦冬,25千克,茯苓,50千克,五味子,12.5千克,人参,50千克,熟地,75千克,菟丝子,12.5千克,草决明,12.5千克,杏仁,12.5千克,山药,12.5千克,蒺藜,12.5千克,川芎,12.5千克,青葙子,12.5千克,甘草,12.5千克,牛膝,12.5千克,黄连,12.5千克,生地,12.8千克,天冬,50千克,防风,12.5千克,枳壳,None,菊花,12.5千克,枸杞子,12.5千克,生磁石,10千克,石膏,25.5千克
石斛,30g,人参,120g,山药,45g,茯苓,120g,甘草,30g,肉苁蓉,30g,枸杞子,45g,菟丝子,45g,地黄,60g,熟地,60g,五味子,30g,天冬,120g,麦冬,60g,杏仁,45g,防风,30g,川芎,30g,枳壳,30g,黄连,30g,牛膝,45g,菊花,45g,蒺藜,30g,青葙子,30g,草决明,45g,水牛角,60g,羚羊粉,30g
当归尾,3克,赤芍,3克,芥穗,3克,防风,3克,川芎,3克,菊花,3克,生栀,3克,薄荷,3克,柴胡,4.5克,连翘,4.5克,金银花,6克,甘草,1.5克
当归,None,川芎,None,热地黄,None,白芍,None,覆盆子,None,枸杞子,None,地肤子,None,菟丝子,None,浸蒸,None,车前子,None,上药分两,None,以虚实斟酌,None
天南星,0.5两,人参,0.5两,茯苓,0.5两,干姜,1两,寒水石,1两,白矾,1两,半夏,1两,蛤壳,2两,大黄,2两,黄芩,2两,牵牛末,4两,滑石,4两,薄荷,0.5两,藿香,2钱半
栀子,30克,蒺藜,30克,川羌,60克,芥穗,36克,当归,36克,牛蒡子,36克,甘草,36克
菟丝子,9克,石斛,9克,石决明,9克,炒杭菊,9克,当归,9克,谷精草,9克,炒茺蔚子,9克,沙苑子,9克,陈皮,6克,谷芽,5克
菟丝子,1斤,控干,None,甘菊花,1斤
菟丝子,1两,泽泻,1两,鹿茸,1两,石龙芮,1两,肉桂,1两,附子,1两,石斛,3分,熟干地黄,3分,茯苓,3分,牛膝,3分,续断,3分,山萸肉,3分,肉苁蓉,3分,防风,3分,杜仲,3分,破故子,3分,毕澄茄,3分,沉香,3分,巴戟天,3分,小茴香,3分,五味子,0.5两,桑螵蛸,0.5两,芎?,0.5两,覆盆子,0.5两
菟丝子,30～60克,粳米,100克,白糖,None
生地,240克,天冬,240克,菊花,120克,枳壳,120克
枸杞子,60g,山萸肉,30g,沙苑子,30g,菊花,60g,生地,30g,白酒,1500ml
秦皮,9克,黄柏,9克,草决明,9克,黄连,9克,黄芩,9克,蕤仁,9克,栀子,7枚,大枣,5枚
陈皮,None,厚朴,None,苍术,None,莱菔子,None,柴胡,None,甘草,None,枳壳,None,草决明,None,桔梗,None,青皮,None,黄连,None,密蒙花,None,栀子,None,黄芩,None,神曲,None,家菊花,None
莲子,2两,菟丝子,5两,茯苓,1两,山药,2两
莲子,2两,菟丝子,5两,茯苓,1两,山药,2两
熟地,30克,白芍,15克,麦冬,15克,当归,30克,玉竹,15克,山萸肉,12克,五味子,3克,甘草,3克,甘菊花,6克,柴胡,1.5克
天冬,30克,麦冬,30克,生地,30克,熟地,30克,新罗参,30克,茯苓,30克,干山药,30克,枸杞子,23克,牛膝,23克,石斛,23克,草决明,23克,杏仁,23克,菊花,23克,菟丝子,23克,羚羊粉,23克,肉苁蓉,15克,五味子,15克,防风,15克,甘草,15克,沙苑子,15克,黄连,15克,枳壳,15克,川芎,15克,生乌犀,15克,青葙子,15克
山萸肉,60克,野台参,18克,柏子仁,30克,玄参,30克,菟丝子,30克,羊肝,1具
泽泻,7.5克,茯苓,7.5克,生地,15克,丹皮,15克,山莱萸,15克,当归梢,15克,五味子,15克,干山药,15克,柴胡,15克,熟地,60克
银耳,15克,枸杞子,15克,鸡肝,100克,茉莉花,24朵,水豆粉,None,料酒,None,姜汁,None,食盐,None
金银花,10克,连翘,10克,蒲公英,12克,龙胆草,10克,大黄,5克,蝉蜕,5克,菊花,10克,青葙子,10克,黄连,5克,黄芩,8克,甘草,3克,栀子,10克
仙茅,4两,山萸肉,2两,白何首乌,4两,萆薢,2两,赤何首乌,None,捶碎如枣核大,None,入黑豆同蒸,None,破故子,2两,黄精,4两,大怀生地黄,2两,大怀熟地黄,None,碗盛放砂锅内,None,日极黑,2两,苣胜子,2两,山药,2两,甘枸杞子,2两,天冬,2两,麦冬,2两,茯苓,None,人乳浸,None,辽五味子,2两,小茴香,2两,覆盆子,2两,拣参,2两,嫩鹿茸,2两,怀牛膝,2两,柏子仁,2两,大青盐,2两,杜仲,2两,当归身,2两,川巴戟,1两,菟丝子,None,入砂锅,None,酒煮烂,2两,肉苁蓉,2两,花椒,1两,远志,2两,锁阳,3两
鹿茄茸,4两,雄蚕蛾,4两,鹿角胶,4两,苣胜子,4两,人参,4两,哺退鸡蛋,7个,枸杞子,4两,当归,4两,肉苁蓉,4两,楮实子,4两,杜仲,4两,牛膝,4两,金樱子,4两,巴戟天,4两,锁阳,4两,葱子,4两,韭菜子,4两,故纸,4两,熟地,8两,鸽子蛋,5个,何首乌,1斤,次煎蒸,None
甘草,5.0g,黄连,5.0g,黄芩,15.0g,栀子,15.0g,龙胆草,10.0g,荆芥,10.0g,防风,10.0g,蔓荆子,10.0g,柴胡,10.0g
蔓荆子,15.0g,百蒺藜,15.0g,谷精草,15.0g,桑叶,15.0g,菊花,15.0g,赤芍,15.0g,密蒙花,10.0g,蝉蜕,10.0g,木贼,10.0g,薄荷,10.0g,甘草,10.0g
蝉蜕,10.0g,木贼,10.0g,荆芥,10.0g,防风,15.0g,金银花,20.0g,蒲公英,20.0g,菊花,20.0g,密蒙花,6.0g
党参,15.0g,黄芪,15.0g,白术,10.0g,当归,9.0g,陈皮,9.0g,柴胡,9升,甘杞,6.0g,熟地,15.0g,甘草,6.0g
石斛,10.0g,玉竹,10.0g,黄精,10.0g,生地,15.0g,桑椹子,20.0g,山萸肉,10.0g,丹参,15.0g,柴胡,10.0g,五味子,10.0g,枸杞子,15.0g
枸杞子,0.0g,菊花,0.0g,山萸肉,0.0g,山药肉,0.0g,丹皮,0.0g,泽泻,0.0g,熟地,0.0g,茯苓,0.0g
龙胆草,10.0g,栀子,10.0g,黄芩,10.0g,大黄,10.0g,生地,12.0g,泽泻,12.0g,草决明,15.0g,青箱子,15.0g,蒺藜,15.0g,前仁,30.0g,柴胡,6.0g,谷精草,15.0g
党参,0.0g,茯苓,0石,石菖蒲,0.0g,远志,0.0g,当归,0.0g,楮实子,0.0g,女贞子,0.0g,何首乌,0.0g,黄芪,0.0g,枸杞子,0.0g,菟丝子,0石,决明,0.0g
阿胶,0.0g,熟地,0.0g,山药,0.0g,苍术,0.0g,山萸肉,0石,决明,0.0g,黄芪,0.0g
石决明,9.0g,草决明,12.0g,茅术片,9.0g,车前子,9.0g,猪肝,120.0g
山楂,8.0g,鸡内金,8.0g,麦芽,8.0g,蒺藜,8.0g,茯苓,8.0g,槟榔,8.0g,枸杞子,8.0g,竹柴胡,8.0g,蔓荆子,8石,决明,15.0g,牡蛎,15.0g,鲜鸡肝,1枚
川羌,9.0g,野菊花,9.0g,金银花,9.0g,栀子,9.0g,板蓝根,9.0g,黄芩,9.0g,连翘,9.0g,草决明,9.0g,荆芥,6.0g,防风,6.0g,大青叶,6.0g
桑叶,10.0g,菊花,10.0g,红花,3.0g
海螵蛸,0文,蛤,0石,决明,0.0g,草决明,0.0g,凤凰衣,0.0g,制龙衣,0.0g,夜明沙,0.0g,当归,0.0g,白芍,0.0g,蒺藜,0.0g,珍珠草,0.0g,菊花,0.0g
熟地,12.0g,白芍,9.0g,麦冬,9.0g,阿胶,9.0g,甘草,4.5g,黑芝麻,12石,决明,18.0g,牡蛎,21.0g,菊花,9.0g,钩藤,3.0g,鳖甲,30.0g,龟板,30.0g
龙胆草,15.0g,青葙子,15.0g,草决明,15.0g,黄芩,12.0g,谷精草,12.0g,柴胡,12.0g,菊花,12.0g,车前子,9.0g,密蒙花,9.0g
木贼,15.0g,谷精草,12.0g,夏枯草,12.0g,生甘草,6.0g,金银花,10.0g,野菊花,10.0g,密蒙花,10.0g
枸杞子,15.0g,丝瓜络,15.0g,菊花,9.0g,山萸肉,9.0g,泽泻,9.0g,山药,9.0g,地黄,9.0g,丹皮,9.0g,茯苓,9.0g,当归,9.0g,珍珠母,30.0g,赤芍,9.0g
柴胡,10.0g,牧童,10.0g,紫草,10.0g,大青叶,10.0g,白菊花,10.0g,川芎,10.0g,赤芍,10.0g,荆芥,10.0g,薄荷,6.0g,甘草,6石,大黄,10.0g
夏枯草,12.0g,谷精草,12.0g,金银花,15.0g,野菊花,15.0g,大青叶,15.0g,连翘,12.0g,桑白皮,12.0g,蒺藜,12.0g,赤勺,12.0g,薄荷,6.0g,甘草,6.0g
桑芽孢,50.0g,雪茶,50.0g,草灵芝,50.0g,桑叶,80.0g,红三七,20.0g
川羌,15.0g,野菊花,15.0g,千里光,15.0g,夏枯草,15.0g,苦参,15.0g,桑白皮,20.0g,土茯苓,20.0g,薄荷,5.0g,木贼,10.0g,龙胆草,10.0g,赤芍,10.0g,甘草,10.0g
薄荷,0.0g,柴胡,0.0g,当归,0.0g,白芍,0.0g,白术,0.0g,茯苓,0.0g,甘草,0.0g,丹皮,0.0g,栀子,0.0g,甘菊花,0.0g
草决明,15.0g,熟地,10.0g,山药,10.0g,山萸肉,10石,石菖蒲,10.0g,茯苓,10.0g,菟丝子,10.0g,丹皮,12.0g
密蒙花,15.0g,菊花,15.0g,夏枯草,15.0g,川芎,12石,决明,20.0g,天麻,12.0g,钩藤,18.0g,牛膝,12.0g,桑寄生,12.0g,黄芩,12.0g,甘草,6.0g
羚羊粉,1.2g,制大黄,6.0g,神曲,6.0g,煅石决明,12.0g,枳壳,6.0g,甘草,3.0g,炒龙胆草,6.0g,夜明砂,9.0g,黄连,3.0g,川厚朴,3.0g,白芍,6.0g,谷精草,6.0g
防风,0.0g,柴胡,0.0g,桑叶,0.0g,菊花,0.0g,草决明,0.0g,蝉蜕,0.0g,甘草,0.0g
金银花,30.0g,蒲公英,30.0g,桔梗,12.0g,桑白皮,12.0g,生地,30.0g,人参,30.0g,荆芥,9.0g,防风,9.0g,蝉蜕,9.0g,菊花,12.0g,黄芩,9.0g,夏枯草,9.0g
熟地,10.0g,山药,8.0g,枸杞子,8.0g,山萸肉,8.0g,蒺藜,8.0g,谷精草,8.0g,茯苓,0.0g,川木通,0.0g,女贞子,0.0g,丹皮,0.0g,生地,0.0g,菊花,0石,决明,0.0g,草决明,0.0g,木贼,0.0g
菟丝子,0.0g,赭实子,0.0g,小胡麻,0.0g,五味子,0.0g,车前子,0.0g,木瓜,0.0g,寒水石,0.0g,紫河车,0.0g,生三七粉,0.0g
珍珠母,24.0g,草决明,12.0g,夏枯草,9.0g,菊花,4.0g,当归,9.0g,白芍,9.0g,何首乌,9.0g,沙苑子,9.0g,枸杞子,9.0g,生甘草,3.0g
黄柏,30.0g,菊花,15.0g
车前子,0.0g,牛蒡子,0.0g,女贞子,0.0g,青葙子,0.0g
栀子,0.0g,麦冬,0.0g,细辛,0.0g,黄芩,0.0g,玄参,0.0g,蒲公英,0.0g,板蓝根,0.0g,赤芍,0.0g,蔓荆子,0.0g,甘草,0.0g
人参,0.0g,当归,0.0g,丹参,0石,鸡血藤,0.0g,黄芪,0.0g,远志,0石,石菖蒲,0.0g,茯神,0.0g,菟丝子,0.0g,菊花,0石,决明,0.0g,生地,0.0g
丹皮,10.0g,丹参,10.0g,赤芍,10.0g,白芍,10.0g,白鲜皮,10.0g,豨莶草,10.0g,蒺藜,10.0g
枸杞子,0.0g,草决明,0.0g,当归,0.0g,太子参,0草0石,石菖蒲,0.0g
金银花,15.0g,玄归,6.0g,白芍,6.0g,车前子,6.0g,天花粉,6.0g,青黛,3.0g,槟榔,5.0g,神曲,10.0g,夜明砂,10.0g,谷精草,10.0g
肉苁蓉,15.0g,女贞子,10.0g,旱莲草,10.0g,破故子,15.0g,丹参,10.0g,当归,10.0g,生黄芪,15.0g,苍术,10.0g
龙胆草,12.0g,栀子,12.0g,黄芩,12.0g,柴胡,10.0g,川木通,12.0g,生地,18.0g,白芍,15.0g,丹皮,12.0g,板兰根,18.0g,菊花,15.0g,谷精草,30.0g,当归,18.0g
荜茇,1分,胡椒,1分,肉桂,1分,米,3合
金液丹,None,青州白丸子,None
当归,2钱,熟地,2钱,生地,1钱,黄连,1钱,黄芩,1钱,黄柏,1钱,黄芪,3钱,防风,1钱,麻黄根,1钱,浮小麦,1钱
黄芪,6钱,甘草,1钱5分,人参,1钱
大枣,90.0g,硫磺,30.0g
松香,6克,樟丹,6克,硫黄,6克,黄柏,6克,铅粉,1克
花椒,1两,皂角,1两,细辛,1两5钱
白芨,15.0g,川贝,10.0g,知母,10.0g,金银花,15.0g,天花粉,10.0g,乳香,6.0g,半夏,10.0g,穿山甲,10.0g,皂角刺,10.0g
连翘,1两,沉香,1两,玄参,1两,大黄,2两,川升麻,1两,桑根白皮,1两,蓝子,1两,犀角屑,2两,寒水石,3两,露蜂房,1两,川朴消,2两
赤石脂,1两,干姜,1两,肉豆蔻,1两
白术,5钱,黄柏,2钱,生地,2钱,白芍,2钱,黄芩,2钱,地榆,2钱,香附,2钱
麻黄,4两,苍术,8两,陈皮,2两,肉桂,2两,杏仁,2两,甘草,2两
钩藤,1两,使君子,1分,干蝎,1分,人参,1分,黄芩,1分,大黄,1分,犀角屑,1分,蚱蝉,3枚,甘草,0.5两,川升麻,0.5两,石膏,0.5两
茅花,None,当归,None,丹皮,None,生地,None,甘草,None
黄连,2.0g,黄芩,2.0g,黄柏,2.0g,栀子,1.5g,半夏,2.0g,大黄,1.5g,木香,1.5g,柴胡,1.5g,陈皮,1.5g,白芍,1.5g
熟地,5钱,款冬花,1钱,山萸肉,2钱,麦冬,5钱,地骨皮,5钱,川贝,1钱,苏子,1钱,山药,3钱,芡实,3钱,百部,3分
黄连,1两,天花粉,1两,麦冬,1两半,知母,3分,茯神,3分
硫黄,2两,明雄黄,2两,朱砂,2两,赤石脂,2两,紫石英,2两,阳起石,None,醋淬,None
熟地,1.5g,白芍,1.5g,当归,1.5g,川芎,1.5g,鸡血藤,2.0g,川牛膝,1.5g,独活,1.5g,川羌,1.5g,防风,1.5g,黄芪,2.0g,甘草,1.0g
白术,1两半,枳实,1两半,半夏,1两半,神曲,3两,苍术,1两半,卜子,3两,草蔻,1两半,黄连,6钱,葛花,1两半,泽泻,1两半
人参,1两,百合,1两,白术,1两,山药,1两,茯苓,1两,甘草,0.5两
黄芪,20.0g,板兰根,20.0g,冬虫夏草,6.0g,甘草,6.0g,土茯苓,30.0g,败酱草,15.0g,白花蛇舌草,15.0g,丹皮,15.0g,乌齿苋,30.0g,穿山甲,10.0g
人参,None,黄芪,None,当归,None,甘草,None,蝉蜕,None
硼砂,45.0g,冰片,9.0g,薄荷脑,9.0g,玄明粉,9.0g
生地汁半盏,None,童便半盏,None
生地,12.0g,藕节,12.0g,枇杷叶,12.0g,黄芩,12.0g,麦冬,12.0g,玄参,12.0g,丹皮,10.0g,怀牛膝,10.0g,甘草,6.0g
鳖甲,None,醋浸,0.5两,常山,0.5两,蜀漆叶,0.5两,乌贼鱼骨,0.5两,附子,0.5两,知母,1分,花椒,1分,黄芪,3分,柴胡,3分
黄芪,60.0g,地龙,10.0g,当归,10.0g,川芎,10.0g,王不留行,10.0g,赤芍,10.0g,牛膝,10.0g,琥珀米,3.0g,皂角刺,6.0g,夏枯草,15.0g,牡蛎,30.0g
人参,None,黄芪,None,白术,None,茯苓,None,当归,None,生地,None,甘草,None,酸枣仁,None,干姜,None,鹿角胶,None
人参,5两,天冬,5两,怀生地黄,5两,怀熟地黄,5两,麦冬,5两,怀牛膝,5两,甘枸杞子,8两,白何首乌,8两,赤何首乌,8两,老鹿茸,None,截,2寸,劈两片,20两
铅粉,1钱,铅粉,1钱,密陀僧,0.5钱,龙骨,0.5钱,轻粉,3钱,朴消,1钱,铅白霜,1钱,樟脑,0.5两,花碱,6钱,玉霜,1两3钱
桔梗,None,远志,None,半夏,15.0g,麦芽,15.0g,陈皮,10.0g,薤白,10.0g
芒硝,10.0g,大黄,10.0g,代赭石,20.0g,柴胡,15.0g
光明朱砂,2两,白矾,2两,金箔,50片
川乌,2钱半,莲须,2钱半,朱砂,2钱半,乳香,2钱,没药,2钱,轻粉,1钱,蟾酥,1钱,麝香,0.5钱
四物汤,4两,琥珀,5钱,茯苓,5钱
山萸肉,120克,柏子仁,15克,远志,15克,覆盆子,30克,山药,30克
土茯苓,1斤,蜂蜜,1斤,糯米粉,1斤
苍术,15.0g,茯苓,15.0g,半夏,15.0g,陈皮,10.0g,黄连,10.0g,木香,15.0g,白豆蔻,10.0g,厚朴,12.0g,枳壳,12.0g,川芎,15.0g,防风,15.0g,沉香,10.0g,独活,15.0g,薏苡仁,30.0g,大腹皮,15.0g,甘草,6.0g
沉香,1两,木香,1两,葫芦巴,1两,小茴香,1两,川楝肉,1两,大茴香,1两,菟丝子,1两,巴戟天,1两,牛膝,1两,杜仲,1两,钟乳粉,1两,续断,1两,交趾桂,1两,鹿茸,1两,山药,1两,破故子,1两,肉豆蔻,1两,阳起石,1两,银朱,1两,黑锡丹头,2两
桑寄生,15.0g,草决明,30.0g,山楂,30.0g,葛根,15.0g
白芍,2.0g,当归,2.0g,桃仁,1.5g,香附,1.5g,青皮,1.5g,蒲黄,1.5g,益母草,2.0g,陈皮,1.5g,黄芪,1.5g
扁蓄,30.0g,瞿麦,15.0g,川木通,10.0g,车前子,10.0g,萆薢,10.0g,栀子,10.0g,酒制黄柏,20.0g,滑石,10.0g,连翘,10.0g,金钱草,20.0g,甘草,10.0g
黄连,9克,阿胶,9克,黄芩,6克,炒生地,12克,生白芍,15克,甘草,4.5克
茯苓,1两,当归,0.5两,白芍,0.5两,川芎,0.5两,肉桂,0.5两,黄芪,0.5两,人参,0.5两,熟干地黄,0.5两
麻黄,1两,黑花蛇,6钱,天麻,5钱,白附子,5钱,干姜,5钱,川芎,5钱,附子,5钱,草乌,5钱,全蝎,3钱5分
黄柏,3两,人参,3两,地榆,3两,阿胶,3两,黄连,5两,茯苓,4两,榉皮,4两,艾叶,1升
丹皮,1分,当归,1分,木香,1分,三棱,1分,半夏,0.5两,生姜自然汁和为饼,None,青皮,0.5两,枳实,0.5两,槟榔,1两
川芎,9克,当归,30克,鲜首乌,15克,青皮,4.5克,草蔻,3克,柴胡,1.8克,枳壳,4.5克,甘草,2.4克
苏梗,8分,人参,5分,陈皮,5分,甘草,5分,当归,1钱2分,川芎,7分,白芍,1钱,黄芩,1钱,白术,1钱,枳壳,1钱,大腹皮,3钱,砂仁,6分,去衣,1钱,姜汁炒厚朴,1钱,葱头,5个
川芎,1两,藁本,1两,楝花,1两,公丁香,2两,英粉,0.5升
川贝,1钱,知母,1钱,半夏,1钱,秦艽,1钱,葶苈子,5分,甘草,5分,杏仁,8分,橘红,1钱2分
板蓝根,15.0g,生地,15.0g,金银花,10.0g,蒲公英,10.0g,连翘,10.0g,山豆根,10.0g,丹皮,10.0g,赤芍,10.0g,女贞子,10.0g,菟丝子,10.0g,枸杞子,20.0g
生黄芪,30.0g,知母,10.0g,当归,10.0g,桂枝,10.0g,柴胡,10.0g,乳香,6.0g,没药,6.0g,丹参,15.0g,香附,10.0g
当归,None,赤芍,None,刘寄奴,None,枳壳,None,元胡,None,没药,None
鲜竹笋,None,鲫鱼,None
麻黄,3.0g,杏仁,9.0g,石膏,24.0g,甘草,6.0g,金银花,15.0g,大青叶,15.0g,鱼腥草,15.0g,前胡,9.0g,葶苈子,9.0g
何首乌,15.0g,黑芝麻,15.0g,女贞子,15.0g,菟丝子,12.0g,蔓荆子,15.0g,蝉蜕,15.0g,天冬,15.0g,荷叶顶,15.0g,蜈蚣,6.0g,钩藤,20.0g,龙骨,60.0g
苍耳子,1两,硇砂,3钱半,雄黄,3钱,蟾酥,None
黄柏,None,黄连,None,胡连,None,芦荟,None,诃黎勒皮,None
黄芪,15.0g,茯苓,15.0g,白芍,25.0g,白术,12.0g,生甘草,10.0g,金银花,30.0g,扁蓄,30.0g,瞿麦,30石,苇,30.0g,土茯苓,30.0g,泽泻,20.0g,连翘,20.0g
藿香,20.0g,厚朴,12.0g,半夏,12.0g,陈皮,10.0g,砂仁,10.0g,木香,12.0g,茵陈蒿,15.0g,茯苓,12.0g,薏苡仁,20.0g,麦冬,15.0g,乌梅,12.0g,川羌,15.0g,甘草,6.0g
虎骨,1两,防风,1两,白芍,1两,秦艽,1两,白芷,1两,茯苓,1两,川归,1两,续断,1两,白术,1两,附子,7钱
艾叶,2两,丹参,2两,当归,2两,麻黄,2两,人参,3两,阿胶,3两,甘草,1两,干姜,6两,大枣,12枚
广木香,0.0g,厚朴,0.0g,枳实,0.0g,赤芍,0.0g,桃仁,0.0g,郁金,0.0g,栀子,0.0g,茵陈蒿,0.0g,大黄,0.0g,芒硝,0.0g
白芍,None,当归,None,生地,None,陈皮,None,甘草,None,竹心,None,灯心草,None,天花粉,None,知母,None,柴胡,None
禹余粮,75克,海螵蛸,75克,吴茱萸,75克,肉桂,75克,花椒,75克,当归,38克,白术,38克,细辛,38克,生地,38克,人参,38克,白芍,38克,川芎,38克,前胡,38克,干姜,90克,白矾,8克,白薇,23克,紫菀,23克,黄芩,23克,土元,30克
黄连,1.5g,半夏,1.5g,陈皮,1.0g,茯苓,1.5g,枳壳,1.5g,竹茹,2.0g,甘草,0.5g,柴胡,1.0g,白芍,1.5g,胆南星,1.0g,牡蛎,2.0g,丹参,1.5g
白术,15.0g,厚卜,12.0g,陈皮,10.0g,甘草,6.0g,藿香,15.0g,白芨,15.0g,三七,6.0g,黄芪,20.0g,侧柏炭,15.0g,谷牙,15.0g
朱砂,1两,以水丸作,None,球,None,阳起石,1两,以水和作饼,None,裹前辰砂,None,龙齿,1两,水和作饼,None,牡蛎,1两,以水和作饼,None,裹前药,None
当归,1两,黄芪,1两,白芷,1两,白芍,1两,半夏,1两,木鳖子,1两,铜绿,1两,白胶香,1斤半,乳香,1两,没药,1两,麻油,1斤
黄芩,1-2钱,石斛,1-2钱,川木通,1-2钱,栀子,1-2钱,黄柏,1-2钱,枳壳,1钱半,泽泻,1钱半,细甘草,3分
水银,5钱,净火消,5钱,白矾,5钱,黑矾,5钱,炒白盐,5钱
南沙参,0.0g,明天冬,0.0g,桃仁泥,0.0g,矮地茶,0.0g,重楼,0.0g,蒸百部,0.0g,炙枇杷叶,0.0g,甘草,0.0g
黄芪,1两,熟干地黄,1两,土瓜根,1两,玄参,3分,栝蒌根,1两,白龙骨,1两,菝葜,1两,牡蛎,1两,人参,3分,桑螵蛸,3分,五味子,1两,沉香,1两
独活,1钱,细辛,1钱,附子,1钱,甘菊花,1钱,麻黄,1钱,白芷,1钱,五味子,1钱,紫菀茸,1钱,赤苓,1钱,肉桂,1钱,白术,1钱,川芎,1钱,桑白皮,1钱,杏仁,1钱,防风,1钱,甘草,0.5钱
二陈汤,None,四物汤二方相合,None,去地黄,None,加南星,None,青皮,None,香附,None,真青黛,None
半夏,12.0g,干姜,9.0g,黄连,3.0g,黄芩,9.0g,党参,9.0g,大枣,4枚,甘草,9.0g,大黄,3.0g
乳香,None,苍术,None,细辛,None,甘松,None,云香,None
藿香,None,白芍,None,米囊皮,None,黄芪,None,甘草,None,当归,None,茯苓,None,泽兰,None,白头翁,None,附子,None,干姜,None,川芎,None,蒿豉饼子,None
炙黄芪,30.0g,当归,15.0g,熟地,20.0g,生地,20.0g,白芍,20.0g,麦芍,15.0g,麦冬,15.0g,元冬,15.0g,利蒺藜,30.0g,白鲜皮,15.0g,威灵仙,15.0g,苍耳子,15.0g
榜嘎,60g,波棱瓜子,30g,秦艽花,40g,獐牙菜,40g,巴夏嘎,40g,苦荬菜,40g,洪连,40g,小檗皮,40g,节裂角茴香,40g,金腰草,30g,牛黄,3g,红花,20g,止泻木子,30g
山羊血,3钱,石菖蒲,2钱,人参,3钱,红花,1钱,皂角刺,1钱,制半夏,3钱,苏叶,2钱,麝香,1钱
枸杞子,None,鱼鳔,None,菟丝子,None,何首乌,None,茯苓,None,楮实子,None
天冬,1钱5分,麦冬,1钱5分,生地,5钱,人参,1钱,北沙参,4钱,龟板,8钱,玉竹,3钱,石斛,3钱,茜草,2钱,瓜蒌,3钱,山药,3钱,川贝,2钱,杏仁,3钱,淡竹叶,10张,鸡子清,1个,藕,3两
肉苁蓉,12.0g,当归,15.0g,牛膝,15.0g,泽泻,15.0g,山甲珠,15.0g,桃仁,15升,枳壳,6.0g,川木通,20.0g,车前子,20.0g,滑石,20.0g
木香,0.0g,厚朴,0.0g,枳壳,0.0g,乌药,0.0g,香附,0.0g,蒌皮仁,0.0g,莱菔子,0.0g,芒硝,0.0g,大黄,0.0g
防风,1两,五加皮,1两,萆薢,1两,薏苡仁,1两,杜仲,1两半,牛膝,1两半,海桐皮,1两,肉桂,1两,枳壳,1两,赤芍,1两,续断,3分,牛蒡子,3分,黄芪,1两,熟干地黄,1两,羚羊角屑,3分
土茯苓,30.0g,滑石,30.0g,萆薢,20.0g,苍术,15.0g,黄柏,15.0g,车前子,15.0g,瞿麦,15.0g,川木通,10.0g,扁蓄,10.0g,栀子,10.0g,大黄,10.0g,甘草,3.0g
娑罗子,4两,瓦楞子,4两,陈香橼,2只,陈木瓜,2只,生蛤壳,2斤
覆盆子,1两,细辛,0.5两,当归,0.5两,草决明,0.5两,芎?,0.5两,五味子,0.5两,人参,0.5两,茯苓,0.5两,川羌,0.5两,肉桂,0.5两,柏子仁,0.5两,防风,0.5两,甘菊花,0.5两,枸杞子,0.5两,车前子,0.5两,甘草,0.5两
金银花,24.0g,麦冬,12.0g,桔梗,9.0g,射干,9.0g,锦灯笼,9.0g,蝉蜕,9.0g,木蝴蝶,9.0g,赤芍,9.0g,薄荷,6.0g,生甘草,6.0g
熟地,5两,人参两半,None,黄芪,3两,酸枣仁,3两,当归,3两,白芍两半,None,远志两半,None,麦冬,3两,肉桂,5钱,朱砂,1两,茯神,2两,甘草,5钱
北沙参,10.0g,茯苓,10.0g,熟地,10.0g,制半夏,6.0g,当归,6.0g,陈皮,4.0g,甘草,4.0g,干姜,3.0g
半夏,18.0g,黄连,10.0g,黄芩,12.0g,干姜,3.0g,檀香,10.0g,丹参,20.0g,木香,12.0g,白芨,15.0g,桃仁,12.0g,陈皮,10.0g,乌梅,10.0g,白芍,15.0g,甘草,6.0g
升麻,2两,黄连,2两,大黄,2两,川芎,2两,羚羊粉,2两,红花,2两,当归,2两,甘草,2两,黄芩,3两,金银花,3两
柴胡,100g,当归,100g,白芍,100g,白术,100g,茯苓,100g,甘草,80g,薄荷,20g
白鲜皮,50.0g,徐长卿,50.0g,龙葵,25.0g,蛇床子,20.0g,樟脑,10.0g,薄荷脑,10.0g,水杨酸,10.0g,脲素,20.0g,乙醇,650ml,蒸馏水,1000ml
山栀子仁,22克,大青叶,30克,升麻,30克,阿胶,15克
蒲公英,30.0g,栀子,9.0g,三七,6.0g,白术,15.0g,香附,9.0g,神曲,15.0g
五倍子,None,蜜陀僧,None
大蒜,15.0g,胡连,15.0g
厚朴,1两半,赤苓,1两半,陈皮,None,人参,1两
商草,1两,贯众,1两
山萸肉,2.0g,生地,2.0g,山药,2.0g,丹皮,1.5g,泽泻,1.0g,知母,1.5g,黄柏,1.5g,牡蛎,2.0g,夏枯草,2.0g,大黄,1.5g,当归,2.0g,白芍,2.0g
白术,None,细辛,None,当归,None,草决明,None,芎?,None,茯苓,None,川羌,None,五味子,None,人参,None,菊花,None,防风,None,地骨皮,None,苦参,None,玄参,None,甘草,None,车前子,None,肉桂,None,黄芩,None,青葙子,None
黑丑,3两,枳实,1两5钱,橘红,1两5钱,白芥子,1两,朴消,3钱,白矾,2钱5分,熟矾,2钱5分,皂角,1钱5分
蓼叶,1两,侧柏叶,1两,樟丹,1两,铅粉,1两,附子,1两,粟米,1两,胆矾,1两,大黄,1两,白矾,1两,蛇蜕皮,1两,干蟾,1两,雄蚕蛾,1两,密陀僧,1两,榠樝,None
藁本,1分,葶苈子,1分,红大戟,0.5两,花椒,0.5两,泽漆,0.5两,巴豆,0.5两,赤小豆,0.5两,泽泻,0.5两,甘遂,1两,黑丑,1分,连翘,0.5两
半夏,None,猪苓,2两
箭头砂,5分,乳香,5分,冰片,1分,珍珠,2分,琥珀,1分,牛黄,2分,麝香,7厘
甘遂,1两,紫大戟,1两,白芥子,1两,木鳖子,1两,肉桂,5钱
莪术,0.5两,三棱,0.5两,肉桂,0.5两,青皮,0.5两,益智仁,0.5两,巴豆,2两,出油,None
天南星,4两,半夏,None,味同锉细,None,以生姜自然汁浸,None,青皮,4两,陈皮,4两,苏子,4两,赤苓,4两,枳壳,None,桔梗,4两,槟榔,2两,干姜,2两,高良姜,None,同巴豆,14粒,捶碎,None,同炒焦黄色,None,用纸包定,None,安土地上候冷,2两,砂仁,2两,白扁豆,2两,大腹皮,2两
柴胡,None,黄芩,None,半夏,None,甘草,None,陈皮,None,白茯,None,栀子,None,赤芍,None,薏苡仁,None,川贝,None
白矾灰,1分,赤小豆,200粒,藜芦,1分,公丁香,1分,黄连,1分,麝香,1分,熊胆,1分,胡连,1分,干虾蟆灰,1分
麻黄,1斤,厚朴,0.5斤,甘草,4两,大黄,4两
厚朴,6两,白术,3两,干姜,2两,甘草,2两
虎骨,5铢,茯苓,2铢,甘草,2铢,藁本,2铢,防风,2铢,白芷,2铢,当归,3钱,白芍,3钱,续断,3钱,吴术,3钱,附子,3钱
甘草,None,干葛花,None,葛根,None,砂仁,None,贯众,None
制谷芽,4两,制法,None,用糯谷,3-4升,韭叶捣汁浸数日,None,候谷出芽,None,取起筛盛,None,微日晒略干,None,即以韭菜汁洒之,None,以芽带绿色为度,None,人参,1两,以党参,None,芡实,2两,莲子,4两,连皮入猪肚内煮透,None
花蕊石,1两,川羌,5钱,乳香,5钱,没药,5钱,乌头,5钱,大黄,5钱,米粉,4两,葱白,1两
厚朴,None,生姜汁炙,1两,白术,1两,鳖甲,1两,柴胡,1两,石斛,1两,肉豆蔻,1两,地骨皮,1两,犀角,1两,茯苓,1两,人参,1两,甘草,1两,青木香,0.5两
黄连,5分,黄芩,1钱,黄柏,1钱,连翘,1钱5分,丹皮,2钱,栀子,1钱5分,赤芍,1钱,薄荷,1钱
麦芽,45克,半夏,45克,砂仁,45克,神曲,45克,硇砂,60克,甘草,60克,青皮,60克,陈皮,60克,郁金,60克,赤小豆,60克,藿香,60克,棠球,60克,莪术,60克,良姜,60克,荜茇,60克,公丁香,15克
郁金,10.0g,丹参,10.0g,黄连,6.0g,半夏,10.0g,酸枣仁,10.0g,甘草,15.0g
桑螵蛸,100.0g,马齿苋,300.0g,露蜂房,150升,王不留行,200.0g
没药,None,红花,None,元胡,None,当归,None
金铃子肉,None,芦巴子,1两,破故子,1两,萆薢,1两,小茴香,3两,苍术,2两,附子,1个
柴胡,20.0g,黄芩,15.0g,半夏,10.0g,厚朴,10.0g,陈皮,10.0g,枳壳,10.0g,焦三仙,30.0g,白术,20.0g,川芎,15.0g,酸枣仁,20.0g,茯苓,20.0g
诃子,1两,甘草,1分
草决明,1两半,秦皮,1两,甘菊花,1两,细辛,3分,羚羊粉,1两,赤芍,1两半,麦冬,1两,升麻,1两,黄芩,1两,黄连,1两,朴消,1两半,甘草,1两
丹参,5钱,人参,5钱,石菖蒲,5钱,远志,6钱,酸枣仁,6钱,柏子仁,6钱半,天冬,1两,麦冬,1两,熟地,3钱,干山药,3钱,生地,3钱半,当归,4钱半,茯神,7钱,甘草,7钱,朱砂,5钱,地骨皮,5钱,五味子,5钱,茯苓,7钱半
羚羊角屑,3分,独活,1两,当归,3分,防风,1两,人参,0.5两,赤芍,0.5两,细辛,0.5两,肉桂,0.5两,麻黄,1两
桂枝,None,白芍,None,甘草,None,当归,None,黄芪,None
靳蛇,10.0g,苍耳子,10.0g,土茯苓,30.0g,何首乌,30.0g,酸枣仁,15.0g,牡蛎,30.0g,黄芪,15.0g,桂枝,10.0g,白芍,10.0g,炙干草,3.0g,大枣,3枚,干姜,3片
败酱草,8分,当归,8分,川芎,6分,白芍,6分,肉桂,6分
菊花,1两,茯神,1两,防风,1两,玄参,1两,升麻,1两,石膏,1两,芎?,1两,葛根,1两,大黄,1两半
泽泻,0.0g,金龟莲,0.0g
天麻,1分,麻黄,1分,全蝎,1钱,破故子,1钱
蓖麻子,7枚,鸡子,1枚
白芍,7钱,栀子,3钱,甘草,1钱,当归,3钱,生地,5钱,陈皮,8分
白芍,18.0g,当归,18.0g,秦皮,15.0g,黄连,10.0g,黄柏,12.0g,木香,15.0g,槟榔,15.0g,半夏,15.0g,陈皮,15.0g,党参,30.0g,白头翁,20.0g,葛根,18.0g,甘草,10.0g
半枝莲,30.0g,白花蛇舌草,30.0g,黄柏,30.0g,土茯苓,30.0g,红藤,30.0g
黄芪,2两,肉桂,2两,巴戟天,2两,石斛,2两,泽泻,2两,茯苓,2两,柏子仁,2两,干姜,2两,花椒,2两,防风,2两,独活,2两,人参,2两,天雄,1两,白芍,1两,附子,1两,乌头,1两,茵芋,1两,半夏,1两,细辛,1两,白术,1两,黄芩,1两,天花粉,1两,山萸肉,1两
冬葵子,0.5两,蒲黄,0.5两
芽茶,3钱,干姜,3钱,蜂蜡,1分,盐,1撮,车前草叶,7片
白术,18克,当归身,6克,陈皮,6克,厚朴,4.5克,生明乳香,4.5克,生明没药,4.5克
金银花,15.0g,连翘,15.0g,桔梗,6.0g,薄荷,6.0g,竹叶,4.0g,生甘草,5.0g,荆芥,4.0g,淡豆豉,5.0g,牛蒡子,6.0g
黄连,2.0g,枳壳,10.0g,法夏,10.0g,陈皮,10.0g,茯苓,12.0g,胆南星,10.0g,郁金,10.0g,瓜蒌壳,15.0g,白术,10.0g,党参,10.0g,丹参,15.0g,川芎,15.0g
王不留行,5钱,泽泻,3钱,白术,3钱
当归,1钱,白芍,1钱,人参,1钱,麦冬,1钱,石斛,1钱,通草,1钱,栀子,7分
香附,500克,用童便浸,250克,用好醋浸,60克,好艾,120克,再加好醋,1升,入砂锅内煮干为度,60克,日中晒干,60克,没药,60克,当归,60克,川芎,60克,熟地,60克,生地,60克,白芍,60克,琥珀,30克
黄连,0.5两,附子,1分
刺蓟,1两,生麦门冬,1两,生干地黄,1两,鸡苏,0.5两,赤苓,0.5两,青竹茹,0.5两
雷丸,3分,牡蛎,3分,黄芩,3分,细辛,3分,蛇床子,1两
食盐,0.5斤,大青盐,4两
童子狗,1只,地骨皮,1斤,前胡,4两,黄芪,4两,苁蓉,2两,当归末,4两,莲子,1斤,平胃散,2斤
鸡肠,0.5两,牡蛎灰,0.5两,茯苓,0.5两,真桑螵蛸,0.5两,辣桂,2钱半,龙骨,2钱半
黄连,12.0g,秦皮,15.0g,白头翁,20.0g,半夏,15.0g,木香,15.0g,白芍,20.0g,地榆,15.0g,当归,20.0g,沉香,10.0g,黄芪,30.0g,白术,20.0g,元胡,15.0g,大黄,6.0g
防风,1两,甘草,1两,黄芩,3分,当归,1两,赤苓,1两,秦艽,3分,葛根,3分,肉桂,1两,杏仁,None,尖双仁,1两,麻黄,None,煎掠去沫,0.5两
黄芪,1两,连翘,1两,大黄,1分,漏芦,1两,甘草,0.5两,沉香,1两
黄芩,2钱,干姜,2钱,甘草,2钱,半夏,2钱
蒲公英,30.0g,败酱草,15.0g,大红藤,15.0g,皂角刺,10.0g,穿山甲,10.0g,桃仁,10.0g,红花,10.0g,路路通,10.0g,甘草,5.0g
柴胡,None,黄芩,None,栀子,None,白芍,None,青皮,None,枳壳,None
磁石,30.0g,稀莶草,20.0g,玄参,10.0g,车前草,20.0g,小蓟,20.0g,夏枯草,20.0g,益母草,20.0g
净轻粉,25g,樟丹,25g,真铜绿,15g,炙乳香,15g,炙没药,15g,血余炭,50g,蜂蜡,50g,香油,100g
黄芪,30.0g,生地,30.0g,熟地,30.0g,当归,12.0g,黄芩,12.0g,黄柏,12.0g,黄连,6.0g
桂枝,1两,赤芍,1两,人参,1两,甘草,0.5两
枳实,60.0g,白术,40.0g
木香,15.0g,半夏,15.0g,陈皮,10.0g,元胡,15.0g,黄连,10.0g,秦皮,12.0g,白芍,15.0g,柴胡,10.0g,麦芽,20.0g,建曲,15.0g,防风,15.0g,甘草,6.0g
黄连,3钱,当归尾,5钱,生地,1两,黄柏,3钱,姜黄,3钱,官白芷,3钱,香油,1斤2两
半夏,15.0g,黄连,10.0g,黄芩,10.0g,干姜,6.0g,党参,30.0g,藿香,30.0g,木香,10.0g,厚朴,15.0g,陈皮,10.0g,茵陈蒿,15.0g,槟榔,15.0g,蔻壳,10.0g,苍术,12.0g,柴胡,10.0g
夏枯草,30.0g,换香树果荚,30.0g,白糖,30.0g
川木通,5分,滑石,5分,牵牛头末,2钱5分
防风,4两,白术,4两,知母,4两,干姜,5两,半夏,5两,白芍,3两,杏仁,3两,甘草,3两,芎?,3两,肉桂,4两
当归,3克,人参,3克,川芎,3克,甘草,3克,炒干姜,1.5克,百草霜,3克
枸杞子,20.0g,菟丝子,10.0g,牛膝,10.0g,淫羊藿,10.0g,黄芪,30.0g,当归,15.0g,何首乌,15.0g,山药,15.0g,续断,12.0g,白术,12.0g,车前子,9.0g
桂枝,1.5g,茯苓,2.0g,赤芍,1.5g,桃仁,1.5g,当归,1.5g,香附,1.5g,蒲公英,2.0g,薏苡仁,2.0g,青皮,1.5g,木香,1.0g,丹皮,1.0g,元胡,1.5g
生石决明,30.0g,珍珠母,30.0g,黄连,2.4g,龙胆草,3.0g,生白芍,15.0g,怀牛膝,15.0g,青葙子,9.0g,羚羊粉,3.0g,生玳瑁,12.0g,桑叶,6.0g,菊花,9.0g,谷精草,6.0g
良姜,None,草乌,None,芥穗,None,细辛,None,乳香,None,白芷,None,真川椒,None,僵蚕,None,猪牙皂角,None
铅粉,None,大柏,None,黄连,None
太子参,30.0g,五味子,12.0g,麦冬,15.0g,黄芪,20.0g,丹参,20.0g,瓜壳,15.0g,桂枝,12.0g,甘草,10.0g
巨胜子不限多少,None,蒸曝,None
鳖甲,1两,常山,1两,白芍,1两,柴胡,1两,白术,2两,牡蛎,0.5两
当归,None,楮实子,1两半,川楝子,1两半,全蝎,40个,巴豆,7个
黄柏,50.0g,粉樟,5.0g,脑水杨醋,45.0g
炙黄耆,3钱,防风根,5钱,云茯苓,3钱,制半夏钱半,None,甘草,5分,福橘皮,1钱,当归身,3钱,人参,1钱半,桂水炒白芍,1钱半,豨莶,3钱,麸炒枳实,5分
夏枯草,10克,龙胆草,3克,益母草,10克,白芍,10克,甘草,6克
莪术,7.5克,三棱,7.5克,干姜,60克,青皮,60克,陈皮,60克,木香,60克,公丁香,60克,巴豆,21粒,绿小细茱萸,6克
大黄,None,黄连,None,黄芩,None,黄柏,None,枳壳,None,白芍,None,当归,None,滑石,None,甘草,None,白术,None,桃仁,None
生蟹足,0.5两,白蔹,0.5两
蒲公英,None,青皮,1.5g,枳实,1.0g,乳香,1.0g,益母草,2.0g
吴茱萸,3.0g,黄连,10.0g,半夏,12.0g,明参,30.0g,陈皮,10.0g,檀香,10.0g,砂仁,10.0g,木香,12.0g,丹参,20.0g,甘草,6.0g,白术,15.0g
黄芪,30.0g,党参,20.0g,当归,18.0g,白术,15.0g,陈皮,12.0g,升麻,10.0g,柴胡,15.0g,甘草,10.0g,麦冬,12.0g,五味子,10.0g,黄芩,10.0g,薏苡仁,30.0g,半夏,12.0g,牡蛎,20.0g
白花蛇舌草,30.0g,马鞭草,30.0g,蛤蟆草,30.0g,车前草,30.0g,白茅根,30.0g,肉桂,3.0g,黄柏,10.0g,甘草,6.0g
当归,1两半,黄芪,1两半,白芍,1两半,肉桂,1两,芎?,1两,甘草,1两,人参,1两,柴胡,1两
防风,15.0g,附片,10.0g,天麻,10.0g,酸枣仁,15.0g,羚羊粉,7.5g,上桂心,5.0g,川羌活,15.0g,甘草,5.0g,玄参,15石,石菖蒲,10.0g
羚羊粉,0.6g,防风,6g,知母,9g,玄参,9g,茯苓,9g,酒黄芩,9g,车前子,9g,夏枯草,9g,五味子,3g
赤何首乌,8两,白何首乌,8两,米泔水浸,None,瓷瓦片刮去粗皮,None,捶碎,None,如指顶大,None,取黑豆,None,牛膝酒洗同入砂锅木甑,None,铺作数层,None,上多盖黑豆蒸之,None,待黑豆香熟取出晒干,None,务以,None,菟丝子,8两,砂锅煮裂,None,入石臼中捣成饼,None,杵碎,None,用人乳拌,None,川当归,8两,浙贝,8两,续断,4两,有烟尘出者,None,枸杞子,8两,山萸肉,8两,川牛膝,8两,以手折断,None,破故子,4两,芡实,8两,莲子,8两,茯苓,8两,赤苓,8两,牛乳拌,None,远志,8两,辽参量其人可服几何,8两
紫石英,45克,钟乳石粉,45克,白石英,45克,赤石脂,30克,石膏,30克,五味子,30克,熟干地黄,45克,麦冬,45克,黄芪,30克,茯苓,30克,白术,30克,当归,30克,人参,30克,甘草,None,肉桂,30克,川芎,30克
羚羊角屑,1两,前胡,1两,人参,1两,肉桂,1两,白芍,1两,大腹皮,1两,芦根,1两,甘草,1两,当归,1两
茵陈蒿,30.0g,生栀子,10.0g,川黄柏,10.0g,白茶苓,10.0g,大黄,6.0g,板蓝根,15.0g,车前子,15.0g
防风,None,柴胡,None,白术,None,木香,None,川木通,None,炒厚朴,None,陈皮,None,甘草,None
苍术,1.5g,白术,1.5g,薏苡仁,3.0g,黄柏,1.5g,滑石,2.0g,连翘,1.5g,防风,2.0g,海桐皮,2.0g,威灵仙,1.5g,姜黄,1.5g
露蜂房,3分,乱发,3分
黄芪,10克,诃子,10克,生地,10克,乌梅,10克,豨莶草,10克,柴胡,3克,防风,6克,蜂蜜,30克
落花生,45g,粳米,2两,冰糖,30g,或加百合,15g
柴胡,None,黄芩,None,川芎,None,葛根,None,当归,None,紫苏,None,葱白,None,陈皮,None
黄芩,2.0g,黄连,1.5g,黄柏,1.5g,大黄,1.5g,桑白皮,3.0g,杏仁,2.0g,薄荷,1.5g,枳壳,1.5g,瓜蒌,2.0g,车前子,2.0g
龙胆草,12.0g,栀子,12.0g,茵陈蒿,15.0g,柴胡,10.0g,川木通,12.0g,车前子,30.0g,生地,20.0g,生白芍,20.0g,川芎,15.0g,枳壳,12.0g,刺力,15.0g,薄荷,10.0g,甘草,6.0g
白矾,5分,净朴消,5分
甘草,None,桔梗,None,防风,None,薄荷,None,荆芥,None,牛蒡子,None,射干,None,玄参,None,连翘,None,黄芩,None,金银花,None
桑叶,24.0g,菊花,15.0g,荆芥,10.0g,薄荷,10.0g,蝉蜕,12.0g,连翘,15.0g,丹皮,12.0g,川芎,12.0g,白芍,15.0g,栀子,12.0g,车前子,20.0g,杏仁,15.0g,甘草,6.0g
半夏,12克,黄芩,9克,干姜,9克,人参,9克,甘草,9克,黄连,3克,大枣,12枚
草乌,60克,天南星,60克,黄柏,60克,白芨,60克,五倍子,30克
庵闾子,15克,白薇,15克,肉桂,7.5克,防葵,15克,桃仁,15克,双仁,None,牛膝,30克,当归,15克,熟干地黄,7.5克,川芎,15克,鬼箭羽,7.5克,干姜,15克,鳖甲,30克,炙令黄,None
雌鸡,1具,信石,1钱5分
伏龙肝,30克,生地,18克,川芎,3克,肉桂,9克,细辛,0.5克,白芷,9克,干姜,9克,白芍,9克,吴茱萸,9克,甘草,9克
地骨皮,15克,茯苓,15克,柴胡,30克,黄芩,30克,生地,30克,知母,30克,石膏,60克,川羌,22.5克,麻黄,22.5克
熟地,None,茯苓,None,羚羊粉,None,酸枣仁,None,虎胫骨,None,肉桂,None,防风,None,甘草,None
秦艽,0.5两,当归,None,味用醋,None,酒浸经宿,0.5两,人参,0.5两,干漆,0.5两,茯苓,0.5两,白术,0.5两,前胡,1两,鳖甲,1两,木香,0.5两,乌头,0.5两,甘草,0.5两
瓜篓,30.0g,赤蒺藜,15.0g,白茅根,30.0g,紫草,30.0g,全蝎,6.0g
雷丸,3钱,当归,5钱,白芍,5钱,红花,1两,雄黄,2钱,厚朴,2钱,槟榔,2钱,枳实,1钱,甘草,1钱
桑叶,18.0g,桑白皮,30.0g,连翘,20.0g,桔梗,12.0g,芦根,30.0g,黄芩,10.0g,杏仁,12.0g,丹皮,12.0g,川芎,12.0g,益母草,20.0g,麦冬,15.0g,知母,12.0g
白芍,2两,柴胡,1钱,甘草,1钱,白芥子,3钱,白术,5钱,当归,5钱,陈皮,2钱,茯苓,5钱
玉竹,3两,人参,3两,五味子,2两,龟版胶,2两,当归,2两,生地,2两,白茯神,2两,川牛膝,1两,白莲须,5钱,枸杞子,2两,明丹砂,1钱
猪脂,2两半,猯油,2两半,香油,2合,海松子油,1合,松香,3两7钱半,蜂蜡,3两7钱半
全蝎,10.0g,白芷,12.0g,防风,12.0g,细辛,15.0g,菊花,15.0g,葛根,30.0g,白芍,30.0g,川芎,30.0g,甘草,6.0g
柴胡,None,薄荷,None,钩藤,None,全蝎,None,当归,None,白芍,None,陈皮,None,甘草,None,川木通,None,黄芩,None
熟地,1两,玄参,1两,麦冬,1两,甘菊花,5钱,生地,5钱,车前子,2钱,人参,3钱,北沙参,5钱,地骨皮,5钱
当归,2.0g,白芍,1.5g,柴胡,1.0g,茯苓,1.5g,白术,1.5g,薄荷,1.0g,阿胶,1.0g,枳壳,1.5g,桃仁,1.5g,莪术,1.5g,海藻,2.0g,薏苡仁,2.0g,蒲公英,2.0g
川芎,None,桃仁,None,红花,None,当归,None,苍术,None,白术,None,白芷,None,黄柏,None,甘草,None
艾叶,2两,丹参,2两,当归,2两,麻黄,2两,人参,3两,阿胶,3两,甘草,1两,干姜,6两,大枣,12个
常山,1两,鳖甲,1两,犀角屑,1两,蜀漆,1两,甘草,1分,乌梅,1分,山栀子仁,0.5两,石膏,1两半
北沙参,30.0g,麦冬,15.0g,五味子,10.0g,杏仁,15.0g,桔梗,12.0g,半夏,12.0g,陈皮,10.0g,茯苓,12.0g,紫菀,12.0g,血余炭,10.0g,侧柏叶,15.0g,芦根,30.0g,甘草,6.0g
茯苓,None,猪苓,None,泽泻,None,桂枝,None,白术,None,甘草,None,滑石,None,栀子,None
半夏,12.0g,厚朴,12.0g,茯苓,12.0g,干姜,10.0g,大枣,12.0g,紫苏,20.0g,白芍,15.0g,柴胡,10.0g,枳壳,12.0g,甘草,6.0g,刺力,12.0g,川芎,15.0g,僵蚕,12.0g,防风,15.0g
柴胡,1.0g,枳壳,1.0g,牛膝,1.5g,白芍,1.5g,当归,1.5g,川芎,1.5g,生地,1.5g,桃仁,1.5g,红花,1.0g,藁本,1.5g,葛根,1.5g,牡蛎,1.5g,炙草.,5.0g
朱砂,1字,轻粉,None,点,None,巴豆,None,些儿,None,全蝎,1枚,蝉蜕,2枚
黄连,1两,黄柏,1分,栀子仁,1分,地榆,1分,马蔺子,1分,当归,1分,黄芩,1分,茜草,1分,侧柏叶,1分
羚羊粉,2两,车前子,2两,草决明,2两,防风,2两,川升麻,2两,绵黄耆,2两,大黄,2两,黄芩,2两,芒消,2两
白矾,3.0g,淡豆豉,30.0g
地龙,1两,五灵脂,1两,威灵仙,1两,防风,1两,木鳖子,1两,草乌,1两,白胶香,3钱,乳香,3钱
升麻,1.5克,黄连,1.5克,黄芩,1.2克,连翘,0.9克,桔梗,0.9克,牛蒡子,0.6克,玄参,0.6克,甘草,0.6克,僵蚕,0.6克,防风,0.3克
大黄,None,麻黄,None,百合,None,桑白皮,None,川木通,None,枳壳,None,葶苈子,None,杏仁,None,芒消,None
水银,1钱2分,银朱樟脑,5分,花椒,5分,佛香,5分
公丁香,4两,赤小豆,4两,青皮,4两,甘草,4两,川乌,4两,陈皮,4两,干姜,4两,良姜,4两,益智仁,5两半,胡椒,2两
神僸,None,苍术,None
半夏,12.0g,黄连,3.0g,干姜,10.0g,甘草,10.0g,大枣,6.0g,黄芩,10.0g,人参,10.0g
茯神,1两半,川升麻,1两,玄参,1两半,秦艽,1两,寒水石,2两,龙胆草,1两,大黄,3两
黄芪,20.0g,党参,15.0g,生地,15.0g,北沙参,15.0g,丹皮,12.0g,紫草,12.0g,鸡血藤,30.0g,络石藤,30.0g
桂枝,6分,白芍,1钱,川芎,3钱,当归,5钱,桃仁泥,2钱,干姜,5分,甘草,5分,煨天麻,1钱,琥珀,1钱,泽兰,1钱5分,益母草,3钱
防风,3两,蒴藋,1升,羊桃根,3两,石南,1两,秦艽,1两,川升麻,1两,苦参,3两,茵芋,1两,蒺藜,1两,蛇床子,1两,白矾,1两,枳壳,1两
桂枝,1.5g,茯苓,2.0g,赤芍,1.5g,桃仁,1.5g,当归,1.5g,香附,1.5g,蒲公英,2.0g,薏苡仁,2.0g,青皮,1.5g,益母草,2.0g
大附子,1个,草果,60克,干姜,60克,甘草,30克,大腹,6个,木瓜,1个
黄连,10.0g,吴茱萸,3.0g,柴胡,10.0g,枳壳,12.0g,白芍,15.0g,元胡,15.0g,檀香,10.0g,砂仁,10.0g,半夏,15.0g,大枣,12.0g,干姜,3片,党参,30.0g,甘草,6.0g
陈皮,1斤,厚朴,1斤,苍术,1斤,神曲,1斤,麦芽,1斤,山楂,1斤,甘草,0.5斤,黑豆,0.5斤
莲子,30克,百合,30克,瘦猪肉,200～250克
防己,30.0g,甘草,15.0g,白术,22.5g,黄芪,37.5g
蚕茧,3个,白术,1钱,信石,1钱
桃仁,12.0g,红花,10.0g,当归,18.0g,赤芍,15.0g,生地,18.0g,川芎,18.0g,黄芪,20.0g,山楂,15.0g,陈皮,12.0g,甘草,6.0g
防风,1两,猪苓,1两,泽泻,1两,赤苓,1两,麻黄,1两,泽漆,1两,白术,1两半,红大戟,1两,黄芪,1两,独活,2两,杏仁,1两,尖双仁,None
阿胶,3g,白芍,6g,当归,9g,防风,3g,僵蚕,6g
柴胡,12.0g,乌梅,12.0g,白芍,9.0g,黄连,6.0g,半夏,6.0g,干姜,6.0g,花椒,9.0g,茯苓,9.0g,黄芩,6.0g,吴茱萸,6.0g,干姜,4.5g,甘草,6.0g
鲜芡实,1000克,大米粉,250克,白糖,None
