黄鳝,1.0,鸡内金,10.0
古老钱,10.0,虎骨,90.0,自然铜,60.0,龟板,3.0,当归,75.0,肉苁蓉,90.0,牛膝,60.0,螵蛸,90.0,没药,60.0,金刚骨,30.0,乳香,60.0,龙骨,60.0,槟榔,60.0,诃子,60.0,川乌,60.0,木鳖子,60.0,川楝,60.0,葫芦巴,60.0,白胶香,60.0,人参,60.0,白附子,60.0,草乌,60.0,何首乌,60.0,五灵脂,30.0,木香,60.0,地龙,45.0,丁香,60.0,缩砂仁,60.0,芍药,60.0,破故纸,60.0,天麻,60.0,地黄,60.0,白芷,60.0,木瓜,60.0,续断,60.0,骨碎补,90.0,巴戟,60.0,朱砂,15.0,乌药,60.0,麝香,15.0,茯苓,15.0,菟丝子,60.0,五加皮,60.0,鹿茸,60.0,枣仁,60.0,安息香,60.0,鹿角霜,60.0,沉香,60.0,琥珀,30.0
人参,60.0,枸杞,60.0,山药,60.0,五味子,60.0,天门冬,60.0,麦门冬,60.0,地黄,60.0,地黄,60.0
茱萸,30.0,巴戟天,45.0,菖蒲,30.0,地骨皮,40.0,覆盆子,45.0,枸杞,100.0,菟丝子,45.0,肉苁蓉,120.0,柏子仁,40.0,五味子,24.0,熟地,45.0,山药,40.0,牛膝,70.0,杜仲,70.0,茯苓,30.0,人参,10.0,木香,15.0,川椒,9.0,泽泻,40.0,远志,30.0,天冬,30.0,麦冬,30.0,白酒,3500.0
黄耆,12.0,人参,6.0,白术,9.0,茯苓,12.0,当归,9.0,川芎,6.0,白芍,10.5,地黄,12.0,官桂,1,陈皮,6.0,天南星,6.0,半夏,6.0,苍术,6.0,厚朴,6.0,砂仁,4.5,草果仁,1,青皮,6.0,槟榔,6.0,丁香,2.0,木香,3.75,沉香,3.0,五味子,3.75,藿香,8.0,木瓜,7.5,石斛,9.0,杜仲,7.5,白蔻壳,1,薏仁,1,枇杷叶,7.5,桑白皮,9.0,神曲,12.5,麦芽,12.0,甘草,5.25
天冬,60.0,麦冬,60.0,熟地,60.0,山药,60.0,牛膝,60.0,生地,60.0,杜仲,60.0,山萸,60.0,云苓,60.0,人参,60.0,木香,60.0,柏子仁,60.0,五味子,60.0,巴戟,60.0,川椒,30.0,泽泻,30.0,菖蒲,30.0,远志,30.0,菟丝子,120.0,肉苁蓉,120.0,枸杞,45.0,覆盆子,45.0,地骨皮,45.0
仙茅,120.0,茱萸,60.0,何首乌,120.0,萆薢,60.0,何首乌,120.0,破故纸,60.0,黄精,120.0,地黄,60.0,地黄,60.0,巨胜子,60.0,山药,60.0,枸杞,60.0,天门冬,60.0,麦门冬,60.0,茯苓,60.0,五味子,60.0,茴香,60.0,覆盆子,60.0,拣参,60.0,嫩鹿茸,60.0,牛膝,60.0,柏子仁,60.0,青盐,60.0,杜仲,60.0,当归,60.0,川巴戟,30.0,菟丝子,60.0,肉苁蓉,60.0,川椒,30.0,远志,60.0,锁阳,90.0
天仙藤,5000.0,青蒿子,5000.0,桑白皮,5000.0,香附,5000.0,荆芥,5000.0,前胡,5000.0,柴胡,5000.0,桔梗,5000.0,麻黄,5000.0,苍术,5000.0,干葛,5000.0,陈皮,5000.0,茴香,2.0,秦艽,2.0,川芎,2.0,芍药,2.0,藁本,2.0,黄耆,2.0,半夏,2.0,羌活,2.0,甘草,2500.0,肉桂,2500.0,白芷,2500.0,厚朴,2500.0
枳壳,0.3,甘草,15.0,全蝎,0.3,木香,15.0,茱萸,30.0,木贼,0.3,菖蒲,30.0,黑牵牛,30.0
菊花,120.0,枸杞,120.0,巴戟天,120.0,肉苁蓉,120.0
仙茅,30.0,羌活,30.0,防风,30.0,狗脊,30.0,白术,30.0,茯苓,30.0,干姜,45.0,菖蒲,45.0,白丑,45.0,威灵仙,6.0,何首乌,30.0,苍术,30.0
川椒,120.0,茯苓,30.0,川乌,30.0,茴香,60.0,苍术,120.0,甘草,60.0,熟地,90.0,山药,90.0
苍术,500.0
苍术不拘多少,1
苍术,500.0
肉苁蓉,500.0,牛膝,240.0,菟丝子,135.0,木瓜,4.0,黑附子,6.0,麋角,150.0,椒红,120.0,肉豆蔻,60.0,破故纸,90.0,楮实,105.0,巴戟天,90.0,木香,60.0,鹿茸,90.0,桂,90.0,蛇床子,60.0,槟榔,60.0,干姜,90.0
苁蓉,15.0,黑附子,15.0,牛膝,15.0,鹿茸,15.0,菟丝子,30.0
肉苁蓉,7.5,菟丝子,9.0,牛膝,6.75,白术,9.0,细辛,2.0,何首乌,9.0,续断,12.0,枸杞,1,山芋,1,菖蒲,1,车前子,12.0,巴戟天,6.0,菊花,7.0,破故纸,1,远志,6.0,地骨皮,12.0,覆盆子,9.0,地黄,12.0
磁石,90.0,雄黄,60.0,桂心,30.0,菟丝子,60.0,雄雀粪,0.3,牛酥,0.3
沉香,30.0,麝香,30.0,鹿茸,30.0
沉香,9.0,木香,9.0,白檀,9.0,胡桃,9.0,丁香,9.0,枸杞,9.0,茴香,9.0,全蝎,15.0,茴香,15.0,川楝,15.0,葫芦巴,15.0,破故纸,15.0,川山甲,9.0,菟丝子,15.0,巨胜子,15.0,远志,15.0,韭子,15.0,莲花蕊,9.0,川心巴戟,15.0,山药,15.0,茱萸,15.0,知母,15.0,仙灵脾,6.0,青皮,9.0,陈皮,9.0,茯苓,15.0,牛膝,9.0,黄精,15.0,天门冬,15.0,麦门冬,15.0,人参,9.0,地黄,6.0,乳香,6.0,地黄,6.0,细墨,15.0,五味子,15.0,肉苁蓉,15.0
木香,30.0,沉香,30.0,茴香,30.0,丁香,30.0,南番葫芦巴,30.0,石斛,30.0,破故纸,30.0,巴戟,30.0,牛膝,30.0,青皮,30.0,川芎,30.0,黑附子,15.0
破故纸,120.0,菟丝子,120.0,胡桃肉,30.0,乳香,7.5,没药,7.5,沉香,7.5
黄柏,250.0,知母,90.0,地黄,90.0,龟版,120.0,白芍,60.0,陈皮,60.0,牛膝,60.0,锁阳,45.0,当归,45.0,虎骨,30.0
白蒺藜,500.0,莲须,240.0,山萸,120.0,续断,120.0,覆盆子,120.0,枸杞,120.0,金樱子膏,120.0,菟丝饼,1,芡实米,1,龙骨,30.0
地黄,250.0,鼠苓,30.0,茯苓,120.0,黄柏,500.0,当归,9.0,枳壳,6.0,麦门冬,30.0,地黄,60.0,天门冬,60.0,拣参,60.0,菊花,60.0,生芩,30.0
茴香,30.0,黑附子,15.0,巴戟天,15.0,陈皮,30.0,陈皮,15.0,破故纸,15.0,青盐,15.0,牛膝,30.0,川椒,30.0
青蒿,60.0,柴胡,60.0,芍药,30.0,五加皮,30.0,续断,30.0,石斛,30.0,黄耆,30.0,羌活,30.0,以上锉,1,以无灰酒,2.0,童便浸,2.0,置日中晒3日,1,逐日转动,1,日足漉出焙干,1,捣罗为末,1,其浸药之酒,1,当归,30.0,牛膝,30.0,桃仁,45.0,肉苁蓉,45.0,地黄汁,3.0,五味子,3.75,地黄汁外,1,捣罗为末,1,地黄汁并入前浸药酒内,1,慢火熬,1,时时搅转,1,令膏凝,1,即住火,1,芎?,30.0,人参,30.0,茯苓,30.0,桂,30.0,黑附子,30.0,蛇床子,30.0,卷柏,30.0,川椒,30.0,厚朴,30.0,木香,30.0,荜澄茄,30.0
牛膝,6.75,地黄,12.0,枳壳,6.0,地骨皮,12.0,菟丝子,9.0,远志,6.0
葫芦巴,15.0,高良姜,15.0,破故纸,15.0,乌头,15.0,威灵仙,15.0,茴香,45.0,槟榔,2.0
乌头,30.0,威灵仙,30.0,巴戟天,30.0,苍术,30.0,芍药,30.0
鹿角胶,250.0,杜仲,90.0,山药,60.0,茯苓,60.0,地黄,60.0,菟丝子,45.0,茱萸,45.0,五味子,30.0,牛膝,30.0,益智仁,30.0,远志,30.0,茴香,30.0,川楝,30.0,川巴戟,30.0,破故纸,30.0,胡芦巴,30.0,柏子仁,15.0,川山甲,9.0,沉香,9.0,全蝎,4.5
豨莶草,1.0,白蒺藜,1.0,天冬,240.0,熟地,240.0,人参,240.0,茯神,12.0,枣仁,12.0,枸杞,12.0,牛膝,12.0,杜仲,12.0,续断,12.0,五加皮,12.0,山药,12.0,山萸,12.0,白术,12.0,菟丝饼,12.0,沉香,12.0,朱砂,12.0,天南星,12.0,沙苑子,12.0,半夏,12.0,鹿茸,12.0,虎胆,12.0,乳香,60.0,没药,60.0,黄芩,60.0,山楂,60.0,龙骨,60.0,地龙,60.0,土鳖,60.0,甜瓜子,60.0,骨碎补,60.0,肉桂,60.0,黑附子,60.0,甘草,60.0
萆薢,500.0,破故纸,120.0,狗脊,60.0,巴戟天,60.0,牛膝,60.0,茴香,60.0
萆薢,45.0,当归,30.0,厚朴,30.0,干姜,30.0,荆三棱,30.0,桂,30.0,黑附子,30.0,陈皮,180.0
萆薢,120.0,牛膝,120.0,菖蒲,120.0,天台乌药,60.0,薏仁,60.0
破故纸,75.0,骨碎补,60.0,杜仲,30.0,牛膝,30.0,续断,30.0,肉苁蓉,30.0,黑,1,豆,30.0,当归,30.0,鸡血藤膏,15.0,三七,15.0,血琥珀,9.0,麒麟竭,15.0,沉香,15.0
白薇,30.0,车前子,15.0,当归,15.0,芎藭,15.0,蛇床子,15.0,藁本,0.8999999999999999,卷柏,0.8999999999999999,白芷,0.8999999999999999,覆盆子,0.8999999999999999,桃仁,0.8999999999999999,麦门冬,75.0,人参,0.8999999999999999,桂心,0.8999999999999999,菖蒲,0.8999999999999999,细辛,15.0,干姜,15.0,地黄,30.0,川椒,30.0,茯苓,0.8999999999999999,远志,0.6,龙骨,30.0
鹿角,5000.0,天门冬,120.0,麦门冬,120.0,黄柏,90.0,知母,90.0,虎胫骨,90.0,龟版,90.0,枸杞,120.0,山药,120.0,肉苁蓉,120.0,茯苓,120.0,茱萸,120.0,破故纸,120.0,生地,120.0,当归,120.0,菟丝子,180.0,熟地,180.0,白芍,90.0,牛膝,90.0,杜仲,90.0,人参,90.0,白术,90.0,五味子,30.0,枣仁,30.0,远志,60.0,甘草,60.0,砂仁,30.0
鹿角霜,300.0,鹿角胶,120.0,人参,120.0,杜仲,90.0,牛膝,120.0,茯苓,120.0,芡实,120.0,黄柏,120.0,当归,90.0,山药,120.0,黄耆,120.0,知母,120.0,生地,120.0,五味子,60.0,枸杞,90.0
鹿角胶,300.0,鹿角霜,300.0,菟丝子,300.0,柏子仁,300.0,地黄,300.0
黑附子,30.0,乌头,60.0,草乌,60.0,防风,250.0,蛇床子,60.0,莨菪子,60.0,马蔺子,60.0,茱萸,60.0
朱砂,30.0,磁石,30.0,赤石脂,30.0,代赭石,30.0,人中黄,30.0,禹余粮,30.0,乳香,30.0,没药,30.0
茯苓,2.0,黄耆,180.0,肉苁蓉,120.0,人参,18.0,枸杞,180.0,破故纸,150.0,何首乌,250.0,秋石,120.0,人乳,250.0
当归,30.0,生地,30.0,杜仲,30.0,牛膝,30.0,枸杞,30.0,五加皮,60.0,茯苓,120.0
何首乌,180.0,牛膝,180.0,茱萸,120.0,柏子仁,120.0,知母,120.0,黄柏,120.0,当归,120.0,败龟版,120.0
伏火朱砂,30.0,真磁石,30.0,赤石脂,30.0,代赭石,30.0,石中黄,30.0,禹余粮,30.0,乳香,30.0,没药,30.0
天门冬,30.0,麦门冬,30.0,远志,30.0,谷精草,30.0,地黄,30.0,地黄,30.0,黑附子,30.0,茴香,30.0,茴香,30.0,羌活,30.0,木鳖子,30.0,独活,30.0
人参,15.0,当归,15.0,白茯,15.0,乌药,15.0,杏仁,15.0,砂仁,15.0,川乌,15.0,草乌,15.0,何首乌,15.0,五加皮,15.0,枸杞,15.0,牛膝,15.0,杜仲,15.0,肉桂,15.0,苍术,15.0,肉苁蓉,30.0,破故纸,30.0,甘草,30.0,木香,9.0,枳壳,9.0,干姜,9.0,虎骨,9.0,香附,9.0,白芷,9.0,厚朴,9.0,陈皮,9.0,白术,9.0,川芎,9.0,麻黄,9.0,独活,9.0,羌活,9.0,川椒,9.0,白芍,9.0,生地,9.0,熟地,9.0,天冬,9.0,麦冬,9.0,防风,9.0,荆芥,9.0,五味子,9.0,茴香,9.0,细辛,9.0,沉香,9.0,白蔻,9.0,枣仁,60.0,真蜜,500.0,核桃仁,120.0,真酥油,250.0,天麻,9.0,生姜,120.0
西洋参,3.0,黄耆,9.0,当归,6.0,川芎,4.5,熟地,15.0,白芍,9.0,枸杞,15.0,山药,15.0,续断,9.0,砂仁,3.0,三七,4.5,破故纸,9.0,骨碎补,9.0,木瓜,9.0,甘草,3.0
当归,30.0,五加皮,30.0,生地,30.0,破故纸,15.0,骨碎补,15.0,功劳叶,15.0,薏仁,15.0,紫荆皮,15.0,木香,9.0,羌活,9.0,川芎,24.0,杜仲,24.0,莪术,9.0,桃仁,9.0,虎骨,36.0
西洋参,3.0,黄耆,9.0,当归,6.0,川芎,4.5,熟地,15.0,白芍,9.0,枸杞,15.0,山药,15.0,续断,9.0,砂仁,3.0,三七,4.5,破故纸,9.0,骨碎补,9.0,木瓜,9.0,甘草,3.0
当归,15.0,熟地,15.0,杜仲,15.0,制苁蓉,15.0,炙黄耆,15.0,酒天冬,15.0,麦冬,15.0,五味子,15.0,高丽参,15.0,牛膝,15.0,鹿茸,15.0,杏仁,15.0,蛇床子,15.0,酒川断,15.0,紫霄花,15.0,盐菟丝,15.0,虎胫骨,15.0,谷精草,15.0,香附,15.0,生地,15.0,远志,15.0,制山甲,15.0,木鳖子,15.0,男子头发,15.0,大蛤蚧,1.0
菖蒲,1,山药,22.5,牛膝,6.75,远志,6.0,巴戟,1,续断,12.0,五味子,3.75,楮实子,9.0,杜仲,7.5,茱萸,1,茯神,12.0,熟地,1,茴香,6.0,肉苁蓉,7.5,枸杞,1
厚朴,60.0,苍术,60.0,甘草,60.0,陈皮,250.0
川芎,45.0,黑附子,45.0,地黄,60.0,白术,60.0,防风,60.0,当归,60.0,芍药,60.0,杜仲,60.0,羌活,30.0,人参,30.0,甘草,30.0,牛膝,30.0
川芎,45.0,黑附子,45.0,地黄,60.0,白术,60.0,防风,60.0,当归,60.0,芍药,60.0,黄耆,60.0,杜仲,60.0,甘草,30.0,牛膝,30.0
防风,60.0,白术,60.0,杜仲,60.0,当归,60.0,地黄,60.0,芍药,60.0,黄耆,60.0,羌活,30.0,牛膝,30.0,甘草,30.0,人参,30.0,黑附子,45.0,川芎,45.0
石斛,45.0,萆薢,30.0,柏子仁,6.0,石龙芮,0.8999999999999999,泽泻,0.8999999999999999,黑附子,30.0,杜仲,30.0,牛膝,45.0,芍药,0.8999999999999999,云母粉,30.0,松柏,30.0,防风,0.8999999999999999,茱萸,0.8999999999999999,菟丝子,30.0,细辛,0.8999999999999999,鹿茸,30.0,巴戟,30.0
黑附子,60.0,川乌,60.0,白附子,60.0,白蒺藜,30.0,白僵蚕,30.0,五灵脂,30.0,没药,15.0,白矾,15.0,麝香净肉,15.0,细香墨,15.0,朱砂,15.0,金箔200箔,1
细辛,0.8999999999999999,桂心,0.8999999999999999,黄芩,0.8999999999999999,茱萸,0.8999999999999999,厚朴,0.8999999999999999,杏仁,30.0,干姜,0.8999999999999999,川椒,0.8999999999999999,远志,0.8999999999999999,小草,0.6,芍药,0.6,黑附子,0.6,当归,0.6,黄连,0.6
大朱砂,500.0
地黄,500.0,糯米5斗,1,面曲,2500.0
地黄,2500.0,五加皮,150.0,牛膝,250.0
肉苁蓉,35.0,黑附子,35.0,木鳖子,50.0,天南星,30.0,白附子,30.0,覆盆子,30.0,菟丝子,30.0,赤小豆,30.0,骨碎补,30.0,何首乌,30.0,川乌,10.0,甘草,10.0,川椒,35.0,地龙,50.0,防风,30.0,羊膝,35.0,草薢,30.0,羌活,30.0,狗脊,30.0,人参,20.0,黄芪,20.0,白术,10.0,茯苓,10.0,白酒,3000.0
萆薢,15.0,防风,15.0,白蒺藜,15.0,狗脊,15.0,乌药,15.0,黑附子,15.0,白附子,15.0,赤小豆,15.0,地龙,15.0,骨碎补,15.0,茴香,15.0,羌活,15.0,天南星,15.0,黄耆,15.0,肉苁蓉,30.0,牛膝,30.0,何首乌,30.0,川椒,30.0,覆盆子,30.0,木鳖子,0.8999999999999999
人参,3.0,白术,3.0,黄耆,3.0,甘草,1.5,川归,3.0,川芎,3.0,芍药,3.0,地黄,3.0,防风,2.1,防己,2.1,羌活,2.1,牛膝,2.1,杜仲,3.0,萆薢,3.0,黑附子,2.1
乌头,120.0,黑附子,120.0
地黄,90.0,地黄,60.0,菟丝子,30.0,茱萸,180.0,肉苁蓉,30.0,败龟版,90.0,人参,30.0,黄耆,30.0,黄柏,90.0,牛膝,30.0,枸杞,30.0,破故纸,30.0,五味子,30.0,白术,90.0,芍药,30.0,当归,60.0,虎胫骨,30.0,杜仲,30.0,山药,30.0,知母,60.0,陈皮,30.0,茯苓,30.0
地黄,90.0,龟版,90.0,白术,90.0,黄柏,90.0,知母,120.0,当归,120.0,地黄,120.0,芍药,120.0,麦冬,120.0,天冬,60.0
地黄,90.0,白术,90.0,败龟版,90.0,黄柏,90.0,知母,60.0,当归,60.0,地黄,60.0,茱萸,60.0,芍药,30.0,茯苓,30.0,人参,30.0,绵黄耆,30.0,山药,30.0,陈皮,30.0,五味子,30.0,枸杞,30.0,破故纸,30.0,菟丝子,30.0,杜仲,30.0,牛膝,30.0,苁蓉,30.0,虎胫骨,30.0
磁石,60.0,硇砂,15.0
何首乌,500.0,牛膝,250.0
生地,300.0,枣仁,1,当归,60.0,海桐皮,60.0,羌活,60.0,萆薢,60.0,地骨皮,45.0,牛膝,45.0,桂枝,15.0,甘草,15.0
牛膝,500.0,乳香,15.0,没药,15.0,木瓜,500.0,天麻,500.0,肉苁蓉,500.0,黑附子,60.0,虎胫骨,60.0
黑附子,2.0,木瓜,4.0,牛膝,60.0,白术,30.0,薏仁,30.0,羌活,15.0,杜仲,15.0,续断,15.0,萆薢,15.0,防风,15.0,五加皮,15.0,地黄,15.0
黑附子,300.0,川芎,180.0,木瓜,7.5,牛膝,250.0,羌活,120.0
覆盆子,30.0,远志,30.0,杜仲,30.0,柏子仁,60.0,枸杞,60.0,地肤子,30.0,胡桃仁,60.0
人参,60.0,茯苓,60.0,远志,30.0,牛膝,30.0,杜仲,30.0,黄耆,30.0,菖蒲,30.0,当归,30.0,苍术,30.0,菊花,30.0,地骨皮,30.0,天麻,15.0,半夏,15.0,地黄,15.0,地黄,15.0,益智,15.0,萆薢,15.0,羌活,15.0
菟丝子,51.0,淫羊藿,43.0,续断,43.0,锁阳,51.0,狗脊,64.0,枣仁,43.0,何首乌,64.0,甘草,21.0,陈皮,21.0,鹿角胶,9.0,地黄,64.0,龟甲胶,13.0,金樱子,51.0,黄芪,43.0,山药,43.0,覆盆子,85.0
骨碎补10.2%,1,防己10.2%,1,地黄21.7%,1,黑豆13.5%,1,金樱子13.5%,1
菊花,60.0,枸杞,120.0,地黄,90.0,山药,15.0
枸杞,1
枸杞,60.0,地黄,30.0,人参,30.0,茯神,30.0,黑附子,30.0,覆盆子,30.0,五味子,30.0,薯蓣,30.0,菟丝子,30.0,肉苁蓉,30.0,石斛,30.0,茱萸,30.0,桂心,30.0
黄雌鸡,1.0,杏仁,10.0,地黄,90.0,粳米,3.0
熟地,90.0,生地,120.0,当归,120.0,萆薢,60.0,羌活,30.0,独活,30.0,牛膝,60.0,秦艽,90.0,苍术,60.0,块广皮,60.0,川断,60.0,麦冬,90.0,枸杞,60.0,川桂皮,15.0,茴香,30.0,乌药,30.0,丹皮,60.0,木瓜,60.0,五加皮,120.0
蒲公英,500.0,解盐,30.0,香附,15.0
虎胫骨,30.0,败龟板,60.0,苍术,90.0,黄柏,60.0,防己,120.0,归梢,60.0,牛膝,45.0
虎胫骨,1.0,糯米,2500.0,曲,1
虎骨,240.0,萆薢,240.0,淫羊藿,240.0,薏仁,240.0,牛膝,240.0,熟地,240.0,当归,15.0,羌活,15.0,乌药,15.0,五加皮,15.0,苍术,15.0,防风,15.0,青皮,15.0,独活,15.0,丹皮,15.0,川芎,15.0,白芷,15.0,木瓜,15.0,白芍,15.0,紫草,15.0,枸杞,15.0,红花,15.0,破故纸,15.0,川乌,15.0,草乌,15.0,陈皮,240.0,萎蕤,240.0,红糖,2880.0,红曲,600.0,蜂蜜,4800.0,乳香,60.0,没药,60.0,油松节,120.0,官桂面,15.0,木香面,15.0,丁香,15.0,檀香面,15.0,紫豆蔻面,15.0,佛手面,15.0,砂仁面,15.0,蕲蛇,15.0,人参面,15.0,鹿茸面,15.0,麝香,0.6,杜仲,15.0,续断,15.0
虎骨,30.0,当归,15.0,天雄,15.0,黑附子,15.0,肉苁蓉,15.0,牛膝,15.0,萆薢,15.0,肉桂,15.0,枣仁,15.0,茯神,15.0,绵黄耆,15.0,远志,15.0,石斛,15.0
虎胫骨,60.0,萆薢,60.0,牛膝,60.0,仙灵脾,60.0,薏仁,60.0,地黄,60.0
虎骨,240.0,薏仁,240.0,当归,15.0,五加皮,15.0,青皮,15.0,川芎,15.0,白芍,15.0,红花,15.0,草乌,15.0,红糖,2880.0,萆薢,240.0,牛膝,240.0,羌活,15.0,苍术,15.0,独活,15.0,白芷,15.0,紫草,15.0,陈皮,240.0,破故纸,15.0,红曲,600.0,淫羊蕾,240.0,熟地,240.0,乌药,15.0,防风,15.0,丹皮,15.0,木瓜,15.0,枸杞,15.0,川乌,15.0,萎蕤,240.0,蜂蜜,4800.0,乳香,60.0,官桂面,15.0,檀香面,15.0,砂仁面,15.0,鹿茸面,15.0,续断,15.0,没药,60.0,木香面,15.0,紫豆蔻面,15.0,蕲蛇,15.0,麝香,0.6,油松节,120.0,丁香,15.0,佛手面,15.0,人参面,15.0,杜仲,15.0
石斛,30.0,石楠叶,30.0,防风,30.0,虎胫骨,30.0,当归,30.0,茵芋叶,30.0,杜仲,30.0,牛膝,30.0,芎?,30.0,狗脊,30.0,续断,30.0,川巴戟,30.0
威灵仙,90.0,川乌,90.0,陈皮,90.0,防风,90.0,川楝,90.0,萆薢,90.0,乌药,150.0,川椒,60.0,赤小豆,240.0,茴香,240.0,地龙,210.0
茴香,60.0,川乌,60.0,川楝,60.0,陈皮,60.0,萆薢,60.0,地龙,60.0,旋覆花,60.0,川椒,60.0
海桐皮,30.0,楝实,30.0,木香,30.0,石斛,30.0,茴香,30.0,牛膝,30.0,槟榔,30.0,芎藭,0.3
海参,500.0,当归,120.0,巴戟肉,120.0,牛膝,120.0,破故纸,120.0,龟版,120.0,鹿角胶,120.0,枸杞,120.0,羊肾,10.0,杜仲,240.0,菟丝子,240.0,胡桃肉,100.0,猪脊髓,10.0
狗脊,1,苍术,1,香附,1,陈皮,1,没药,4.0,一十,60.0,威灵仙,1,草乌,1
狗脊,2000.0,苍术,3000.0,香附,7.0,陈皮,5.0,没药,360.0,威灵仙,1000.0,草乌,1.0
川乌,60.0,草乌,60.0,木鳖子,3.0,斑蝥,100.0,乌蛇,30.0,白花蛇,30.0,好墨,30.0,白胶香,30.0,当归,45.0,五灵脂,3.0
何首乌,500.0,牛膝,15.0,天南星,120.0,菖蒲,120.0
何首乌,1,牛膝,1
何首乌,1500.0,牛膝,500.0
何首乌,1.0,菖蒲,250.0,牛膝,500.0,天南星,120.0
何首乌,500.0,芍药,120.0,牛膝,120.0,地黄,120.0
牛膝,120.0,枣仁,120.0,何首乌,500.0,黑豆,250.0
鸡血藤,12.0
川椒,120.0,胡芦巴,120.0,巴戟天,120.0,地龙,120.0,苍术,480.0,乌药,480.0,川乌,240.0,羌活,240.0,茴香,240.0,赤小豆,240.0,马蔺子,240.0,金铃子,240.0,石斛,240.0,青盐,60.0
金刚莲,900.0,五加皮,900.0,马钱子霜,900.0,三七,15.0,见血清,60.0,捆仙绳,1,18厘米,1
槟榔,30.0,黄连,30.0,青皮,30.0,陈皮,30.0,木香,30.0,沉香,30.0,巴戟,30.0,当归,30.0,广荗,30.0,枳壳,30.0,香附,30.0,甘草,30.0,大黄,30.0,黄柏,90.0,牵牛头末,120.0
菊花,2500.0,地黄,2500.0,枸杞,2500.0
地黄,60.0,赤芍,60.0,当归,60.0,石南藤,60.0,白芷,90.0,骨碎补,90.0,五灵脂,30.0,肉桂,30.0,山桂皮,30.0,荆芥,30.0,桔梗,120.0,川乌,15.0,草乌,15.0,雄黑豆,120.0
五灵脂,30.0,延胡索,30.0,破故纸,30.0,茴香,30.0,庵,1,草,30.0,橘核,30.0,黑牵牛,30.0,棠球子,120.0,川楝,15.0
川椒,90.0,巴戟,30.0,茴香,30.0,川楝,30.0,山药,30.0
川椒,90.0,牛膝,120.0,地黄,150.0,黑附子,60.0,石斛,30.0,桂心,60.0,肉苁蓉,60.0,巴戟,30.0,菟丝子,60.0,木香,30.0,茱萸,30.0,鹿茸,60.0,丹参,30.0,磁石,60.0
川乌,9.0,白芷,6.0,牛膝,15.0,当归,30.0,黄丹,15.0,贝母,6.0,磈润,3.0,白蔹,6.0,白及,6.0,没药,21.0,乳香,15.0,杏仁,90.0,沥青,15.0,香油半盏,1,白胶香,90.0
黄榔刺树根,120.0,小雄鸡,1.0,糯米饭1盏,1
骨碎补,90.0,续断,90.0,马钱子,60.0,白及,60.0,硼砂,60.0,草乌,60.0,川乌,60.0,牛膝,60.0,苏木,60.0,杜仲,60.0,伸筋草,60.0,透骨草,60.0,羌活,30.0,独活,30.0,麻黄,30.0,五加皮,30.0,皂角核,30.0,红花,30.0,泽兰叶,30.0,虎骨,24.0
萆薢,30.0,杜仲,30.0,肉苁蓉,30.0,巴戟天,30.0,天麻,30.0,僵蚕,30.0,全蝎,30.0,木瓜,30.0,乌贼骨,30.0,菟丝子,15.0,精制马钱子,60.0
苁蓉,1,牛膝,6.75,天麻,6.0,木瓜干,1,鹿茸,1.5,地黄,12.0,菟丝子,9.0,五味子,3.75
拣参,60.0,嫩鹿茸,60.0,肉苁蓉,90.0,枸杞,60.0,茱萸,60.0,山药,60.0,五味子,60.0,菖蒲,60.0,嫩黄耆,60.0,川巴戟,60.0,黄柏,60.0,知母,60.0,柏子仁,60.0,地黄,60.0,菟丝子,60.0,天门冬,60.0,当归,60.0,麦门冬,60.0,远志,60.0,茴香,60.0,茯神,60.0,地黄,60.0,杜仲,60.0,牛膝,60.0
仙茅,1000.0,苍术,1000.0,茯苓,240.0,车前子,360.0,茴香,240.0,枸杞,500.0,地黄,120.0,地黄,120.0,柏子仁,240.0
人参,300.0,生黄耆,2.0,故纸,2.0,枸杞,2500.0,生白芍,2.0,龟版,2.0,牛膝,2500.0,熟地,2.0,独活,2.0,黑附子,300.0,秦艽,2.0,木瓜,2500.0,黄柏,2.0,知母,2.0,当归,2.0,枣仁,1000.0,菖蒲,1000.0,制虎骨,3.0,菟丝子,2.0,茯苓,2.0,防风,2.0,锁阳,2.0,续断,2500.0,杜仲炭,2.0,羌活,2.0,远志,2.0
黄柏,40.0,知母,20.0,地黄,20.0,当归,10.0,白芍,15.0,牛膝,35.0,豹骨,10.0,龟甲,40.0,陈皮,7.5,干姜,5.0,锁阳,10.0,羊肉,320.0
知母,0.8999999999999999,人参,0.8999999999999999,茯苓,0.8999999999999999,川椒,15.0,栝楼,45.0,防风,90.0,白术,90.0,泽泻,60.0,干姜,30.0,黑附子,30.0,桂心,30.0,细辛,30.0
鹿茸,30.0,肉苁蓉,120.0,远志,30.0,续断,30.0,蛇床子,30.0,巴戟,30.0,茴香,30.0,车前子,30.0
丹参,12.0
地黄,210.0,肉苁蓉,140.0,狗脊,140.0,女贞子,70.0,淫羊藿,140.0,鸡血藤,140.0,莱菔,70.0,骨碎补,140.0,牛膝,140.0
苍术,500.0,川柏皮,2000.0
地龙,22.5,虎前脚骨,30.0,续断,30.0,萆薢,30.0,乳香,15.0,穿山甲,15.0,没药,7.5,茴香,30.0,狗脊,30.0,当归,30.0,砂仁,30.0,鹿茸,30.0,杜仲,60.0,青盐,22.5,菟丝,120.0
鹿角,60.0,牛膝,45.0
肉苁蓉,60.0,牛膝,60.0,木瓜,60.0,天麻,60.0,鹿茸,30.0,虎胫骨,30.0,黑附子,30.0,杜仲,30.0,五味子,30.0,当归,30.0
牛膝,60.0,鹿茸,60.0,五味子,60.0,石斛,30.0,菟丝子,30.0,棘刺,30.0,杜仲,30.0,川巴戟,30.0,山药,30.0,阳起石,30.0,黑附子,30.0,沉香,15.0,川楝,30.0,磁石,30.0,官桂,30.0,泽泻,30.0
鹿茸,30.0,黑附子,30.0,续断,30.0,侧柏叶,30.0,厚朴,30.0,黄耆,30.0,阿胶,60.0,当归,15.0,地黄,15.0,麝香,15.0
鹿茸,150.0,石斛,30.0,茱萸,30.0,远志,30.0,杜仲,30.0,巴戟天,30.0,牛膝,30.0
鹿茸,60.0,苁蓉,1,黑附子,30.0,山药,30.0,地黄,30.0,牛膝,30.0,破故纸,30.0,桂,0.3,麝香,0.3
鹿茸,30.0,肉苁蓉,30.0,巴戟,30.0,菟丝子,30.0,人参,6.0,茯苓,12.0,五味子,3.75,萆薢,12.5,桂心,1,黄耆,12.0,续断,12.0,远志,6.0,木香,3.75,薯蓣,1,泽泻,7.5,地黄,12.0,石斛,9.0,覆盆子,9.0,蛇床子,6.0,天雄,30.0,白蒺藜,15.0,柏子仁,15.0,黑附子,15.0,牡丹,15.0,防风,15.0
故纸,60.0,续断,45.0,木爪,45.0,萆薢,60.0,杜仲,45.0,牛膝,45.0,胡桃肉,120.0
丹参,120.0,雄雀儿,50.0,天雄,120.0,阿魏,60.0,硼砂,60.0,桂心,60.0,远志,90.0,菟丝子,2.0,晚蚕沙半,2.0
菟丝子,150.0,覆盆子,90.0,槟榔,60.0,牛膝,60.0,肉苁蓉,60.0,天麻,60.0,地黄,60.0,鹿茸,1.0,桂,30.0,巴戟天,30.0,黑附子,30.0,石斛,30.0,陈皮,30.0,楮实,30.0,茴香,30.0,龙骨,30.0,杜仲,30.0,破故纸,30.0,葫芦巴,30.0,石韦,30.0,枸杞,30.0,远志,30.0,五味子,30.0,沉香,30.0,蛇床子,30.0,茱萸,30.0,萆薢,30.0,山芋,30.0
骨碎补,120.0,破故纸,120.0,白蒺藜,120.0,白蒺藜,120.0,青盐,30.0,黑豆,240.0
当归,15.0,桔梗,15.0,牛膝,15.0,骨碎补,60.0,川乌,1,川芎,500.0,百草霜,500.0,草乌,500.0,木鳖子,250.0,芍药,250.0,乌豆1斗,1,狗脊,9.0
薏仁,30.0,石南叶,30.0,天南星,30.0,牛膝,30.0,肉桂,30.0,当归,30.0,天麻,30.0,黑附子,30.0,羌活,30.0,防风,30.0,石斛,30.0,萆薢,30.0,黄耆,30.0,续断,30.0,苍术,45.0,槟榔,15.0,木瓜,120.0
木瓜,4.0,川乌,90.0,牛膝,30.0,萆薢,30.0,茴香,30.0,羌活,30.0,青皮,30.0,青盐,30.0,狗脊,30.0,巴戟,30.0,海桐皮,30.0
青盐,30.0,川椒,45.0,肉苁蓉,60.0,牛膝,60.0,巴戟天,60.0
老鹳草,334.0,寄生,167.0,续断,167.0,威灵仙,83.0,独活,83.0,草乌,83.0,红花,83.0
中鹿,1.0,人参,500.0,白术,500.0,茯苓,500.0,甘草,500.0,当归,500.0,川芎,500.0,地黄,500.0,地黄,500.0,黄耆,500.0,天门冬,500.0,麦门冬,500.0,枸杞,500.0,杜仲,500.0,牛膝,500.0,山药,500.0,芡实,500.0,菟丝,500.0,五味子,500.0,锁阳,500.0,肉苁蓉,500.0,破故纸,500.0,巴戟肉,500.0,葫芦巴,500.0,续断,500.0,覆盆子,500.0,楮实子,500.0,秋石,500.0,川椒,500.0,茴香,250.0,沉香,250.0,青盐,250.0
川楝,60.0,牵牛子,60.0,乌药,60.0,茴香,60.0,陈皮,60.0,防风,60.0,乳香,15.0,草乌,15.0,五灵脂,15.0,威灵仙,60.0
川楝,60.0,牵牛子,60.0,乌药,60.0,茴香,60.0,陈皮,60.0,萆薢,60.0,防风,60.0,乳香,15.0,草乌,15.0,五灵脂,15.0,威灵仙,60.0
何首乌,360.0,地黄,20.0,牛膝,40.0,桑椹,70.0,女贞子,40.0,墨旱莲,48.0,桑叶,40.0,黑芝麻,16.0,菟丝子,80.0,金樱子,70.0,破故纸,40.0,豨莶草,80.0,金银花,20.0
黑附子,1.0,当归,60.0,天麻,60.0,牛膝,60.0,枣仁,60.0,地黄,60.0,防风,60.0,木瓜,120.0,乳香,15.0,麝香,0.3,全蝎,30.0,木香,30.0,没药,30.0,羌活,30.0,甘草,30.0
当归,45.0,川芎,30.0,芍药,60.0,地黄,60.0,人参,15.0,茯苓,30.0,白术,45.0,陈皮,30.0,枸杞,60.0,茱萸,60.0,菟丝子,30.0,琐阳,15.0,杜仲,30.0,肉苁蓉,30.0,巴戟天,30.0,远志,30.0,山药,30.0,莲芯,30.0,牛膝,30.0,辽,5.0
木瓜,500.0,牛膝,500.0,天麻,500.0,苁蓉,500.0,黑附子,60.0,虎骨,60.0
虎胫骨,62.5,炙鳖甲,62.5,牛膝,62.5,枸杞,156.0,干茄根,250.0,当归,62.5,萆薢,62.5,防风,62.5,秦艽,62.5,松节,62.5,蚕沙,62.5,羌活,62.5,无灰酒,12000.0
地黄,250.0,石斛,250.0,五味子,250.0,黄耆,250.0,肉苁蓉,250.0,牛膝,250.0,杜仲,250.0,菟丝子,250.0,糜鹿角霜,250.0,沉香,9.0,麝香,6.0,人参,30.0,茯苓,30.0,覆盆子,30.0,山药,30.0,水瓜,30.0,天麻,30.0,秦艽,30.0,薏仁,60.0
黑附子,30.0,五加皮,20.0,桑白皮,50.0,丹参,30.0,续断,30.0,牛膝,30.0,白术,50.0,生姜,50.0,细辛,25.0,肉桂,25.0,清酒,1500.0
天仙藤,1,青蒿子,1,桑白皮,1,香附,1,荆芥,1,前胡,1,柴胡,1,桔梗,1,麻黄,1,苍术,1,干葛,1,陈皮,1,茴香,1,秦艽,1,川芎,1,芍药,1,半夏,1,羌活,1,甘草,1,肉桂,1,白芷,1,厚朴,1
枸妃子,100.0,菟丝子,50.0,五味子,50.0,覆盆子,100.0,车前子,50.0,白酒,1000.0
覆盆子,1,菖蒲,1,龙骨,30.0,地黄,30.0,川椒,30.0,白薇,30.0,蛇床子,15.0,干姜,15.0,细辛,15.0,当归,15.0,车前子,15.0,川芎,15.0,远志,90.0,桃仁,90.0,茯苓,90.0,人参,90.0,卷柏,90.0,白芷,90.0,肉桂,90.0,麦门冬,45.0
仙灵脾,120.0,菟丝子,60.0,破故纸,60.0,金樱子,500.0,茴香,30.0,巴戟天,30.0,川芎,30.0,牛膝,30.0,当归,60.0,肉桂,30.0,沉香,15.0,杜仲,30.0,白酒,10000.0
仙灵脾,60.0,白酒,500.0
薏仁,1
羊骨左右,1000.0,粳米,100.0,细盐,1,生姜葱白,1
鹿茸,30.0,黑附子,30.0,牛膝,30.0,虎胫骨,30.0,蛇床子,30.0,菟丝子,30.0,续断,30.0,远志,30.0,肉苁蓉,30.0,天门冬,30.0,麦门冬,30.0,杏仁,30.0,生地,30.0,熟地,30.0,官桂,30.0,川楝,30.0,茱萸,30.0,巴戟,30.0,破故纸,30.0,杜仲,30.0,木鳖子,30.0,肉豆蔻,30.0,紫梢花,30.0,谷精草,30.0,穿山甲,30.0,大麻子,30.0,甘草,30.0,桑枝,12.0,槐枝,22.5,柳枝21厘米,1
何首乌,2250.0,豨莶草,500.0,菟丝子,500.0,杜仲,250.0,牛膝,250.0,女贞子,250.0,桑叶,250.0,忍冬藤,120.0,生地,120.0,桑椹膏,500.0,黑芝麻膏,500.0,金樱子膏,500.0,墨旱莲膏,500.0
远志,15.0,菖蒲,15.0,巴戟天,15.0,白术,15.0,茯苓,15.0,地骨皮,15.0,续断,15.0,枸杞,15.0,菊花,15.0,细辛,15.0,地黄,15.0,车前子,15.0,何首乌,15.0,牛膝,15.0,苁蓉,15.0,菟丝子,15.0,覆盆子,15.0
地黄,90.0,地黄,90.0,五加皮,90.0,没石子,6.0,莲子蕊,90.0,槐角子,90.0,白酒,4000.0
苦楝皮,30.0,雄黄,30.0,槐皮,15.0
西黄,3.0,琥珀,3.0,辰砂,3.0,梅冰,3.0,雄精,3.0,羚角片,9.0,乳香,9.0,犀角片,4.5
天麻,15.0,人参,15.0,陈皮,15.0,白术,15.0,归身,15.0,茯神,15.0,荆芥,15.0,僵蚕,15.0,独活,15.0,远志,15.0,犀角,15.0,麦门冬,15.0,枣仁,15.0,辰砂,15.0,半夏,30.0,天南星,30.0,石膏,30.0,甘草,9.0,白附子,9.0,川芎,9.0,郁金,9.0,丹参,9.0,珍珠,9.0,地黄,15.0,黄连,15.0,金箔,30.0
茴香,45.0,藿香,45.0,丁香,45.0,地黄,45.0,肉桂,45.0,甘草,240.0,山药,240.0,当归,240.0,白术,240.0,白芷,240.0,干姜,60.0,川芎,60.0,黄蓍,60.0,木香,30.0,陈皮,120.0,芍药,300.0
山楂,30.0,天南星,30.0,半夏,30.0,麦芽,30.0,神曲,30.0,黄连,30.0,连翘,15.0,阿魏,15.0,栝楼,15.0,贝母,15.0,皮硝,1,石碱,1,萝卜子,1,黄连,7.5
艾叶,120.0,香附,240.0,茱萸,80.0,肉桂,20.0,当归,120.0,川芎,80.0,白芍,80.0,地黄,40.0,黄芪,80.0,续断,60.0
艾叶,30.0,赤石脂,45.0,茯苓,30.0
木香,3.75,槟榔,6.0,使君子肉,1,白芜荑仁,1,贯众,10.0,苦楝根白皮,1,虾蟆,1,夜明砂,6.5
当归,3.0,川芎,1.5,白芍,3.0,熟地,3.0,生地,3.0,白术,6.0,砂仁,3.0,陈皮,1.5,苏梗,1.5,杜仲,6.0,续断,2.4,阿胶,3.0,条芩,4.5
阿胶,3.0,人参,3.0,茯苓,3.0,川归,3.0,生地,3.0,川芎,1.5,甘草,1.5,小茴,2.4,人角茴,2.4
人参,1.5,白术,0.8999999999999999,茯苓,2.4,山药,2.4,当归,2.4,陈皮,2.4,半夏,2.4,莲肉,2.4,甘草,0.8999999999999999
人参,6.0,白术,9.0,茯神,12.0,当归,9.0,地黄,12.0,枣仁,1,麦门冬,10.5,半夏,6.0,枳实,6.0,黄连,3.5,竹茹,6.75,山栀,1,甘草,0.9,辰砂1.5,1
酒地,120.0,圆肉,60.0,当归,60.0,于术,45.0,川芎,30.0,菖蒲,24.0,茯神,24.0,远志,24.0,枣仁,30.0,黄耆,60.0,杭芍,30.0,党参,30.0,炙草,30.0
白豆蔻,3.0,苏子,3.0,藿香,3.0,胆南星,2.4,陈皮,2.4
桃仁,6.0,红花,6.0,山楂,6.0,归尾,6.0,益母草,6.0
鸱鸮,1.0,穿山甲,33.0,桂枝,16.5,白芷,4.5,木贼草,10.5,山萸,30.0,郁金,15.0,赤苓,15.0,赤芍,18.0,当归,30.0,云苓,15.0,红花,15.0,白芍,18.0,全蝎,10.0,麻黄,10.5,石斛,90.0
防风,6.75,细辛,2.0,桔梗,6.0,茺蔚子,6.75,黄芩,6.0,大黄,16.5,五味子,3.75,薄荷,4.5,石膏,37.5,黄柏,7.5,草决明,1
甘草,5.25,陈小麦,1,麦门冬,10.5,茯苓,12.0,于葛,1,灯心,1,木通,4.5,人参,6.0
当归,12.0,川芎,6.0,赤芍,9.0,黄柏,9.0,栀子,9.0,黄连,9.0,茵陈,9.0,葳蕤仁,9.0,苍术,6.0,防风,6.0,白芷,6.0,茯苓,9.0,薄荷,6.0,泽泻,9.0,草决明,9.0,甘草,3.0
当归,15.0,蝉退,3.0,僵蚕,3.0,天龙,3.0,大黄,3.0,石,15.0,老蜘蛛,2.0
陈皮,30.0,苎麻根,30.0,高良姜,9.0,粳米,1
陈皮,30.0,防己,15.0,茯苓,0.8999999999999999,槟榔,0.8999999999999999,木通,0.8999999999999999,紫苏,30.0,木香,15.0,大腹皮,30.0
苍术,500.0,莲肉,500.0,五味子,120.0,茯苓,120.0,枸杞,120.0,地黄,120.0
三棱,6.75,莪术,7.5,宫桂,1,赤芍,9.0,香附,7.5,甘草,5.25,乌药,6.0
滑石,30.0,寒水石,30.0,甘草,30.0,辰砂,1.5
蒙花,1,羌活,6.0,菊花,7.0,白蒺藜,1,粉草,1,草决明,1,车前子,12.0,黄芩,6.0,龙胆草,4.5
车前子,60.0,决明子,60.0,黄连,60.0,蓝实,60.0,黄芩,30.0,玄参,30.0,沙参,30.0,瞿麦,30.0,地骨皮,30.0,秦艽,30.0,蕤仁,30.0
赤土,75.0,防风,60.0,芍药,60.0,地骨皮,60.0,何首乌,60.0,当归,60.0,栀子,60.0,甘草,30.0
茯苓,30.0,半夏,30.0,陈皮,30.0,桔梗,30.0,地黄,30.0,白术,0.8999999999999999,川芎,0.8999999999999999,人参,0.8999999999999999,芍药,0.8999999999999999,旋覆花,15.0,甘草,15.0
茯苓,30.0,桂心,30.0,人参,30.0,陈皮,60.0,白术,30.0,蓬莪术,30.0,大黄,30.0,茱萸,15.0,厚朴,60.0
芍药,15.0,艾叶,15.0,黑附子,15.0,干姜,15.0,陈皮,30.0,当归,30.0,川芎,0.8999999999999999,甘草,0.8999999999999999,茱萸,0.8999999999999999
赤石脂,30.0,禹余粮,30.0
赤石脂,90.0,龙骨,60.0,艾叶,30.0,黑附子,30.0,肉豆蔻,30.0,缩砂,30.0,高良姜,30.0,干姜,30.0,茱萸,15.0,厚朴,30.0
豉,2.0,竹茹,30.0,米,2.0
蟾酥,6.0,轻扮,1.5,枯矾,3.0,寒水石,3.0,铜绿,3.0,乳香,3.0,没药,3.0,胆矾,3.0,麝香,3.0,雄黄,6.0,蜗牛,21.0,朱砂,9.0
蟾头,2.0,皂荚,0.3,青黛,0.3,丹参,0.3,麝香,0.15,巴豆,7.0
蝉蜕,4.5,菊花,7.0,当归,9.0,地黄,12.0,玄参,12.0,赤芍,9.0,羌活,6.0,连翘,10.5,柴胡,6.0,木贼,6.0,石决明,9.0,草决明,1,白蒺藜,1,蔓荆子,7.0,青葙子,12.0,荆芥,6.75,防风,6.75,薄荷,4.5,升麻,6.0,黄连,3.5,黄芩,6.0,栀子,7.5,黄柏,7.5,枳壳,6.0,龙胆草,4.5,谷精草,6.75,夏枯草,12.0,桔梗,6.0
蚕茧,3.0,白术,3.0,信石,3.0
葱白,14.0,豉,1,干姜,0.3,麻黄,15.0,桂,15.0,芍药,15.0
葱白,6.0,阿胶,9.0,当归,9.0,续断,9.0,芎藭,9.0,银,1
当归,9.0,甘草,9.0,独活,9.0,白芷,9.0,葱头,7.0
椒,60.0,当归,60.0,姜,60.0,菖蒲,60.0,黑附子,60.0
川芎,120.0,香附,120.0,龙胆草,60.0,决明子,60.0,甘草,60.0,木贼,60.0,菊花,60.0
草豆蔻,30.0,人参,30.0,柴胡,30.0,白术,30.0,陈皮,45.0,甘草,15.0
草豆蔻,30.0,黑附子,30.0,茴香,30.0,厚朴,30.0,白术,30.0,桂心,30.0,干姜,30.0,陈皮,30.0,芎藭,30.0,川乌,30.0,木香,30.0,茱萸,30.0
厚朴,6.0,青皮,6.0,草果,4.5,藿香,8.0,甘草,5.25,丁皮,1,神曲,12.5,良姜,1,半夏,6.0
茺蔚,500.0,白蒺藜,500.0,羊桃,500.0,蒴藋根,500.0,漏芦蒿,500.0,盐,1500.0
苍术,15.0,片芩,9.0,甘草,4.5
紫金皮,1,苍术,6.0,猪牙皂角,1,鸡脚风叶,1,骨碎补,6.0
肉苁蓉,60.0,茯苓,60.0,五味子,30.0,牛膝,30.0,五加皮,30.0,地骨皮,30.0,防风,30.0,黄耆,30.0,泽泻,30.0,桂,30.0,磁石,90.0
肉苁蓉,75.0,黄耆,90.0,桂,60.0,杜仲,75.0,牛膝,60.0,茱萸,60.0,韭子,90.0
远志,30.0,菖蒲,30.0,牛膝,30.0,杏仁,24.0
穿山甲,30.0,虎胫骨,30.0,鸡舌香,1.0,麝香,0.065
磁石,0.3,陈皮,0.3,白矾灰,0.3,恶实,0.3,浆水脚,0.3
香附,12000.0,沉香,555.0,缩砂仁,1440.0,甘草,3600.0
沉香,30.0,石斛,30.0,人参,30.0,茯苓,30.0,菟丝子,0.8999999999999999,山芋,30.0,麦门冬,30.0,肉苁蓉,15.0,五味子,0.8999999999999999,地黄,30.0,百合,0.8999999999999999,陈皮,0.8999999999999999,枸杞,0.8999999999999999,黄耆,15.0,巴戟天,15.0,柏子仁,0.8999999999999999,牛膝,30.0
沉香,120.0,乌药,60.0,麦糵,60.0,甘草,90.0
沉香,30.0,黑附子,30.0,川楝,45.0
沉香,15.0,荆三棱,15.0,蓬莪术,15.0,白豆蔻,15.0,荜澄茄,15.0,缩砂仁,15.0,草果仁,15.0,益智仁,15.0,川白姜,15.0,丁香,15.0,人参,15.0,丁皮,15.0,木香,30.0,茯苓,30.0,香附,30.0,藿香,30.0,半夏,30.0,青皮,30.0,陈皮,30.0,甘草,30.3
枳壳,120.0,香附,60.0,槟榔,30.0,延胡索,30.0,三棱,60.0,蓬术,30.0
沉香,15.0,丁香,15.0,木香,15.0,巴豆,7.0,杏仁,7.0
樗根白皮,23.0,无食子,1.0,肉豆蔻,1.0,茜根,15.0,茶末,7.5
臭椿白皮,120.0,苍术,60.0,枳壳,60.0
升麻,6.0,葛根,12.0,甘草,5.25,黄芩,6.0,半夏,6.0,芍药,1,柴胡,6.0
柴胡,30.0,鳖甲,30.0,茯苓,30.0,黄芩,0.8999999999999999,知母,0.8999999999999999,桑白皮,0.8999999999999999,甘草,15.0
柴胡,90.0,黄芩,90.0,陈皮,90.0,泽泻,90.0,羚羊角,90.0,地黄,1.0,香豉,1.0,栀子,120.0,石膏,180.0,皮硝,60.0
柴胡,30.0,知母,15.0,芦根,0.8999999999999999,槟榔,30.0,陈皮,15.0,人参,15.0
柴胡,6.0,栀子,7.5,连翘,10.5,地黄,12.0,黄连,3.5,赤芍,9.0,龙胆草,4.5,青皮,6.0,甘草,5.25
生地,12.0,白芷,9.0,天冬,3.0,青蒿,18.0,柴胡,30.0,玄参,9.0,生耆,9.0,连翘,9.0,百合,15.0,知母,9.0
柴胡,60.0,射干,60.0,防葵,60.0,丹皮,60.0,大黄,60.0,杏仁,60.0,紫菀,60.0,葶苈,60.0,紫苏,60.0
柴胡,6.0,防风,6.75,当归,9.0,人参,6.0,芍药,1,甘草,5.25,黄芩,6.0,滑石,15.0,大黄,16.5
柴胡,30.0,升麻,30.0,黄芩,30.0,黄连,30.0,栀子,30.0,车前子,30.0,决明子,30.0,防风,30.0,羚羊角,30.0,马牙消,30.0,甘草,30.0,玄参,30.0
柴胡,60.0,黄芩,30.0,石膏,30.0,阿胶,60.0,麦门,90.0,甘草,15.0
柴胡,3.0,黄芩,3.0,干姜,2.4,桂枝,2.4,甘草,2.4
熟地,15.0,淮山,6.0,柴胡,4.5,萸肉,4.5,茯苓,4.5,丹皮,4.5,泽泻,3.0
山查,30.0,苏木,9.0
金银花,6.0,薄荷,3.0,白芷,4.5,防风,3.0,芍药,6.0,连翘,6.0,六一散,9.0,大黄,3.0,地肤子,4.5,食盐,4.5,僵蚕,6.0,桑枝,6.0,蝉蜕,3.0
五倍子,4.5,绛真香,1
川乌,15.0,雄黄,15.0,蝉蜕,15.0,川芎,30.0,细辛,30.0
常山,30.0,柴胡,30.0,甘草,30.0,栀子,30.0,茯苓,60.0,石膏,60.0,蜀漆,60.0,鳖甲,60.0
常山,90.0,羚羊角,90.0,乌梅肉,90.0,黄芩,60.0,甘草,45.0
川芎,6.0,荆芥,6.75,细辛,2.0,白芷,6.0,甘草,5.25,羌活,6.0,防风,6.75,薄荷,4.5
川芎,30.0,柴胡,30.0,半夏,15.0,甘草,15.0,甘菊,15.0,细辛,15.0,人参,15.0,前胡,15.0,防风,15.0
猬皮,1.5,雷丸,3.0,川楝,1.5,黑芝麻,1.5,槐角子,1.5,男发,2.1,乳香,6.0,30克,1,6克,1
露蜂房,30.0,蛇蜕,7.5,头发,7.5,川山甲,7.5
藤黄,3.0,雄黄,3.0,雌黄,3.0,丹参,3.0,轻粉,3.0,粉霜,3.0,麝香,3.0,砒霜,3.0,黄丹,3.0,牡蛎,15.0,红藤根,15.0,干漆,15.0
猪牙皂角,30.0,丝瓜子,36.0,北细辛,9.0,干蟾酥,1.5
干胭脂,1,螵蛸,1,龙骨,16.5,枯矾,1,冰片,0.22499999999999998,密陀僧,0.35,胆矾,0.44999999999999996,青黛,2.25,硼砂,2.25,黄连,3.5,赤石脂,10.5,麝香,0.065
火消,1,牙皂,1,全蝎,4.5,雄黄,0.07500000000000001,硼砂,2.25,白矾,1.05,胆矾,0.44999999999999996
紫荆皮,10.5,乳香,4.0,甘草,5.25,白芷,6.0,没药,4.0
苍术,60.0,枳壳,30.0,桔梗,30.0,陈皮,30.0,芍药,30.0,白芷,30.0,川芎,30.0,当归,30.0,交趾桂,15.0,半夏,15.0,粉草,15.0,麻黄,15.0,军姜,15.0,厚朴,15.0,木香,15.0,杏仁,15.0,茯苓,15.0
漏芦,3.0,通草,3.0,贝母,6.0,白芷,3.0
梅花蕊,6.0,桃花蕊,6.0,经霜丝瓜,6.0,朱砂,6.0,甘草,3.0
茱萸,1,黄连,3.5,白芜荑仁,1,柴胡,6.0
鳖甲,30.0,甘草,30.0,冬瓜汁,4.0,车前叶,1.0,常山,15.0
鳖甲,30.0,柴胡,0.8999999999999999,茯苓,15.0,子芩,15.0,诃黎勒皮,0.8999999999999999,槟榔,3.0,芍药,15.0,当归,15.0,陈皮,0.8999999999999999,知母,15.0,大黄,15.0,甘草,15.0
鳖甲,16.5,肉苁蓉,7.5,陈皮,6.0,青皮,6.0,三棱,6.75,莪术,7.5,神曲,12.5,麦芽,12.0,茯苓,12.0,半夏,6.0,秦艽,6.0,柴胡,6.0,香附,7.5,甘草,5.25
鳖甲,45.0,防葵,30.0,人参,30.0,前胡,30.0,桔梗,30.0,枳壳,30.0,当归,30.0,黑附子,30.0,干姜,30.0,白术,30.0,槟榔,60.0,大黄,60.0,厚朴,90.0,茱萸,90.0,甘草,30.3
河车,1.0,鳖甲,15.0,桔梗,15.0,芍药,15.0,大黄,15.0,甘草,15.0,苦参,15.0,贝母,15.0,知母,15.0,秋石,15.0,豉心,15.0,草龙胆,15.0,黄药子,15.0,莪术,15.0,犀角,15.0,皮硝,15.0
苍术,500.0,台乌,250.0,白术,250.0,黄连,250.0,羌活,250.0,川乌,120.0,草乌,120.0,细辛,120.0,紫草,120.0,防风,120.0,独活,120.0,藁本,120.0,白芷,120.0,香附,120.0,当归,120.0,荆芥,120.0,天麻,120.0,官桂,120.0,甘松,120.0,三奈,120.0,干姜,120.0,麻黄,120.0,芍药,120.0,牙皂,120.0,甘草,120.0,麝香,0.8999999999999999
白及,15.0,白蔹,15.0,白矾,30.0,剪草,45.0,茱萸,0.3,水银豌豆大,1,麝香,0.065
人参,6.0,茯苓,12.0,柴胡,6.0,前胡,6.0,羌活,6.0,甘草,5.25,川芎,6.0,独活,6.0,桔梗,6.0,枳壳,6.0,陈皮,6.0
贝齿,30.0,葵子,90.0,石燕,60.0,滑石,60.0
贝母,7.5,桔梗,7.5,马兜铃,7.5,百合,7.5,款冬花,7.5,半夏,7.5,干姜,7.5,防己,7.5,麻黄,7.5,甘草,15.0,杏仁,15.0
水银,30.0,黑铅,0.3,巴豆,30.0,黄明胶,1.0,百草霜,60.0,香墨1寸,1,腻粉,0.3,干蝎,0.3,铅白霜,0.3,青黛,0.3,丹参,0.3
破故纸,90.0,牛膝,90.0,骨碎补,30.0,桂心,45.0,槟榔,60.0,安息香,60.0
厚朴,30.0,桃仁,30.0,杏仁,30.0,紫石英,15.0,白鲜皮,15.0,五加皮,15.0,桑白皮,15.0
黄耆,12.0,当归,9.0,川芎,6.0
白附子,30.0,半夏,30.0
当归,6.0,川芎,4.5,白芍,4.5,茯苓,4.5,苍术,3.0,荆芥,3.0,防风,3.0,生地,3.0,熟地,3.0,牛子,3.0,红花,1.5,甘草,1.2
茯苓,90.0,防风,60.0,桂心,60.0,白术,60.0,细辛,60.0,茱萸,60.0,薯蓣,60.0,泽泻,60.0,黑附子,60.0,地黄,60.0,紫菀,60.0,牛膝,90.0,芍药,60.0,丹参,60.0,黄耆,60.0,沙参,60.0,苁蓉,60.0,干姜,60.0,玄参,60.0,人参,60.0,苦参,60.0,独活,60.0
淫羊藿,6.0,菟丝子,9.0,金樱子,9.0,狗脊,9.0,女贞子,9.0
茴香,60.0,巴戟天,60.0,肉苁蓉,60.0,丹皮,60.0,枸杞,60.0,破故纸,60.0,白蒺藜,120.0,生地,120.0,熟地,120.0,辰砂,18.0
山萸,1,当归,9.0,五味子,3.75,山药,22.5,黄耆,12.0,川芎,6.0,熟地,1,木瓜,7.5,白术,9.0,独活,6.0,枣仁,1
桑叶,3.0,枸杞,4.5,小胡麻,4.5,望月砂,9.0,何首乌,9.0,石决明,1.0,菊花,3.0,穞豆皮,9.0
黄蜡,120.0,猪油,120.0,乳香,30.0,没药,30.0,松香,500.0,麻油,500.0
黑附子,30.0,黄耆,30.0,牛膝,30.0,肉苁蓉,15.0,黄蜡,15.0,川椒,0.8999999999999999,白蒺藜,0.8999999999999999
晕死鹅,4.0,紫河车,1.0,升麻,500.0
黄耆,9.0,潞参,4.5,白术,4.5,归身,4.5,白芍,3.0,枣仁,4.5,冬虫草,3.0,黑附子,1.5,上元桂,1.5,蔻米,1.5,干姜,1.5,半夏,3.0,陈皮,1.5,降香,0.8999999999999999,炙草,2.4
天竺黄,15.0,沉香,9.0,天门冬,60.0,芍药,90.0,茯神,120.0,远志,60.0,麦门冬,60.0,甘草,18.0,旋覆花,45.0,苏子,30.0,香附,90.0,半夏,60.0,皂角荚,60.0
黄耆,60.0,当归,60.0,地黄,60.0,人参,30.0,茯苓,30.0,芍药,30.0,五味子,30.0,牛膝,30.0,陈皮,30.0,麦门冬,30.0,枳壳,30.0,甘草,30.0,柴胡,45.0
黄耆,1.5,人参,9.0,甘草,1.5,红花,0.3,芍药,0.8999999999999999,葛根,1.5,当归,0.6,陈皮,0.8999999999999999,升麻,0.8999999999999999,柴胡,1.7999999999999998,黄柏,0.6,黄芩,0.8999999999999999,甘草,0.8999999999999999
薄荷,4.5,白蜜,1
蓖麻子1000颗,1,矾石,30.0,黑豆6颗,1
破故纸,30.0,续断,30.0,川乌,30.0,防风,30.0,萆薢,30.0,芍药,30.0,地黄,30.0,独活,30.0,白芷,30.0,没药,30.0,杜仲,30.0,茴香,60.0,白术,60.0
菝葜,30.0,汤瓶内硷,30.0,乌梅,60.0
荜茇,2.25,胡椒,1.05
荜澄茄,30.0,干姜,0.8999999999999999,陈皮,30.0,厚朴,30.0,桂,0.8999999999999999,阿魏,15.0,肉豆蔻,3.0,缩砂,15.0,草豆蔻,3.0,甘草,0.8999999999999999,黑附子,30.0,荜茇,0.3,白术,15.0
南硼砂,15.0,硇砂,15.0,乳香,15.0,铜绿,15.0,螺儿粉,15.0,4味入猪胆汁和膏,1,摊碗内,1,艾烟熏,1,就入：轻粉,3.0,沙糖,3.0,麝香,3.0,龙脑,1.5,猪胆,2.0
白矾,3.0,粉霜,3.0,朱砂,3.0,天南星,3.0,蜈蚣,2.0,白僵蚕,7.0,麝香1字,1,鹞鸱头,1.0
百部,45.0,百合,45.0,木通,45.0,芍药,45.0,枳壳,2.0,茯苓,60.0,柴胡,60.0
前胡,6.0,柴胡,6.0,葶苈,1,半夏,6.0,麻黄,5.5,羌活,6.0,独活,6.0,桔梗,6.0,人参,6.0,陈皮,6.0,白术,9.0,枳壳,6.0,甘草,5.25,茯苓,12.0,芎?,1,石膏,37.5,杏仁,6.5
黄蜀葵花,7.0,黄柏,15.0,黄连,6.0,栀子,3.0,郁金,1.0
丁香,50.0,陈皮,9.0,茴香,9.0,三棱,9.0,莪术,9.0,砂仁,30.0,白豆蔻,30.0,干姜,9.0,生姜,30.0,甘草,6.0
乳香,9.0,没药,9.0,黑附子,9.0,血竭,9.0,川乌,9.0,草乌,9.0,檀香末,9.0,降香末,9.0,贝母,9.0,麝香,9.0,丁香,49.0,净蕲艾绵,30.0
龙骨,15.0,麝,1
白鲜皮,45.0,女萎,45.0,防风,45.0,细辛,45.0,升麻,45.0,苍耳,45.0,桂,45.0,黑附子,45.0,五味子,45.0,菖蒲,45.0,白蒺藜,45.0,黄耆,90.0
白附子,60.0,黑附子,60.0,黄狗头骨,120.0
白豆蔻,0.8999999999999999,白术,0.8999999999999999,甘草,15.0,厚朴,15.0,枳壳,15.0,桂心,15.0,陈皮,0.8999999999999999,高良姜,15.0,茯苓,0.8999999999999999,半夏,15.0,诃黎勒皮,0.8999999999999999,人参,0.8999999999999999
白蜜,2.0,腊月猪肪,1.0,麻油,250.0,地黄,1.0
白薇,30.0,紫石英,30.0,琥珀,30.0,芍药,30.0,桂心,30.0,续断,30.0,防风,30.0,茱萸,30.0,当归,30.0,柏子仁,30.0,川乌,30.0,丹皮,30.0,木香,15.0,麝香,1.5
鹿茸,30.0,白蔹,0.8999999999999999,狗脊,15.0
茯苓,45.0,芍药,45.0,芎藭,45.0,桂,30.0,大腹皮,30.0,枳壳,30.0,地黄,30.0
丁香,0.3,桑叶,0.3,人参,0.3,藿香,0.3,白茅根,0.3
白芷,30.0,黄连,30.0,地榆,30.0
白花蛇,150.0,露蜂房,60.0,苦参,45.0,防风,30.0,丹参,30.0,栀子,30.0,薯蓣,30.0,秦艽,30.0,玄参,30.0,白蒺藜,30.0,独活,30.0
当归,30.0,芍药,30.0,鹿茸,30.0,地黄,30.0
螵蛸,0.8999999999999999,白及,0.8999999999999999,轻粉,0.3
白矾,30.0,盐花,30.0
白石英,60.0,皮硝,60.0,凝水石,60.0,茯苓,90.0,人参,90.0,地骨皮,90.0,泽泻,90.0,苦参,90.0,甘草,90.0,麦门冬,90.0
乳香,3.0,芸香末,3.0,铅粉,6.0,蓖麻子,30.0
零陵香,15.0,白芷,15.0,青盐,15.0,升麻,15.0,细辛,6.0,麝香,1.5,砂锅,30.0,石膏,30.0
白杨皮,1.0,地骨皮,30.0,川椒,30.0,杏仁,0.3,苍耳子,0.3,高良姜,15.0,地黄,15.0,细辛,15.0
茯苓,15.0,白术,15.0,天南星,30.0,白附子,30.0,白矾,0.8999999999999999,半夏,90.0
羊肾,1.0,白术,150.0,生姜,180.0,玄参,120.0,泽泻,60.0,芍药,90.0,茯苓,90.0,淡竹叶,2.0,地黄,1.0
白术,9.0,厚朴,6.0,桂心,1,桔梗,6.0,干姜,6.0,人参,6.0,当归,9.0,茯苓,12.0,甘草,5.25
白术,0.8999999999999999,木香,15.0,诃黎勒皮,0.8999999999999999,桂心,0.8999999999999999,甘草,0.3,丁香,15.0,人参,15.0,厚朴,30.0,陈皮,30.0,草豆蔻,30.0
白术,30.0,草豆蔻,30.0,槟榔,30.0,甘草,15.0,桂心,0.6,桔梗,30.0,人参,30.0,前胡,0.8999999999999999,诃黎勒,30.0,茯苓,0.8999999999999999,枳实,15.0
白术,15.0,当归,15.0,芎藭,15.0,干姜,0.3,陈皮,0.3,甘草,0.3
白术,15.0,五味子,15.0,丁香,15.0,人参,15.0,款冬花,15.0,细辛,0.3
白术,1.7999999999999998,干姜,1.7999999999999998,人参,1.7999999999999998,厚朴,1.7999999999999998,桂心,1.7999999999999998,细辛,1.7999999999999998,茯苓,1.7999999999999998,当归,1.7999999999999998,茯神,1.7999999999999998,积实,1.7999999999999998,五味子,1.7999999999999998,黑附子,1.7999999999999998,茱萸,1.7999999999999998,远志,1.5,旋覆花,1.2,泽泻,1.5
薄荷,60.0,冰片,18.0,石膏,600.0,滑石,600.0
白垩,0.9,龙骨,0.9,芍药,0.9,黄连,15.0,当归,15.0,茯苓,15.0,黄芩,15.0,瞿麦,15.0,白蔹,15.0,石韦,15.0,甘草,15.0,牡蛎,15.0,细辛,15.0,黑附子,15.0,禹余粮,15.0,白石脂,15.0,人参,15.0,乌贼骨,15.0,藁本,15.0,甘皮,15.0,大黄,15.0
白前,90.0,桑白皮,90.0,地黄,1.0,茯苓,150.0,地骨皮,120.0,麻黄,60.0,生姜,180.0
白僵蚕,15.0,麝香,15.0,乌蛇,15.0,丹参,15.0,干蝎,15.0,木香,15.0,龙骨,15.0,蝉蜕,15.0,杜仲,15.0,天麻,15.0,原蚕蛾,15.0,雄黄,15.0
猬皮,1.0,皂角刺,60.0,藤子,1.0,猪牙皂角,30.0,白矾,15.0
槟榔,1.0,木香,3.75,黄蜀葵花,4.5,黄连,3.5
槟榔,9.0,生姜,3.0,紫苏7叶,1,陈皮,3.0
槟榔,0.8999999999999999,羚羊角,0.8999999999999999,木香,0.8999999999999999,郁李仁,0.8999999999999999,茱萸,0.3,陈皮,0.8999999999999999
槟榔,30.0,桑白皮,30.0,紫苏,30.0,诃黎勒皮,30.0,罗卜子,30.0
槟榔,1.0,木香,3.0
槟榔,15.0,防己,0.8999999999999999,芍药,0.8999999999999999,羚羊角,0.8999999999999999,人参,15.0,茯苓,15.0,薏仁,30.3,独活,0.8999999999999999,芎?,15.0,桂,15.0,黑附子,30.0,防风,30.0,枣仁,0.8999999999999999,当归,15.0,柏子仁,15.0,杏仁,0.8999999999999999,地黄,30.0
槟榔,0.3,丁香,0.3,大黄,15.0,桂心,0.3,陈皮,15.0,诃黎勒皮,15.0,人参,0.3
慈竹1段,1,黄柏,7.5
柏子仁,25.0,党参,25.0,黄芪,100.0,川芎,100.0,当归,100.0,茯苓,200.0,远志,25.0,枣仁,25.0,肉桂,25.0,五味子,25.0,半夏,100.0,甘草,10.0,朱砂,30.0
柏子仁,30.0,巴戟天,60.0,远志,30.0,五味子,30.0,牛膝,60.0,地黄,90.0,桂,30.0,肉苁蓉,60.0,鹿茸,45.0,菟丝子,45.0,破故纸,60.0,干漆,30.0
侧柏叶,0.8999999999999999,芍药,0.8999999999999999,艾,0.8999999999999999,地黄,30.0,禹余粮,30.0,麒麟竭,30.0,当归,0.8999999999999999,牛角,0.8999999999999999
斑蝥,180.0,黄蜡,270.0,猪脂,90.0
川芎,45.0,菊花,30.0,蔓荆子,60.0,蝉蜕,30.0,蛇蜕,9.0,蒙花,60.0,薄荷,15.0,木贼草,60.0,荆芥,30.0,黄连,15.0,楮桃仁,15.0,地骨皮,30.0,花粉,18.0,炙草,9.0,川椒,21.0,当归,45.0,白蒺藜,45.0
蔓荆子,6.0,木贼草,6.0,蒙花,6.0,川芎,6.0,白蒺藜,7.5,当归,7.5,甘菊,6.0,薄荷,1.5,黄连,1.7999999999999998,蝉蜕,1.7999999999999998,楮实,1.7999999999999998,花粉,1.7999999999999998,地骨皮,2.4,川椒,2.1,甘草,1.2
乳香,15.0,蟾酥,15.0,白信,15.0,没药,15.0,丁香,15.0,血竭,15.0,麝香,0.3,斑蝥,15.0,胆矾,0.6,雄黄,0.8999999999999999,灵磁石,15.0,蓖麻仁,30.0
槟榔,1.0,红娘子,1.0,狗脊,30.0,丹参,30.0,赤石脂,30.0,黄连,30.0,轻粉,3.0
琥珀,15.0,辰砂,9.0,雄黄,21.0,胆南星,63.0,僵蚕,12.0,全蝎,9.0,丹参,3.0,麝香,1.5,天竺黄,21.0,茯苓,30.0
蒲黄,7.0,螺儿清,1
黄连,3.0,黄芩,3.0,大黄,3.0,栀子,3.0,青黛,3.0,细辛,0.8999999999999999,干姜,0.8999999999999999
巴豆,1.0,丹参1字,1,干姜1字,1,麝香1字,1
巴戟天,15.0,茴香,30.0,胡桃仁,30.0
当归,60.0,黄连,120.0,白芍,60.0,白术,30.0,山楂,30.0,石莲子,30.0,苍术,30.0,枳壳,9.0,麦芽,30.0,神曲,30.0,肉豆蔻,30.0,木香,30.0
大黄,16.5,巴霜,1,葛根,12.0
半夏,15.0,茯苓块,15.0,川连,3.0,厚朴,9.0,通草,24.0
半夏,1.5,茯苓,0.9,地黄,0.9,陈皮,0.6000000000000001,细辛,0.6000000000000001,人参,0.6000000000000001,芍药,0.6000000000000001,旋覆花,0.6000000000000001,芎藭,0.6000000000000001,桔梗,0.6000000000000001,甘草,0.6000000000000001,生姜,1.5
半夏,150.0,白术,90.0,茯苓,60.0,人参,60.0,桂,60.0,甘草,60.0,黑附子,60.0
半夏,30.0,茯苓,60.0
半夏,150.0,麦门冬,150.0,茱萸,90.0,当归,90.0,阿胶,90.0,干姜,30.0,枣仁,12.0
半夏,30.0,前胡,30.0,射干,30.0,白术,30.0,桂心,30.0,人参,30.0,枳壳,30.0
半夏,15.0,知母,15.0,桔梗,15.0,黄耆,30.0,柴胡,60.0,鳖甲,30.0,人参,15.0,茯苓,15.0,秦艽,15.0,麦门冬,15.0,芍药,15.0,甘草,0.3,乌梅肉,15.0,大腹皮,0.8999999999999999
半夏,1.0,厚朴,90.0,茯苓,120.0,生姜,150.0,干苏叶,60.0
半夏,0.3,甘草,1.2,远志,1.2,干姜,0.6,桂心,0.6,细辛,0.6,椒,0.6,黑附子,0.6
冰片,2.4,人中白,3.0,黄柏,3.0,蒲黄,3.0,薄荷,4.5,黄连,4.5,甘草,1.5,青黛,1.5,硼砂,1.5,朴消,1.5,枯矾,1
冰片,1.5,硼砂,1.5
藿香,250.0,白芷,500.0,前胡,500.0,黄耆,1000.0,甘草,1000.0,人参,1000.0,羌活,1500.0,防风,1500.0
白术,9.0,茯苓,12.0,山药,22.5,莲肉,1,芡实,12.0,陈皮,90.0,甘草,90.0,腊米,3.0
八物汤加阿胶,1,艾叶,6.0
天龙,4.0,全蝎,7.0,甲片,6.0,儿茶,3.0,蝉蜕,3.0,雄精,4.5,冰片,0.8999999999999999,麝香,0.6
藿香,30.0,破故纸,30.0,大腹皮,30.0,槟榔,30.0,雄黄,30.0,轻粉,30.0,丹参,30.0,枯白矾,30.0
黄芩,15.0,黄连,15.0,黄柏,15.0,蒲黄,15.0,雄黄,6.0,蛇蜕,6.0,鸡内金,6.0,丁香,6.0
茱萸,24.0,山药,24.0,丹皮,24.0,云苓,24.0,泽泻,15.0,熟地,24.0,五味子,15.0,炙黄耆,30.0
五加皮,180.0,白术,120.0,何首乌,90.0,生地,90.0,当归,90.0,虎胫骨,60.0,续断,60.0,杜仲,60.0
地黄,900.0,五味子,120.0,天门冬,360.0,菖蒲,180.0,远志,120.0,石韦,120.0,茯苓,60.0,桂心,60.0
辰砂,30.0,椒,45.0
山药,120.0,杜仲,90.0,续断,60.0
金箔,200.0,腻粉,15.0
蛇蜕皮,0.3,丹参,3.0
杏仁,120.0,萝卜子,120.0,麦糵,120.0,神曲,120.0
羌活,1.7999999999999998,麻黄,1.7999999999999998,生地,1.2,黄柏,1.2,升麻,1.2,甘草,1.2,黄连,1.2,归身,1.2,防风,0.8999999999999999,川芎,0.8999999999999999,黄芩,0.8999999999999999,藁本,0.8999999999999999,柴胡,0.8999999999999999,干葛,0.8999999999999999,苍术,0.8999999999999999,红花,0.6,细辛,0.6,苏木,0.6,陈皮,0.6,白术,0.6,吴萸,0.3,连翘,0.3
山楂,18.0,苍术,9.0,白术,9.0,半夏,9.0,黄芩,9.0,茯苓,9.0,陈皮,9.0,萝卜子,6.0,黄连,12.0,神曲,12.0,茱萸,3.0,连翘,3.0
粉草,1,升麻,6.0,当归,9.0,川芎,6.0,黄耆,12.0,芍药,1,山栀,1,乳香,4.0,黄芩,6.0,羌活,6.0,桔梗,6.0,花粉,1,青皮,6.0,白芷,6.0
丁香,6.0,木香,6.0,槟榔,9.0,川楝,9.0,锡灰,9.0,干漆,9.0,巴霜,3.0
大石蟹,1.0,黄连,3.5,黄柏,7.5,黄芩,6.0,大黄,16.5,细辛,2.0,桔梗,6.0,防风,6.75,荆芥,6.75,栀子,7.5,薄荷,4.5,羌活,6.0,乌药,6.0,陈皮,6.0,枳壳,6.0,前胡,6.0,当归,9.0,姜黄,6.0,木贼,6.0,菊花,7.0,干姜,6.0,桑白皮,9.0
