人参,30克,黄芪,30克,熟地,30克,白术,15克,当归,15克,山萸肉,15克,阿胶,3克,黑芥穗,3克,甘草,3克,香附,1.5克,木耳炭,3克
白芍,5钱,生地,5钱,当归,5钱,甘草,1钱,熟地,1两,山萸肉,2钱,枸杞子,2钱,甘菊花,3钱
牛膝,None,酒浸,None,当归,None,酒浸,None,菟丝子,None,酒浸,None,地骨皮,None,远志,None,石菖蒲,9节,绵黄耆,None,熟干地黄,None
川巴戟,1两半,用荔枝肉,1两,同炒赤色,None,高良姜,1两,用麦门冬,1两半,同炒赤色为度,None,川楝子,2两,用降真香,1两,锉碎同炒,None,油出为度,None,吴茱萸,1两半,用青盐,1两,同炒后,None,茱萸炮,None,芦巴子,1两,同炒后,None,胡芦巴炮,None,山药,1两半,茯苓,1两,同炒赤色,None,香附,1两半,用牡丹皮,1两,同炒焦色,None
川巴戟,45克,用荔枝肉,30克,同炒赤色,None,高良姜,30克,用麦门冬,45克,同炒赤色为度,None,川楝子,60克,用降真香,30克,锉碎同炒,None,油出为度,None,吴茱萸,45克,用青盐,30克,同炒后,None,茱萸炮,None,芦巴子,30克,同炒后,None,胡芦巴炮,None,山药,45克,茯苓,30克,同炒赤色,None,香附,45克,用牡丹皮,30克,同炒焦色,None
青葙子,1两,草决明,1两,葶苈子,1两,车前子,1两,五味子,1两,枸杞子,1两,地肤子,1两,小胡麻,1两,麦冬,1两,生干地黄,1两,细辛,1两,肉桂,1两,赤苓,1两,泽泻,1两,防风,1两,黄芩,1两
破故子,2两半,骨碎补,2两,杜仲,1两,川牛膝,1两,续断,1两,肉苁蓉,1两,黑,None,豆,1两,当归,1两,鸡血藤膏,None,或用鸡血藤,3两,三七,None,可用竹节,None,琥珀,None,或用乳香,5钱,血竭,5钱,沉香,5钱
柏子仁,1两,薏苡仁,1两,乌麻仁,1两,车前子,1两,枸杞子,1两,菟丝子,1两,牡荆子,0.5两,青葙子,0.5两,五味子,0.5两,蛇床子,0.5两,肉桂,0.5两,菊花,0.5两,山药,0.5两,熟干地黄,1两,肉苁蓉,None,茯苓,1两
蓟茅根,60g,鸡内金,6g,女贞子,12g,旱莲草,12g,柏子仁,12g,生地,15g,冬瓜皮,9g,陈葫芦,9g,车前子,9g
鳖甲,9克,龟板,9克,生地,9克,枸杞子,9克,麦冬,9克,白芍,9克,夜交藤,15克,地骨皮,9克,茯神,9克,丹皮,6克
山茱萸肉,15克,当归,15克,五味子,15克,山药,15克,黄芪,15克,川芎,15克,木瓜,15克,熟地,3克,白术,3克,独活,12克,酸枣仁,12克
当归,9g,熟地,9g,白芍,12g,川芎,3g,枸杞子,9g,酸枣仁,9g,龙齿,6g
生地,2钱,当归,1钱,白芍,8分,柴胡,6分,杜仲,8分,酸枣仁,1钱,车前子,8分,牛膝,8分
海螵蛸,4钱,枸杞子,4两,人归身,1两,杜仲,4两,香附,2两
蛇床子,1钱半,巴戟天,5钱,牛膝,1钱半,续断,2钱,熟地,3钱,炒黄柏,5分,鹿角胶,2钱,蒸首乌,5钱,云茯苓,3钱,山药,1钱半
昆黄芪,30克,党参,20克,山萸肉,20克,桑枝,10克,桂枝,10克,杜仲,10克,当归,10克,川芎,10克,白芍,10克,干姜,10克
当归,9克,杜仲,9克,黄芪,12克,党参,9克,续断,9克,菟丝子,9克,川羌,9克,鹿角霜,9克,枸杞子,9克,伸筋草,6克,何首乌,9克,城草,3克,山楂,9克,谷芽,9克
羚羊粉,0.5两,生地,0.5两,熟地,0.5两,肉苁蓉,0.5两,枸杞子,0.5两,防风,0.5两,草决明,0.5两,楮实子,0.5两,甘菊花,1两,川羌,1两,当归,1两,羊子肝,4两,川芎,0.5两
菟丝子,1斤,用酒浸,None,熟干地黄,1斤,车前子,0.5斤,枸杞子,0.5斤,地骨皮,0.5斤,茯苓,0.5斤,甘菊花,0.5斤
菟丝子,1斤,用酒浸,None,熟干地黄,1斤,车前子,0.5两,枸杞子,0.5两,蔓荆子,0.5两,丹皮,0.5两,麻黄,0.5两,黑丑,2钱,射干,3分
潞参,3钱,白术,3钱,山药,3钱,巴戟天,5钱,覆盆子,5钱,神曲,1钱,桑螵蛸,3钱,葫芦巴,2钱,芡实,3钱,西茴,1钱
盐枸杞,9g,巴戟天,9g,制续断,9g,当归,9g,白芍,9g,枳壳,9g,泽泻,9g,木瓜,9g,萆薢,9g,川厚朴,6g,防己,12g,云茯芩,12g,北黄耆,15g,竹茹,30g
熟地,15g,生麻黄,3g,白芥子,3g,干姜,6g,杜仲,12g,狗脊,12g,肉桂,6g,菟丝子,12g,牛膝,9g,续断,9g,丝瓜络,6g
参,None,苓,None,草,None,白芍,None,芎?,None,熟地,None,香附,None,陈皮,None,阿胶,None,杜仲,None,续断,None,乌梅,None,黄芪,None
熟地,90克,丹皮,36克,夭冬,36克,当归,36克,枸杞子,36克,牛膝,36克,山药,36克,女贞子,36克,茯苓,36克,龟板,36克,杜仲,36克,续断,36克,人参,15克,黄柏,15克
人参,80两,鹿茸,80两,巴戟天,80两,党参,80两,山药,80两,桑寄生,80两,白芍,80两,莲子,80两,锁阳,80两,苍术,32两,乳香,32两,附子,32两,川牛膝,112两,熟地,160两,酸枣仁,160两,甘草,160两,香附,160两,杜仲,160两,何首乌,48两,麦冬,48两,牡蛎,48两,枸杞子,48两,龙骨,48两,肉桂,48两,远志,40两,覆盆子,64两,破故子,64两,茯苓,240两,白术,240两,没药,16两,桂圆肉,320两,琥珀,96两,黄芪,96两,砂仁,152两,山萸肉,128两,当归,128两,大枣,176两,肉苁蓉,160两,续断,48两,沉香,48两,陈皮,320两,生地,32两,木香,80两,白术,160两
柴胡,None,青皮,None,香附,None,丹皮,None,焦栀,None,当归,None,川芎,None,白芍,None,生地,None,蒲黄,None,荆芥,None,棕榈,None
车前子,1两,羚羊角屑,1两,防风,1两,菟丝子,None,草决明,1两半
肉苁蓉,None,刮去皴皮及沙石,None,细切,None,牛膝,None,酒浸,None,菟丝子,135克,以软烂为度,None,木瓜,4枚,只用小黄熟木瓜,10枚,并削,None,别以酒煮烂为度,None,入沙盆研如泥,None,又用法酒,10升,匀调同煎四味,None,入银器内重汤慢火熬成膏,None,不住手搅,None,勿令焦,None,仍相度后药末多少,None,或硬,None,更入炼熟好蜜,None,亦须带软搜,None,所贵滋润,None,附子,6枚,以青盐末,90克,拌和匀,None,麋角,150克,用酥拌和,None,花椒,120克,肉豆蔻仁,60克,破故子,90克,楮实子,None,淘去浮者,105克,巴戟天,90克,木香,60克,鹿茸,90克,肉桂,90克,蛇床子,60克,槟榔,60克,干姜,90克
石斛,1两半,萆薢,1两,柏子仁,None,石龙芮,3分,泽泻,3分,附子,1两,杜仲,1两,牛膝,1两半,赤芍,3分,云母粉,1两,松柏,1两,防风,3分,山萸肉,3分,菟丝子,1两,细辛,3分,鹿茸,1两,巴戟天,1两
人参,5钱,茯神,5钱,芦荟,5钱,琥珀,5钱,蔓荆子,5钱,川芎,1两,生地,1两,熟地,1两,小胡麻,1两,蝉蜕,1两,车前子,7钱半,细辛,7钱半,蒺藜,7钱半,远志,7钱半,全蝎,5枚
杜仲,30g,丹参,30g,川芎,20g,江米酒,750ml
当归身,9g,白芍,6g,酒生地,15g,玄参,9g,丹皮,6g,车前子,9g,酒茺蔚子,3g
地肤子,3分,蓝子,1分,蒺藜,3分,车前子,0.5两,甜瓜子,0.5两,小胡麻,1分,青葙子,3分,细辛,0.5两,萤火虫,1分,草决明,3分,黄连,3分,覆盆子,3分,生干地黄,1两,菟丝子,3分
地黄,2斤,杏仁,0.5斤,石斛,4两,石斛,4两,牛膝,4两,防风,4两,枳壳,4两
熟干地黄,None,牛膝,None,酒浸,None,石斛,3分,肉苁蓉,None,酒浸,None,茵芋,None,防风,0.5两,川芍,0.5两,五味子,0.5两,肉桂,0.5两,附子,0.5两,薏苡仁,0.5两
熟地,24克,山萸肉,12克,干山药,12克,泽泻,9克,丹皮,9克,茯苓,9克
地龙,9克,苏木,9克,桃仁,9克,土元,9克,麻黄,3克,黄柏,3克,元胡,10克,制乳没,10克,当归,12克,续断,12克,乌药,12克,甘草,6克
西洋参,3g,黄芪,9g,当归,6g,川芎,4.5g,熟地,15g,白芍,9g,枸杞子,15g,山药,15g,续断,9g,砂仁,3g,三七,4.5g,破故子,9g,骨碎补,9g,木瓜,9g,甘草,3g
西洋参,3克,黄芪,9克,当归,6克,川芎,4.5克,熟地,15克,白芍,9克,枸杞子,15克,山药,15克,续断,9克,砂仁,3克,三七,4.5克,破故子,9克,骨碎补,9克,木瓜,9克,甘草,3克
熟地,9钱,山萸肉,4钱,山药,3钱,五味子,2钱,麦冬,2钱,玄参,3钱,川芎,3钱,当归,3钱,玉竹,1两
当归,15克,酒熟地,15克,杜仲,15克,制苁蓉,15克,炙黄耆,15克,酒天冬,15克,麦冬,15克,五味子,15克,人参,15克,怀牛膝,15克,鹿茸,15克,杏仁,15克,蛇床子,15克,酒川断,15克,紫梢花,15克,菟丝子,15克,虎胫骨,15克,谷精草,15克,香附,15克,酒生地,15克,制远志,15克,制山甲,15克,木鳖子,15克,男子头发,15克,大蛤蚧,1对
独活,9克,槲寄生,6克,杜仲,6克,牛膝,6克,细辛,6克,秦艽,6克,茯苓,6克,肉桂,6克,防风,6克,川芎,6克,人参,6克,甘草,6克,当归,6克,白芍,6克,生地,6克
独活,3两,槲寄生,2两,杜仲,2两,牛膝,2两,细辛,2两,秦艽,2两,茯苓,2两,肉桂,2两,防风,2两,芎?,2两,人参,2两,甘草,2两,当归,2两,白芍,2两,生地,2两
杜仲,15克,五味子,6克,羊腰,500克,葱姜,None,料酒酱油,None,芡粉汁,None,素油,None
杜仲,240克,石楠,60克,川羌,120克,大附子,5枚
熟地,240克,山萸肉,120克,山药,120克,丹皮,None,泽泻,None,浙茯苓如克,None,磁石,60克,石菖蒲,45克,五味子,15克
人参,1.5g,玄参,9g,熟地,9g,当归,9g,白芍,9g,旱莲草,9g,麦冬,9g,车前子,9g
女贞子,500g,墨旱莲,500g
桑寄生,18克,何首乌,20克,黄精,20克
桑椹清膏,125g,四叶参,250g,甘草,31.25g,炒冬术,93.75g,白芍,62.5g,熟地,62.5g,麦冬,62.5g,黄精,125g,金樱子肉,93.75g,夜交藤,62.5g,女贞子,93.75g,旱莲草,62.5g,陈皮,46.875g,大枣,31.25g
覆盆子,3两半,巴戟天,2两,肉苁蓉,None,远志,2两,牛膝,None,五味子,2两,续断,2两,山萸肉,1两
生地,24克,熟地,24克,白芍,12克,茯苓,12克,海螵蛸,12克,枸杞子,10克,菊花,10克,防风,10克,柏子仁,10克,细辛,2克,柴胡,6克,甘草,6克,山药,15克
熟地,None,枸杞子,None,山萸肉,None,五味子,None,茯神,None,菊花,None,生神曲,None,谷精草,None,山药,None
山药,15g,怀牛膝,9g,何首乌,12g,山萸肉,6g,生白术,6g,熟地,9g,益智仁,3g,西党参,6g,云茯茶,9g,当归,6g,牡蛎,15g,生龟板,15g,大枣,3枚
熟地,60克,骨碎补,60克,炙马钱子,60克,鸡血藤,60克,肉苁蓉,60克,三七,30克,净乳香,30克,净没药,30克,老川芎,30克
牛骨髓,250g,人参,15g,熟地,30g,龙骨,30g,鹿角胶,30g,冬虫夏草,30g,何首乌,30g,北沙参,30g
绵黄耆,2两,酸枣仁,4两,人参,None,白芍,None,当归,None,生地,None,茯苓,None,甘草,None,陈皮,None
冬瓜子,2合,青葙子,2合,小胡麻,2合,枸杞子,2合,牡荆子,2合,蒺藜,2合,菟丝子,2合,芜菁子,2合,草决明,2合,地肤子,2合,柏子仁,2合,肉桂,2两,菠仁,1合,细辛,0.5两,蘡薁根,2两,车前子,1两
熟地,240克,山药,120克,山萸肉,120克,丹皮,90克,茯苓,90克,泽泻,90克,白芍,60克,当归,60克
龟板,30克,鳖甲,30克,熟地,15克,丹皮,9克,山萸肉,9克,山药,9克,泽泻,9克,茯苓,9克
熟地,1两,山萸肉,4钱,枸杞子,3钱,菊花,3钱,同州蒺藜,3钱,玄参,3钱,麦冬,3钱,玉竹,5钱,肉桂,3分
熟地,None,山药,None,山萸肉,None,茯苓,None,枸杞子,None,巴戟天,None,牛膝,None,五味子,None,肉苁蓉,None,去鳞,None,杜仲,None,远志,None,楮实子,None,石菖蒲,None,小茴香,None,续断,None,菟丝子,None
海桐皮,30克,当归,30克,丹皮,30克,熟干地黄,30克,牛膝,30克,酒浸,30克,山萸肉,15克,破故子,15克
虎胫骨,2两半,附子,1两半,川乌头,1两半,当归,1两,川芎,1两,川羌,1两,赤芍,1两,独活,1两,杜仲,None,细锉,1两,萆薢,1两,白术,1两,防风,1两,肉苁蓉,1两,牛膝,None,狗脊,1两,黄芪,1两,肉桂,1两,茯苓,1两,蒺藜,1两,人参,1两,天麻,1两,续断,1两
虎胫骨,1两,黄芪,1两,桔梗,1两,酸枣仁,1两,茯神,1两,川羌,1两,石菖蒲,None,远志,1两,芎?,1两,牛膝,None,肉苁蓉,None,熟干地黄,1两,附子,None,以新汲水浸半日,None,又破作,2片,换水浸,None,萆薢,1两,石斛,1两,防风,0.5两,羚羊粉,0.5两
虎胫骨,None,生干地黄,None,酸枣仁,None,茯苓,None,辣桂,None,防风,None,当归,None,川芎,None,牛膝,None
熟地,5钱,鳖甲,5钱,山萸肉,2钱,何首乌,3钱,白芥子,3钱,当归,1两,柴胡,1钱5分
薏苡仁,45克,石楠叶,45克,石斛,45克,萆薢,45克,川牛膝,45克,天南星,45克,防风,45克,黄芪,45克,当归,45克,天麻,45克,续断,45克,槟榔,75克,木瓜,120克
酒生地,15g,赤芍,9g,当归,9g,川芎,3g,苏木,9g,血竭,6g,刘寄奴,9g,枳壳,1.5g
天麻,1两,五味子,2两,覆盆子,1升,桃花,2两,柳絮,1两,白术,2两,川芎,2两,牡丹,1两,桃仁,100枚,菟丝子,1升,茯苓,1两,楮实子,1升,生地,1两,肉桂,1两
茯苓,120克,山药,120克,丹皮,120克,泽泻,90克,五味子,90克,肉桂,18克,熟地,240克,山萸肉,150克
熟地,12克,桑椹子,12克,黄精,12克,枸杞子,12克,玉竹,9克,女贞子,9克,丹皮,9克,丹参,12克,红花,6克,鸡血藤,9克
熟地,15克,丹皮,12克,山萸肉,12克,山药,9克,茯苓,12克,泽泻,9克,枸杞子,30克,菊花,15克,赤芍,15克,当归,12克,丝瓜络,25克,珍珠母,50克
生地,1斤,熟地,1斤,石斛,4两,防风,4两,枳壳,4两,牛膝,4两,杏仁,None,麸炒黄,4两
茯苓,1两5钱,熟地,4两,泽泻,8钱,甘草,5钱,枸杞子,1两5钱,山萸肉,1两5钱,青皮,5钱,半夏,8钱,丹皮,8钱,龙骨,1两,牡蛎,1两,杜仲,1两,白芥子,1两
何首乌,30克,当归,30克,白芍,12克,鱼鳔,9克,菟丝子,10克,破故子,9克,枸杞子,10克,怀牛膝,10克,代赭石,6克,淡竹叶,9克,连翘,4.5克,甘草,6克
生地,30克,白芍,12克,当归,9克,枸杞子,9克,牛膝,15克,杜仲,7.5克,黄柏,6克,酸枣仁,6克
熟地,120克,山茱萸肉,60克,山药,60克,泽泻,30克,丹皮,15克,茯苓,15克,鹿茸,6克,牛膝,6克
怀庆元支地黄,8两,研末,None,与米酒同蒸同晒,None,山药,4两,山萸肉,3两,茯苓,4两,丹皮,1两7钱,泽泻,1两,枸杞子,3两,菟丝子,3两,真阿胶,3两,麦冬,2两,杜仲,3两,北,None
龟板胶,60克,鹿角胶,60克,虎胫骨,60克,何首乌,60克,川牛膝,60克,杜仲,60克,锁阳,60克,当归,60克,威灵仙,30克,黄柏,30克,小盐,30克,人参,30克,川羌,30克,干姜,30克,白芍,30克,云白术,30克,熟地,90克,大川附子,250毫升,盐水,250毫升,生姜片,60克,同煮一整日,None,令极熟,None,水干再添盐水,None,煮毕取出,None,剥皮,None,切薄片,None,又换净水,None,入川黄连,15克,甘草,15克,同煮三小时,None,取出晒干,45克
熟地,30克,山萸肉,30克,山药,24克,茯苓,24克,泽泻,15克,丹皮,15克,鹿茸,9克,五加皮,15克,麝香,1.5克
苁蓉,None,牛膝,None,天麻,None,木瓜干,None,鹿茸,None,熟地,None,菟丝子,None,五味子,None
熟地,1两,白芍,5钱,当归,5钱,川芎,3钱,白术,5钱,丹皮,3钱,元胡,1钱,甘草,1钱,柴胡,1钱
生地,15克,熟地,15克,鸡血藤,15克,夜交藤,15克,生黄耆,30克,川芎,9克,白芍,15克,天麻,6克,冬虫夏草,6克,旱莲草,9克,桑椹子,15克,木瓜,6克
生地,15克,熟地,15克,鸡血藤,15克,夜交藤,15克,生黄芪,30克,川芎,9克,白芍,15克,天麻,6克,冬虫夏草,6克,旱莲草,9克,桑椹子,15克,木瓜,6克
生地,5钱,熟地,5钱,鸡血藤,5钱,夜交藤,5钱,生黄耆,1两,川芎,3钱,白芍,5钱,天麻,2钱,冬虫夏草,2钱,旱连草,3钱,桑椹子,5钱,木瓜,2钱
生地,15克,当归,9克,白芍,12克,茯苓,12克,旱莲草,12克,女贞子,12克,仙鹤草,15克,珍珠母,24克,鳖甲,30克
羚羊粉,5钱,生地,1两,熟地,1两,肉苁蓉,1两,甘枸杞子,1两,防风,1两,草决明,1两,菊花,1两,川羌,1两,当归,1两,沙苑子,1两,楮实子,5钱,羊子肝,None,煮,None
黄柏,40g,知母,20g,熟地,20g,当归,10g,白芍,15g,牛膝,35g,豹骨,10g,龟板,40g,陈皮,7.5g,干姜,5g,锁阳,10g,羊肉,320g
丹参,15克,何首乌,15克,黄精,15克,泽泻,15克,山楂,15克
当归,30克,赤豆卷,90克,肉苁蓉,90克,山萸肉,30克,川牛膝,30克,香附,30克,土茯苓,30克,金银花,30克,银花叶,30克
熟地,2两,山萸肉,5钱,山药,5钱,茯苓,5钱,泽泻,5钱,丹皮,5钱,五味子,5钱,枸杞子,5钱,沙苑子,5钱,草决明,5钱,青葙子,5钱,小胡麻,5钱,菟丝子,5钱,覆盆子,5钱,车前子,5钱
人参,60克,肉桂,3克,当归,30克,麦冬,30克,山萸肉,15克,熟地,30克,枸杞子,15克,阿胶,6克,荆芥,6克
黄鱼鳔胶,500克,用蛤粉炒成珠,None,沙苑子,240克,隔汤蒸一炷香久,None
沙苑子,500克,取净药,120克,余滓用水泡三至五日,None,莲须,120克,芡实,120克,枸杞子,60克,菟丝子,60克,山萸肉,120克,覆盆子,None,酒拌,60克,续断,60克,金樱子,90克,真龙骨,None,火煅,15克
黄芪,20克,葛根,20克,山萸肉,10克,伸筋草,10克,桂枝,10克,姜黄,10克,三七,5克,当归,12克,防风,12克,秦切,15克,甘草,6克
大独活,15克,续断,15克,怀牛膝,15克,海桐皮,30克,西秦艽,18克,杜仲,10克,威灵仙,10克,当归,10克,地龙,10克,巴戟天,12克,金狗脊,9克,骨碎补,9克,生甘草,9克
破故子,30克,续断,30克,木瓜干,30克,牛膝,30克,杜仲,30克,姜制,30克,萆薢,60克
龙胆草,4000克,小胡麻,4000克,白芍,4000克,旱莲草,5000克,丹参,4000克,丹皮,4000克,蒺藜,4000克
茯苓,30克,苣胜子,30克,天冬,30克,白术,30克,桃仁,30克,黄精,30克
熟地,240克,丹皮,9克,茯苓,9克,山萸肉,120克,山药,120克,泽泻,90克,黄柏,30克,芦荟,15克
鹿角,60克,川牛膝,None,酒浸,45克
鹿茸,None,酒浸,1两,熟干地黄,1两半,当归,1两,白术,1两,黄芪,1两,人参,1两,附子,1两,柏子仁,3分,石斛,3分,枳壳,3分,茯苓,10两,覆盆子,10两,酸枣仁,10两,沉香,10两,肉桂,10两
肉苁蓉,None,熟地,None,牛膝,None,鹿茸,None,菟丝子,None,木瓜干,None,杜仲,None,天麻,None
蔓荆子,1斤,黄精,2斤
熟地,150克,山萸肉,60克,泽泻,30克,丹皮,45克,茯苓,60克,山药,90克,当归,60克,川芎,30克,麦冬,90克,石斛,90克
怀生地,120克,熟地,120克,知母,60克,黄柏,60克,菟丝子,30克,独活,30克,枸杞子,60克,川牛膝,90克,沙苑子,90克
熟地,160g,山萸肉,80g,丹皮,60g,山药,80g,茯苓,60g,泽泻,60g,枸杞子,60g,菊花,60g,当归,60g,白芍,60g,蒺藜,60g,石决明,80g
熟地,12克,生地,12克,枸杞子,12克,桑椹子,12克,女贞子,12克,山药,9克,丹皮,9克,红花,6克
枸杞子,10克,菟丝子,15克,五味子,8克,谷精草,10克
桑寄生,30g,牛膝,45g,独活,25g,秦艽,25g,杜仲,40g,人参,10g,当归,35g,白酒,1000ml
女贞子,None,酒浸一昼夜,None,旱莲草,None
制何首乌,640g,当归,160g,破故子,80g,枸杞子,160g,菟丝子,160g,茯苓,160g,牛膝,160g
菟丝子,150克,苁蓉,90克,巴戟天,30克,车前子,90克,熟干地黄,90克,枸杞子,90克,甘菊花,120克
草决明,24克,枸杞子,12克,菟丝子,12克,女贞子,15克,金樱子,9克,沙苑子,12克,桑椹子,12克
黄芪,15克,茯苓,15克,生地,15克,何首乌,15克,太子参,12克,桑椹子,12克,熟地,9克,黄精,9克,黑豆,30克,当归?克,None
枸杞子,40g,菊花,40g,熟地,160g,山萸肉,80g,丹皮,60g,山药,80g,茯苓,60g,泽泻,60g
生地,None,山萸肉,None,茯苓,None,山药,None,丹皮,None,泽泻,None,构杞子,None,菊花,None
麻雀,5只,菟丝子,30～45克,覆盆子,10～15克,枸杞子,20～30克,粳米,100克,细盐,None,葱白,None,干姜,None
何首乌,60g,枸杞子,60g,生地,60g,熟地,60g,麦冬,60g,天冬,60g,人参,60g,当归,60g,茯苓,30g,白酒,6000ml
肉苁蓉,30克,泽泻,30克,熟地,30克,五味子,30克,巴戟天,30克,地骨皮,30克,人参,30克,天花粉,30克,韭菜子,30克,甘草,30克,丹皮,30克,桑螵蛸,30枚,赤石脂,45克,龙骨,45克,磁石,45克,醋淬二至七次,45克,禹余粮,45克,酣淬七次,45克
旱莲草,90克,白芷,60克,何首乌,60克,沙苑子,60克,蒺藜,60克,紫草,45克,重楼,30克,丹参,30克,苦参,30克,苍术,24克
川羌,12克,党参,12克,秦艽,10克,防风,10克,当归,10克,茯苓,10克,狗脊,10克,熟地,15克,黄芪,15克,白芍,10克,细辛,2克,蜈蚣,2条,川芎,6克,甘草,6克
何首乌,15克,乌豆衣,9克,乌梅,9克,茵陈蒿,15克,丹皮,9克,蝉蜕,4克,生地,12克,当归,6克,甘草,6克
当归,6～9克,熟地,9～15克,甘草,3克,白芍,6克,酸枣仁,6克,人参,None
菟丝子,30g,肉苁蓉,60g,山萸肉,30g,五味子,35g,川牛膝,30g,熟地,30g,巴戟天,30g,山药,25g,茯苓,30g,泽泻,30g,杜仲,40g,远志,30g,白酒,2000ml
磁石,30克,地黄,15克,何首乌,15克,龟板,15克,鳖甲,15克,山茱萸肉,6克,白芍,6克,山药,6克,五味子,4.5克
附子,1枚,当归,60克,天麻,60克,牛膝,60克,酸枣仁,60克,熟地,60克,防风,60克,木瓜,120克,乳香,15克,麝香,0.3克,全蝎,30克,木香,30克,没药,30克,川羌,30克,甘草,30克
制附子,30g,五加皮,20g,桑白皮,50g,丹参,30g,续断,30g,牛膝,30g,白术,50g,干姜,50g,细辛,25g,肉桂,25g,清酒,1500ml
何首乌,12克,枸杞子,12克,菟丝子,12克,桑螵蛸,12克,赤石脂,12克,狗脊,12克,熟地,24克,藿香,6克,砂仁,6克
制何首乌,360g,地黄,20g,牛膝,40g,桑椹子,70g,女贞子,40g,墨旱莲,48g,桑叶,40g,菟丝子,80g,金樱子,70g,破故子,40g,豨莶草,80g,金银花,20g
熟地,18克,山药,20克,茯苓,15克,泽泻,15克,黄柏,12克,菊花,12克,丹皮,9克,山萸肉,9克,枸杞子,9克,陈皮,9克
生山药,30克,熟地,15克,山萸肉,15克,柿霜饼,12克,生杭芍,12克,牛蒡子,6克,苏子,6克,甘草,6克,龙骨,15克
杜仲,120克,破故子,120克,甘草,120克,胡桃仁,120克
宜州木瓜,500克,牛膝,500克,天麻,500克,苁蓉,500克,附子,60克,虎骨,60克
熟地,60克,香附,24克,川芎,24克,白芍,24克,当归身,24克,夏枯草,24克,甘草,1.2克
熟地,12克,何首乌,12克,黄精,12克,菟丝子,12克,枸杞子,12克,覆盆子,12克,桑椹子,12克,丹参,12克,车前子,9克,川芎,6克
龟板,30克,知母,30克,黄柏,30克,虎骨,15克,牛膝,15克,杜仲,15克,琐阳,15克,破故子,7.5克,续断,7.5克,当归,9克,地黄,9克
天麻,None,白芷,None,何首乌,None,熟地,None,丹参,None,川芎,None,当归,None,制蒺藜,None,桑叶,None,墨旱莲,None,女贞子,None,白芍,None,黄精,None,甘草,None
菟丝子,9克,石斛,9克,石决明,9克,炒杭菊,9克,当归,9克,谷精草,9克,炒茺蔚子,9克,沙苑子,9克,陈皮,6克,谷芽,5克
菟丝子,30～60克,粳米,100克,白糖,None
牛膝,None,萆薢,None,杜仲,None,苁蓉,None,菟丝子,None,防风,None,蒺藜,None,芦巴子,None,破故子,None,肉桂,None
何首乌,500g,白首乌,500g,胡桃肉,90g,枸杞子,60g,莲子,90g,当归,60g,生姜汁,20g,蜂蜜,90g,细曲,300g,生地,120g,麦冬,30g,糯米,5kg
枸杞子,500g,松叶,600g,黄精,400g,白术,400g,天冬,500g,糯米,12.5kg,细曲,1.2kg
枸杞子,60g,山萸肉,30g,沙苑子,30g,菊花,60g,生地,30g,白酒,1500ml
元胡,None,牛膝,None,当归,None,破故子,None
何首乌,2.25千克,豨莶草,500克,菟丝子,500克,杜仲,250克,牛膝,250克,女贞子,250克,霜桑叶,250克,忍冬藤,120克,生地,120克,桑椹膏,500克,黑芝麻膏,500克,金樱子膏,500克,墨旱莲膏,500克
牛膝,30克,熟地,30克,枳壳,30克,地骨皮,30克,菟丝子,60克
当归,6克,白芍,3克,肉桂,3克,蜜黄耆,4.5克,熟地,6～9克,秦艽,3克,防风,3克,木瓜,3克,阿胶,3克,白术,4.5克
当归,None,车前子,None,防风,None,白芍,None,蕤仁,None,熟地,None,川芎,None,楮实子,None
熟地,30克,白芍,15克,麦冬,15克,当归,30克,玉竹,15克,山萸肉,12克,五味子,3克,甘草,3克,甘菊花,6克,柴胡,1.5克
山萸肉,60克,野台参,18克,柏子仁,30克,玄参,30克,菟丝子,30克,羊肝,1具
薏苡仁,1两,当归,None,小川芎,0.5两,干姜,0.5两,甘草,0.5两,宫桂,0.5两,川乌,0.5两,防风,0.5两,茵芋,None,人参,0.5两,川羌,0.5两,白术,0.5两,麻黄,0.5两,独活,None
生地,20克,熟地,20克,枸杞子,15克,何首乌,15克,地肤子,15克,当归,20克,川芎,10克,桂枝,10克,丹参,15克,苦参,15克,防风,15克,蝉蜕,10克,甘草,10克,大枣,3枚
山萸肉,15克,糯米,50克,红糖,None
白术,60克,苍术,60克,杜仲,60克,牛膝,30克,川芎,30克,薏苡仁,30克,巴裁,30克,破故子,30克,当归,15克,皂角,15克,防风,15克,川羌,15克,生地,15克,独活,15克,防己,15克,天麻,15克,天南星,15克,半夏,15克,陈皮,15克,木香,15克,沉香,15克,川乌,15克,僵蚕,15克,全蝎,15克
熟干地黄,120克,鹿茸,120克,五味子,120克,山药,60克,山萸肉,60克,大附子,30克,牛膝,60克,茯苓,45克,丹皮,45克,泽泻,45克
何首乌,2斤,竹刀切片,2斤,赤白,2斤,黑豆拌蒸晒,None,为末,2斤,仙茅,None,用粳米泔浸,None,黑豆拌蒸晒,None,茯苓,None,水飞,None,去筋,None,取沉底晒干,None,用粳米铺底,None,放上蒸,None,茅山苍术,None,老米拌蒸晒,None,云,None,加桑椹汁,1斤,拌苍术末尤妙,1斤,牛膝,None,酒浸,None,同何首乌蒸,None
黑芝麻,500克,白糖,None
狗脊,None,淫羊藿,None,独活,None,骨碎补,None,续断,None,破故子,None,桑寄生,None,鸡血藤,None,熟地,None,木香,None,乳香,None,没药,None
白术,9克,生怀山药,30克,生鸡内金,6克,桂圆肉,18克,山萸肉,12克,枸杞子,12克,玄参,9克,生杭芍,9克,桃仁,6克,红花,4.5克,甘草,6克
玄参,9克,麦冬,9克,益母草,15克,何首乌,15克,枸杞子,12克,菟丝子,12克,女贞子,9克,丹皮,90克,覆盆子,9克,桑椹子,15克
黄精,20克,肉苁蓉,15克,何首乌,15克,金樱子,15克,山药,15克,赤芍,10克,山楂,10克,五味子,10克,佛手,10克
珍珠母,30克,菊花,10克,北沙参,30克,白芍,24克,枸杞子,15克,山萸肉,15克
何首乌,15.0g,熟地,18.0g,白芍,30.0g,当归,12.0g,川芎,10.0g,山萸肉,15.0g,枸杞子,15.0g,菟丝子,15.0g,川羌,6.0g
仙矛,20.0g,淫羊藿,20.0g,甜苁蓉,10.0g,山揸,10.0g,川乌,5.0g,草乌,5.0g,细辛,5.0g,五加皮,15.0g,川牛膝,12.0g,怀牛膝,12.0g,甘草,3.0g
生地,30.0g,龙骨,30.0g,牡蛎,30.0g,北沙参,12.0g,当归,12.0g,山茱萸肉,12.0g,栀子,12.0g,麦冬,9.0g,川楝子,9.0g,三七粉,3.0g
黄芪,30.0g,仙鹤草,30.0g,百合花,30.0g,人参,10.0g,山茱萸肉,10.0g,柴胡,10.0g,枳壳,10.0g,陈皮,10.0g,当归,10.0g,白术,12.0g,白芍,12.0g
银柴胡,15.0g,五味子,15.0g,乌梅,15.0g,防风,10.0g,赤勺,10.0g,生地,10.0g,丹皮,10.0g,蝉蜕,10.0g,白鲜皮,10.0g,丹参,30.0g,垂盆草,30.0g
白芍,30.0g,鸡血藤,15.0g,龙骨,15.0g,牡蛎,15.0g,元胡,10.0g,怀牛膝,10.0g,续断,10.0g,三七,5.0g,甘草,5.0g
党参,20.0g,白术,20.0g,当归,20.0g,熟地,20.0g,白芍,20.0g,生黄芪,30升,香附,10.0g,制川朴,10.0g,甘草,5.0g,炙附子,3.0g,肉桂,3.0g
何首乌,12.0g,生地,12.0g,山药,12.0g,黄柏,6.0g,五味子,6.0g,菟丝子,15.0g,沙苑子,15.0g,生龙牡,15.0g,茯苓,0.0g
蒺藜,9.0g,黄菊花,9.0g,黄芩,9.0g,夏枯草,30.0g,女贞子,15.0g,肉桂,1.5g
牡蛎,30.0g,夏枯草,30.0g,胡连,3.0g,丹皮,15.0g,生白芍,30.0g,肥知母,10.0g,芸苔子,15.0g,生地,15.0g,香附,15.0g
熟地,18.0g,山药,20.0g,茯苓,15.0g,泽泻,15.0g,黄柏,12.0g,菊花,12.0g,丹皮,9.0g,山萸肉,9.0g,枸杞子,9.0g,陈皮,9.0g
天花粉,30.0g,生地,30.0g,山药,30.0g,赤芍,30.0g,白芍,30.0g,丹参,30.0g,黄精,30.0g,苍术,15.0g,知母,15.0g,枸杞子,15.0g,地骨皮,15.0g,当归,15.0g,黄芪,50.0g,太子参,20.0g,五味子,12.0g
北沙参,10.0g,麦冬,10.0g,当归,10.0g,生地,30.0g,枸杞子,12.0g,川楝子,5.0g
秦艽,15.0g,川羌,15.0g,当归,15.0g,伸筋草,15.0g,天南星,15.0g,薏苡仁,15.0g,桂枝,10.0g,全蝎,10.0g,木瓜,20.0g,川牛膝,20.0g,海马,2.0g,蜈蚣,4.0g
泽泻,10.0g,白术,6.0g,茯苓,6.0g,陈皮,4.0g,法夏,6.0g,女贞子,7.0g,旱莲草,7.0g,菊花,7.0g,牛膝,4.0g,益智仁,6.0g,甘草,3.0g
桑寄生,30.0g,生地,18.0g,龙骨,9.0g,牡蛎,9.0g,白术,18.0g,生黄芪,18.0g,续断,12.0g,海螵蛸,12.0g,白芍,10.0g,茜草,6.0g,柴胡,6.0g
当归,10.0g,川芎,10.0g,五灵脂,10.0g,川羌,10石,玉竹,10.0g,黄芪,20.0g,生地,15.0g,枸杞子,15.0g
独活,15.0g,桑寄生,15.0g,牛膝,15.0g,当归,15.0g,白芍,15.0g,熟地,15.0g,秦艽,10.0g,甘草,10.0g,乌梢蛇,10.0g,生黄芪,20.0g,乳香,6.0g,没药,6.0g
熟地,15.0g,山萸肉,15.0g,山药,15.0g,茯苓,12.0g,丹皮,12.0g,泽泻,12.0g,当归,20.0g,黄芪,20.0g,枸杞子,20.0g
川芎,10.0g,白芍,10.0g,当归,10.0g,生地,10.0g,桂枝,10.0g,茯苓,12.0g,白术,10.0g,甘草,10.0g,龙骨,30.0g,牡蛎,3.0g
皂角刺,50.0g,当归,10.0g,红花,10.0g,山萸肉,10.0g,川芎,15.0g,鸡血藤,30.0g,威灵仙,12.0g
何首乌,18.0g,熟地,15.0g,菟丝子,15.0g,女贞子,15.0g,旱莲草,15.0g,枸杞子,15.0g,丹参,10.0g,桃仁,10.0g,红花,10.0g,珍珠母,30.0g,郁金,10.0g,白芷,6.0g
熟地,30.0g,肉桂,10.0g,麻黄,10.0g,鹿角胶,10.0g,白芥子,10.0g,干姜,10.0g,大黄,10.0g,甘草,6.0g,蜈蚣,2条
川羌,10.0g,鹿衔草,10.0g,骨碎补,10.0g,桑枝,15.0g,黄芪,20.0g,鸡血藤,20.0g,葛根,12.0g,白芍,18.0g,桂枝,6.0g,甘草,6.0g
郁金,15.0g,赤芍,15.0g,酸枣仁,15.0g,柏子仁,15.0g,柴胡,10.0g,香附,10.0g,红花,10.0g,丹参,20.0g,苦参,10.0g,甘草,6.0g
黄精,20.0g,山药,20.0g,党参,20.0g,炙黄芪,20.0g,续断,20.0g,五味子,10.0g,覆盒子,10.0g,菟丝子,10.0g,车前子,10.0g,当归,10.0g,茯苓,10.0g
淫羊藿,15.0g,仙茅,10.0g,山萸肉,10.0g,枸杞子,10.0g,白芍,10.0g,白术,10.0g,茯苓,10.0g,熟地,10.0g,五味子,10.0g,女贞子,10.0g,山药,10.0g
黄芪,30.0g,人参,9.0g,山药,12.0g,茯苓,15.0g,肉桂,9.0g,附子,6.0g,远志,12.0g,熟地,12.0g,女贞子,21.0g,五味子,9石,内苁蓉,15.0g
党参,15.0g,黄芪,15.0g,白术,10.0g,当归,9.0g,陈皮,9.0g,柴胡,9升,甘杞,6.0g,熟地,15.0g,甘草,6.0g
生地,20.0g,枸杞子,20.0g,北沙参,20.0g,麦冬,20.0g,当归,10.0g,川楝子,10.0g,知母,15.0g,龟板,20.0g,茯苓,20.0g,甘草,5.0g
黄芪,30.0g,紫河车,30石,石菖蒲,15.0g,胆南星,15.0g,陈皮,12.0g,半夏,12.0g,丹参,12.0g,僵蚕,12.0g,地龙,12.0g,郁金,12.0g,金蝎,6.0g,蜈蚣,3条
青啼补,15.0g,杜仲,15.0g,狗佾,15.0g,漠逝,15.0g,黄花,15.0g,鹿衔草,15.0g,威灵仙,10.0g,甘草,5.0g,早枫荷,15石,楠菊,15.0g
生黄芪,30.0g,生地,30.0g,骨碎补,30.0g,当归,10.0g,白芍,10.0g,川芎,10.0g,续断,10.0g,川牛膝,10.0g,生川乌,3.0g,生草乌,3.0g,生甘草,12.0g,乳香,3.0g,制没药,3.0g
皂角刺,50.0g,当归,10.0g,红花,10.0g,川芎,15.0g,山萸肉,10.0g,鸡血藤,30.0g,威灵仙,12.0g
生地,30.0g,熟地,30.0g,山萸肉,30.0g,山药,30.0g,丹皮,12.0g,地骨皮,24.0g,生黄芪,30.0g,当归,10.0g,川芎,6.0g,地榆,15.0g,茜草,10.0g,白芍,18.0g
黄芪,15.0g,白术,15.0g,丹参,30.0g,三七,5.0g,薏苡仁,20.0g,败酱草,30.0g,虎杖,20.0g,白花蛇舌草,20.0g,郁金,15.0g,泽泻,15.0g,女贞子,20.0g,甘草,10.0g
白术,15.0g,黄芪,30.0g,龙骨,8.0g,牡蛎,18.0g,生地,12.0g,海螵蛸,12.0g,茜草,9.0g,续断,12.0g
紫诃车,30.0g,阳起石,30.0g,炒酸枣仁,30.0g,山药,30.0g,菟丝子,20.0g
淫羊藿,15.0g,蛇床子,10.0g,制何首乌,15.0g,肉苁蓉,10.0g,菟丝子,15.0g,桂枝,15.0g,白芍,15.0g,黄芪,15.0g,生地,15.0g,丹皮,12.0g,蝉蜕,10.0g
怀牛膝,10.0g,骨碎补,10.0g,珈皮,15.0g,熟地,10.0g,续断,10.0g,赤芍,10.0g,当归,10.0g,川芎,6.0g,泽兰,10.0g,三七,3.0g,自然铜,10.0g
熟地,15.0g,山萸肉,10.0g,山药,15.0g,泽泻,10.0g,丹皮,10.0g,茯苓,15.0g
葛根,15.0g,丹参,15.0g,续断,15.0g,骨碎补,30.0g,三棱,10.0g,莪术,10.0g,川芎,6.0g,炮甲,6.0g,鸡血藤,20.0g,甘草,6.0g
熟地,15.0g,山萸肉,10.0g,赤芍,15.0g,地龙,10.0g,法夏,10.0g,竹茹,15.0g,石菖蒲,10.0g,远志,6.0g,黄芪,30.0g,草决明,15.0g
丹参,30.0g,红花,20.0g,郁金,30.0g,地龙,10.0g,三七,10.0g,黄芪,20.0g,苟杞子,20.0g
桂枝,10.0g,麻黄,8.0g,附片,10.0g,白芍,12.0g,白术,12.0g,知母,10.0g,甘草,3.0g,防风,6.0g,桑寄生,15.0g,续断,15.0g,牛膝,12.0g,威灵仙,15.0g
熟地,24.0g,茯苓,15.0g,山药,15.0g,山萸肉,15.0g,泽泻,12.0g,丹皮,15.0g,柴胡,15.0g,白芍,15.0g
白附子,10.0g,石菖蒲,10.0g,远志,10.0g,全蝎,10.0g,天麻,10.0g,天南星,10.0g,当归,10.0g,赤芍,10.0g,水蛭,15.0g,黄芪,15.0g,黄精,10.0g,熟地,10.0g
益智仁,15.0g,薏苡仁,12.0g,生地,15.0g,淫羊藿,12.0g,车前子,12.0g,山楂,15.0g,麦芽,12.0g
矮地茶,15.0g,河白草,15.0g,接骨木,30.0g,丹参,30.0g,络石藤,9合,欢皮,12.0g,落得打,15.0g,甘草,5.0g
炙黄芪,30.0g,白术,15.0g,山萸肉,12.0g,白芍,15.0g,川断肉,20.0g,地榆,20.0g,仙鹤草,20.0g,女贞子,15.0g,菟丝子,20.0g
葛根,0.0g,麻黄,0.0g,桂枝,0.0g,连翘,0.0g,白芍,0.0g,干姜,0.0g,大枣,0.0g,杜仲,0.0g,续断,0.0g,甘草,0.0g
酸枣仁,90.0g,五味子,9.0g,泽泻,30.0g,白术,15.0g,茯苓,9.0g,女贞子,9.0g,川芎,9.0g,怀牛膝,9.0g
威灵仙,15.0g,葛根,15.0g,穿山甲,6片,姜黄,9.0g,当归,12.0g,鸡豆藤,18.0g,川芎,9.0g,桑枝,10.0g,杜仲,10.0g,续断,10.0g,甘草,6.0g
草决明,15.0g,熟地,10.0g,山药,10.0g,山萸肉,10石,石菖蒲,10.0g,茯苓,10.0g,菟丝子,10.0g,丹皮,12.0g
黄芪,60.0g,知母,10.0g,当归,10.0g,川芎,15.0g,地龙,6.0g,山萸肉,6.0g,白术,6.0g,水蛭,6.0g,甘草,6.0g,何首乌,12.0g,枸杞子,12石,石菖蒲,12.0g
知母,10.0g,黄柏,10.0g,熟地,15.0g,山药,10.0g,山萸肉,10.0g,茯苓,8.0g,丹皮,8.0g,泽泻,10.0g
桃仁,10.0g,红花,10.0g,当归,15.0g,生地,20.0g,赤芍,10.0g,川芎,10.0g
当归,10.0g,白芍,10.0g,赤芍,10.0g,茯苓,10.0g,焦冬术,10.0g,银柴胡,5.0g,丹皮,5.0g,栀子,10升,丹参,5.0g,五味子,10.0g,生甘草,3.0g
熟地,15.0g,山萸肉,12.0g,枸杞子,20.0g,菟丝子,30.0g,淫羊藿,30.0g,当归,10.0g,丹参,10.0g,何首乌,15.0g,茯苓,15.0g,山药,15.0g,黄芪,18.0g
熟地,0.0g,山萸肉,0.0g,山药,0.0g,丹皮,0.0g,茯苓,0.0g,天花粉,0.0g
熟地,15.0g,北沙参,10.0g,当归,10.0g,枸杞子,10.0g,麦冬,10.0g,女贞子,10.0g,旱莲草,10.0g,山萸肉,15.0g,菟丝子,15.0g,紫河车粉,5.0g
丹参,15.0g,川芎,10.0g,当归,10.0g,白芍,15.0g,茯苓,20合,欢皮,10.0g,菊花,15.0g,龙齿,20.0g,甘草,5.0g
山楂,10.0g,葛根,15.0g,茯苓,15.0g,竹茹,6.0g,陈皮,6.0g,何首乌,10.0g,薏苡仁,15.0g,白术,10.0g
熟地,15.0g,山萸肉,10.0g,山药,15.0g,泽泻,10.0g,丹皮,10.0g,茯苓,10.0g,桃仁,12.0g,红花,10.0g,当归,10.0g,川芎,6.0g,赤芍,10.0g,丹参,15.0g
鸡血藤,20.0g,丹参,20.0g,川牛膝,15.0g,熟地,15.0g,菟丝子,10.0g,枸杞子,10.0g,断续,10.0g,桃仁,10.0g,当归,10.0g
川羌,10.0g,白术,10.0g,当归,15.0g,白芍,15.0g,海桐皮,15.0g,桑寄生,15.0g,黄芪,12.0g,鸡血藤,12.0g,丹参,12.0g,姜黄,6.0g,甘草,3.0g
青皮,25.0g,前胡,12.0g,茯苓,12.0g,旋覆花,12.0g,香附,15.0g,柴胡,20.0g,大黄,10.0g,白芍,15.0g,党参,10.0g,五味子,8.0g
党参,15.0g,炙黄芪,15.0g,生地黄炭,15.0g,熟地黄炭,18.0g,阿胶,10.0g,白芍,12.0g,龙骨,15.0g,牡蛎,15.0g,龟板,15.0g,旱莲草,12.0g,赤石脂,15.0g,茜草炭,15.0g
龙胆草,6.0g,柴胡,6.0g,泽泻,6.0g,车前子,9.0g,川木通,3.0g,生地,9.0g,当归,9.0g,桅子,9.0g,甘草,6.0g,鲜茅根,30.0g,黄芪,9.0g
雷公藤,2500.0g,川乌,320.0g,草乌,320.0g,红花,180.0g,炒杜仲,180.0g,当时发,180.0g,生黄蓍,180.0g
生地,6.0g,黄芪,6.0g,何首乌,6.0g,侧柏叶,6.0g,当归,5.0g,川芎,5.0g,桃仁,5.0g,桑叶,5.0g,赤芍,5.0g,红花,3.0g,代赭石,10.0g
白芍,30.0g,生地,30.0g,枸杞子,15.0g,何首乌,15.0g,当归,15.0g,木瓜,15.0g,川芎,10.0g,牛膝,20.0g
黄芪,30.0g,枸杞子,30.0g,菟丝子,30.0g,山楂,30.0g,何首乌,15.0g,泽兰,15.0g,三棱,15.0g,莪术,15.0g,丹参,15.0g,当归,15.0g,赤芍,15.0g,水蛭,15.0g,川芎,10.0g
黄芪,30.0g,当归,10.0g,生地,12.0g,白芍,12.0g,白术,10.0g,茯苓,12.0g,北沙参,15.0g,枸杞子,15.0g,炙香附,10.0g,连翘,10.0g,黄芩,10.0g,黄连,10.0g
川乌,0.0g,草乌,0.0g,秦艽,0.0g,桂枝,0.0g,丹参,0.0g,桃仁,0.0g,红花,0.0g,血竭,0.0g,续断,0.0g,桑寄生,0.0g,苍术,0.0g,防己,0.0g,木瓜,0.0g,威灵仙,0.0g
续断,15.0g,阿胶,10.0g,山药,15.0g,女贞子,10.0g,生地炭,10.0g,杜仲炭,10.0g,旱莲草,10.0g,黄芩,10.0g,当归,15.0g,白芍,15.0g,白术,15.0g,香附末,6.0g
生地,30.0g,山萸肉,12.0g,石斛,15.0g,麦冬,15.0g,五味子,6石,石菖蒲,10.0g,远志,6.0g,茯苓,15.0g,肉苁蓉,15.0g,桂枝,9.0g,淡附片,6.0g,巴戟天,15.0g,灯罩花,30.0g,水蛭,10.0g
生黄芪,30.0g,当归,15.0g,淫羊藿,30.0g,枸杞子,12.0g,破故子,9.0g,骨碎补,9.0g,鹿角霜,6.0g,炙乌蛇,15.0g,炒山甲,10.0g,生地,30.0g,炙全蝎,5.0g,炙土鳖虫,6.0g,蜈蚣,3条,白芥子,15.0g,青风藤,20.0g,白鲜皮,30.0g,甘草,3.0g
苍术,30.0g,白术,30.0g,川牛膝,30.0g,漆牛膝,30.0g,防己,45.0g
北沙参,12.0g,麦冬,9.0g,生地,12.0g,当归,9.0g,枸杞子,9.0g,川楝子,9.0g
枸杞子,0.0g,菊花,0.0g,山萸肉,0.0g,山药肉,0.0g,丹皮,0.0g,泽泻,0.0g,熟地,0.0g,茯苓,0.0g
熟地,0.0g,枸杞子,0.0g,当归,0.0g,白芍,0.0g,山萸肉,0.0g,北沙参,0.0g,麦冬,0.0g,五味子,0.0g,川楝子,0.0g,女贞子,0.0g
淫羊藿,15.0g,冬虫夏草,1.5g,枸杞子,15.0g,白芍,20.0g,怀牛膝,6.0g
生芪,30.0g,北沙参,20.0g,女贞子,30.0g,枸杞子,15.0g,丹参,15.0g,丹皮,10.0g,桃仁,10.0g,水红花子,10.0g,炒山甲,10.0g,牡蛎,30.0g,厚朴,10.0g,半边莲,20.0g
生地,30.0g,山萸肉,12.0g,石斛,15.0g,麦冬,15.0g,五味子,6石,石菖蒲,10.0g,远志,6.0g,茯苓,15.0g,肉苁蓉,15.0g,桂枝,9.0g,淡附片,6.0g,巴戟天,15.0g
黄芪,20.0g,党参,12.0g,白术,10.0g,茯苓,10.0g,甘草,6.0g,当归,10.0g,熟地,10.0g,阿胶,12.0g,白芍,10.0g,酸枣仁,15.0g,香附,10.0g,柴胡,10.0g
生地,15.0g,山萸肉,10.0g,茯苓,10.0g,丹皮,10.0g,泽泻,10.0g,女贞子,10.0g,旱莲草,15.0g,枸杞子,12.0g,白芍,10.0g,牡蛎,20合,欢皮,10.0g
葛根,10.0g,蔓荆子,10升,黄柏,6.0g,党参,15.0g,黄芪,15.0g,白芍,10.0g,甘草,3.0g
阿胶,0.0g,熟地,0.0g,山药,0.0g,苍术,0.0g,山萸肉,0石,决明,0.0g,黄芪,0.0g
白芍,0.0g,木瓜,0.0g,钩藤,0.0g,丹参,0.0g,甘草,0.0g,淫羊藿,0.0g
何首乌,10.0g,熟地,10.0g,菟丝子,10.0g,枸杞子,10.0g,菊花,15.0g,桑叶,5.0g
熟地,30.0g,怀牛膝,15.0g,续断,15.0g,菟丝子,15.0g,苁蓉,10.0g,知母,10.0g,黄柏,10.0g,木瓜,15.0g,晚蚕沙,30.0g,地龙,10.0g,律草,30.0g,泽泻,30.0g
鲜芦根,30.0g,生地,20.0g,墨旱莲,20.0g,地榆,20.0g,蒲黄,10.0g,茜根炭,10.0g,生甘草,5.0g
莪术,9.0g,乌药,9.0g,槟榔,9.0g,瓜蒌,9.0g,川贝,15.0g,党参,15.0g,地黄,15.0g,谷芽,15.0g,淫羊藿,12.0g,沉香,2.0g
麦冬,15.0g,五味子,15.0g,地黄,15.0g,地龙,15.0g,青黛,6.0g,蛤壳,10.0g,桑白皮,10.0g,杏仁,10.0g,枳壳,10.0g,北沙参,20.0g,沉香,3.0g,肉桂,1.5g
山楂,8.0g,鸡内金,8.0g,麦芽,8.0g,蒺藜,8.0g,茯苓,8.0g,槟榔,8.0g,枸杞子,8.0g,竹柴胡,8.0g,蔓荆子,8石,决明,15.0g,牡蛎,15.0g,鲜鸡肝,1枚
山药,20.0g,巴戟天,9.0g,香附,9.0g,当归,9.0g,熟地,9.0g,柴胡,12.0g,白芍,12.0g,郁金,9.0g,丹参,15.0g
女贞子,15.0g,墨旱莲,15.0g,生地榆,10.0g,制军炭,10.0g,苎麻根,20.0g
枸杞子,20.0g,麦冬,10.0g,山萸肉,10.0g,山药,15.0g,牡蛎,30.0g,丹参,20.0g,大黄,8.0g,夏枯草,10.0g,白花蛇舌草,20.0g,茵陈蒿,15.0g,大枣,6枚
穿山龙,30.0g,丹参,30.0g,薏苡仁,30石,钻风,15.0g,元胡,15.0g,黄芪,18.0g,熟地,18.0g,当归,10.0g,地龙,10.0g,川牛膝,10.0g,赤芍,15.0g,白芍,15.0g
黄芪,0.0g,当归,0.0g,淫羊藿,0.0g,生地,0.0g,熟地,0.0g,鸡血藤,0.0g,穿山甲,0.0g,乌梢蛇,0.0g
香附,0.0g,广郁金,0.0g,丹皮,0.0g,女贞子,0.0g,当归,0.0g,白芍,0.0g
芡精,15.0g,女贞子,15.0g,枸杞子,12.0g,续断,12.0g,桑寄生,30.0g,黄柏,12.0g,何首乌,10.0g,葛根,15.0g,当归,10.0g,丹参,15.0g
独活,10.0g,桑寄生,15.0g,怀牛膝,10.0g,枸杞子,12.0g,白芍,10.0g,杜仲,15.0g,鸡血藤,15.0g,龟板,15.0g,鹿角片,10.0g,大枣,6枚
茵陈蒿,12.0g,麦芽,30.0g,木瓜,10.0g,薄荷,10.0g,当归,10.0g,山药,12.0g,生白药,30.0g,生甘草,3.0g
熟地,15.0g,山药,12.0g,茯苓,12.0g,党参,9.0g,谷精草,9.0g,蒺藜,9.0g,枸杞子,9.0g,草决明,9.0g,菟丝子,9.0g,菊花,6石,五味子,4.5g
槟榔,15.0g,苍术,15.0g,山萸肉,15.0g,僵蚕,10.0g,桃仁,10.0g,黄柏,10.0g,红花,10.0g,鸡血藤,30.0g,薏苡仁,30.0g,黄芪,30.0g,蜈蚣,1条,赤芍,20.0g
当归,15.0g,防风,12.0g,熟地,12.0g,黄芪,12.0g,蒺藜,12.0g,川芎,12.0g,荆芥,12.0g,白芍,12.0g,何首乌,30.0g,甘草,6.0g
当归,12.0g,熟地,12.0g,白芍,12.0g,何首乌,12.0g,蒺藜,9合,欢皮,9.0g,酸枣,12.0g,川芎,4.5g,木瓜,4.5g,甘草,4.5g
生地,9.0g,枸杞子,9.0g,女贞子,9.0g,当归,9.0g,北沙参,9.0g,麦冬,9.0g,白芍,9.0g,川楝子,4.5g
丹皮,10.0g,栀子,10.0g,当归,10.0g,白芍,15.0g,柴胡,6.0g,茯苓,10.0g,甘草,6.0g,薄荷,6.0g,白术,10.0g,女贞子,15.0g,旱连草,30.0g,干姜,3.0g
生地,15.0g,熟地,15.0g,当归,20.0g,赤勺,15.0g,白芍,15.0g,川芎,15.0g,枸杞子,15.0g,阿胶,12.0g,鹿角胶,12.0g,黄芪,15.0g,红花,6.0g,地龙,15.0g,紫河车,12.0g
破故子,10.0g,骨碎补,10.0g,淫羊藿,12.0g,续断,12.0g,露蜂房,5.0g,蜈蚣,3条,全蝎,6.0g,丹参,10.0g,当归,10.0g,乳香,3.0g,制没药,3.0g
淫羊藿,15.0g,冬虫夏草,1.5g,白芍,20.0g,怀牛膝,6.0g,枸杞子,15.0g
黄芪,30.0g,党参,30.0g,赤芍,9.0g,葛根,20.0g,川芎,9.0g,丹参,20.0g,当归,12.0g,地龙,6.0g,桃仁,9.0g,红花,6.0g,杜仲,24.0g,川牛膝,18.0g,砂仁,9.0g,怀牛膝,18.0g,天麻,10.0g,全蝎,10.0g,白芍,30.0g,生地,15.0g,熟地,15.0g,甘草,5.0g
山萸肉,15.0g,麦冬,10.0g,党参,24.0g,五味子,4.0g,生地,18.0g,熟地,18.0g,谷芽,18.0g,淮心,24.0g,桃仁,9.0g,红花,5.0g,当归,9.0g,白芍,15.0g,木瓜,9.0g,麦芽,18.0g,苁蓉,6.0g,巴戟天,6.0g,杜仲,15.0g,川牛膝,15.0g,怀牛膝,15.0g,龙骨,18.0g
熟地,30.0g,白芍,30.0g,甜当归,30.0g,川芎,30.0g,党参,60.0g,白术,20.0g,黄芪,30.0g,山药,30.0g,山萸肉,30.0g,枸杞子,30.0g,桂枝,15.0g,杜仲,24.0g,牛膝,24.0g,怀牛膝,24.0g,蕲蛇,1条,骨碎补,15.0g,狗脊,15.0g,木瓜,15.0g
党参,30.0g,白术,15.0g,茯苓,15.0g,当归,15.0g,枸杞子,15.0g,女贞子,15.0g,菟丝子,15.0g,白芍,20.0g,熟地,20.0g,何首乌,20.0g,川芎,8.0g,甘草,10.0g
桑寄生,24.0g,杜仲,24.0g,熟地,24.0g,党参,24.0g,独活,16.0g,秦艽,16.0g,牛膝,16.0g,狗脊,16.0g,当归,16.0g,防风,12.0g,川芎,12.0g,白芍,18.0g,甘草,6.0g
当归,10.0g,巴戟天,20.0g,淫羊藿,20.0g,桑寄生,25.0g,制乌头,None,牛膝,10.0g,赤芍,20.0g,鸡血藤,20.0g,红花,7.0g,木瓜,15.0g,防己,10.0g,乌梢蛇,20.0g,麻黄,5.0g
黄芪,50.0g,党参,30.0g,生地,25.0g,山药,25.0g,玄参,20.0g,枸杞子,20.0g,玉竹,20.0g,天冬,20.0g,菟丝子,15.0g,女贞子,15.0g
熟地,15.0g,丹参,15.0g,山萸肉,10.0g,淫羊藿,10.0g,泽兰,10.0g,白芷,10.0g,穿山甲,10.0g,菟丝子,10.0g,山药,20.0g,蒲公英,20.0g,皂角刺,20.0g,野菊花,15.0g
桑寄生,15.0g,续断,15.0g,黄芪,15.0g,当归,9.0g,鸡血藤,12.0g,独活,12.0g,秦艽,10.0g,川羌,10.0g,茯苓,10.0g,川芎,10.0g
杜仲,10.0g,续断,10.0g,巴戟天,10.0g,熟地,10.0g,当归,10.0g,白芍,10.0g,焦艾叶,12.0g,乌药,10.0g,益母草,10.0g
人参,6.0g,甘草,6.0g,川芎,6.0g,白术,9.0g,白芍,9.0g,当归,9.0g,菟丝子,9.0g,杜仲,9.0g,阿胶,9.0g,茯苓,9.0g,熟地,12.0g,鹿角胶,12.0g,鹿角霜,12.0g,紫河车,12.0g
熟地,15.0g,阿胶,15.0g,天麻,15.0g,钩藤,10.0g,知母,15.0g,黄柏,15.0g,白芍,15.0g,当归,10.0g,丹参,10.0g,川芎,10.0g,羚羊角粉,1.0g,陈皮,10.0g
马齿苋,30.0g,红藤,30.0g,鸡冠花,15.0g,益母草,15.0g,狗脊,15.0g
熟地,30.0g,鳖甲,30.0g,白芍,30.0g,肉苁蓉,30.0g,鹿茸,18.0g,三七,18.0g,生乳香,18.0g,生没药,18.0g,胆南星,15.0g,山慈姑,15.0g,皂角刺,15.0g,威灵仙,15.0g,透骨草,15.0g,马钱子,18.0g
马钱子,50.0g,当归,300.0g,蜈蚣,100条,土元,100.0g,川乌,50.0g,桑寄生,100.0g,秦艽,100.0g,防风,500.0g,五加皮,500.0g,木瓜,250.0g,姜黄,200.0g,牛膝,250.0g,威灵仙,250.0g,附子,200.0g,巴戟天,150.0g,淫羊藿,500.0g
天麻,500.0g,何首乌,500.0g,防己,500.0g,莲心,100.0g,菊花,500.0g,杜仲,250.0g,吴茱萸,50.0g,石菖蒲,500.0g,山楂,500.0g,泽泻,500.0g,当归,250.0g,白果,100.0g,川芎,250.0g,丹参,250.0g,三七,500.0g,枸杞子,500.0g,淫羊藿,500.0g,夏枯草,500.0g
当归,10.0g,白芍,10.0g,白茅根,18.0g,大蓟,15.0g,小蓟,15.0g,棕桐炭,10.0g,栀子,6.0g,生地炭,6.0g,茜草炭,8.0g,血竭,8.0g
熟地,20.0g,山萸肉,10.0g,山药,10.0g,桑寄生,20.0g,续断,15.0g,艾炭,10.0g,仙鹤草,30.0g,香附,10.0g,白芍,10.0g
当归,10.0g,川芎,10.0g,赤勺,10.0g,生地,15.0g,玄参,15.0g,山慈姑,15.0g,黄药子,15.0g,海藻,15.0g,昆布,15.0g,夏枯草,15.0g,牡蛎,30.0g,重楼,30.0g
熟地,10.0g,大当归,10.0g,白芍,12.0g,桑葚子,15.0g,桑寄生,10.0g,女贞子,15.0g,淫羊藿,10.0g,阳起石,10.0g,舌床子,3.0g,黄精,12.0g,陈皮,6.0g
连翘,15.0g,生地,15.0g,金银花,10.0g,黄芩,10.0g,黄柏,10.0g,麦冬,10.0g,北沙参,10.0g,枸杞子,10.0g,当归,10.0g,佩兰,10.0g,甘草,10.0g
焦山楂,0.0g,神曲,0.0g,麦芽,0.0g,陈皮,0.0g,山药,0.0g,川楝子,0.0g
珍珠母,0.0g,甘菊花,0.0g,女贞子,0.0g,丹参,0.0g,旱莲草,0.0g,山栀子,0.0g,半夏,0.0g,生黄芪,0.0g,天麻,0.0g,枸杞子,0.0g
生黄芪,30.0g,北沙参,20.0g,女贞子,30.0g,枸杞子,15.0g,丹参,15.0g,丹皮,10.0g,桃仁,10.0g,水红花子,1.0g,炒山甲,10.0g,牡蛎,30.0g,厚朴,10.0g,半边莲,20.0g
炙升麻,12.0g,生黄芪,30.0g,白术,15.0g,山萸肉,10.0g,芡实,20.0g,熟地,15.0g,白芍,20石,榴皮,12.0g,茜草,10.0g,仙鹤草,15.0g,阿胶,15.0g
丹参,20.0g,葛根,15.0g,何首乌,20.0g,泽泻,20.0g,草决明,30.0g,大黄,10.0g,柴胡,10.0g,五灵脂,9.0g,水蛭,4.0g,生山楂,30.0g,麦芽,20.0g
生山甲,0.0g,牡蛎,0.0g,香附,0.0g,柴胡,0.0g,淫羊藿,0.0g,佛手,0.0g,玄参,0.0g,女贞子,0.0g,旱莲草,0.0g,白芍,0.0g,鸡血藤,0.0g,王不留行,0.0g
当归,20.0g,川芎,20.0g,白芍,20.0g,鸡血藤,15.0g,续断,15.0g,杜仲,15.0g,牛膝,15.0g
熟地,0.0g,山药,0.0g,山萸肉,0.0g,茯苓,0.0g,泽泻,0.0g,丹皮,0.0g,肉苁蓉,0.0g,丹参,0.0g,菟丝子,0.0g,萆薢,0.0g
杜仲,0.0g,怀牛膝,0.0g,鹿角胶,0.0g,熟地,0.0g,马钱子,0.0g,全蝎,0.0g,蜈蚣,0.0g,乳香,0.0g,没药,0.0g,当归,0.0g,川芎,0.0g,桂枝,0.0g,葛根,0.0g,川羌,0.0g
山楂,30.0g,何首乌,20.0g,草决明,30.0g,黄精,20.0g,茵陈蒿,20.0g,菖根,20.0g,泽泻,15.0g
麦芽,15.0g,炒山楂,10.0g,砂仁,6.0g,藿香,10.0g,扁豆子,10.0g,山药,10.0g,罂粟壳,3.0g
桂枝,10.0g,茯苓,15.0g,鳖甲,15.0g,桃仁,10.0g,红花,10.0g,柴胡,10.0g,白芍,25.0g,香附,15.0g,当归,10.0g,白术,15.0g,麦芽,10.0g,神曲,10.0g,山楂,10.0g,大腹皮,15.0g,青皮,10.0g,陈皮,10.0g,丹参,30.0g
黄芪,30.0g,熟地,30.0g,党参,20.0g,川芎,10.0g,丹参,12.0g,山萸肉,12.0g,五味子,10.0g,远志,10.0g,天麻,10.0g,石菖蒲,5.0g,菟丝子,10.0g
知母,10.0g,黄柏,10.0g,生地,12.0g,丹皮,10.0g,吴茱萸,10.0g,山药,12.0g,茯苓,12.0g,泽泻,12.0g,女贞子,12.0g,何首乌,15.0g,麦芽,90.0g,紫河车粉,0.0g
北沙参,10.0g,生地,10.0g,麦冬,10.0g,当归,10.0g,枸杞子,12.0g,川楝子,7.0g,虎杖,15.0g,贯众,15.0g
当归,10.0g,白芍,10.0g,生地,10.0g,丹参,10.0g,乳香,10.0g,没药,10.0g,酸枣仁,10.0g,桂枝,10.0g,木瓜,10.0g,川芎,6.0g,甘草,6.0g,葛根,30.0g
防己,15.0g,生黄芪,30.0g,生地,15.0g,山药,12.0g,山萸肉,9.0g,泽泻,9.0g,土茯苓,30.0g,丹皮,12.0g,丹参,15.0g,鬼箭羽,15.0g
枸杞子,50.0g,白豆蔻,50.0g,白大豆,50.0g,木腰子,50.0g,榧子,50石,莲子,50.0g,当归,50.0g,海马,50.0g,玉竹,50.0g,黄精,50.0g,阿胶,50.0g,党参,50.0g,赤苓,50.0g,山药,50.0g,香附,50.0g,天花粉,50.0g,鹿角霜,50.0g,血竭,50.0g,鹿胎膏,100.0g
生地,15.0g,熟地,15.0g,当归,15.0g,黄连,3.0g,黄芩,3.0g,黄柏,3.0g,炙黄芪,30.0g,天冬,15.0g,麦冬,15.0g,玄参,15.0g,黄精,30.0g
鸡血藤,25.0g,川牛膝,100.0g,桑寄生,100.0g,老母鸡,1只
何首乌,20.0g,枸杞子,15.0g,山萸肉,10.0g,当归,15.0g,川芎,30.0g,白芍,30.0g,川羌,10.0g,续断,12.0g,威灵仙,15.0g,桂枝,10.0g,防风,10.0g,柴胡,10.0g
熟地,15.0g,何首乌,10.0g,当归,10.0g,白芍,10.0g,木瓜,10.0g,续断,30.0g,桑寄生,10.0g,牛膝,15.0g,珍珠母,30.0g,龙骨,30.0g,牡蛎,30.0g
熟地,30.0g,山药,20.0g,枸杞子,15.0g,山萸肉,12.0g,川牛膝,15.0g,菟丝子,15.0g,鹿角胶,10角,板胶,10.0g,骨碎补,15.0g,陈皮,10.0g
水牛角粉,30.0g,生地,15.0g,丹皮,9.0g,赤芍,15.0g,大黄,3.0g,甘草,5.0g
黄芪,30.0g,当归,15.0g,桂枝,9.0g,川乌,9.0g,草乌,9.0g,乌梅,20.0g,续断,12.0g,乌梢蛇,12.0g,狗脊,12.0g,葛根,12.0g,夜交藤,24.0g
熟地,10.0g,山药,8.0g,枸杞子,8.0g,山萸肉,8.0g,蒺藜,8.0g,谷精草,8.0g,茯苓,0.0g,川木通,0.0g,女贞子,0.0g,丹皮,0.0g,生地,0.0g,菊花,0石,决明,0.0g,草决明,0.0g,木贼,0.0g
马钱子,250.0g,威灵仙,250.0g,五加皮,250.0g,透骨草,250.0g,乳香,250.0g,没药,250.0g,麻黄,250.0g,骨碎补,400.0g,鹿衔草,400.0g,桑枝,500.0g,地龙,125.0g,丹参,300.0g,樟脑,80.0g,冰片,80.0g
生黄芪,30.0g,丹参,30.0g,仙鹤草,30.0g,葛根,30.0g,当归,10.0g,菟丝子,10.0g,五味子,10.0g,女贞子,10.0g,枸杞子,10.0g,大黄,10.0g
熟地,0.0g,准牛膝,0.0g,当归,0.0g,枸杞子,0.0g,何首乌,0.0g,白芍,0.0g,丹参,0.0g,鸡内藤,0.0g,木瓜,0.0g
枸杞子,12.0g,桑椹子,30.0g,女贞子,30.0g,生黄芪,15.0g,鬼箭羽,15.0g,小蓟,15.0g,丹参,12.0g,丹皮,9.0g,桃仁,9.0g,红枣仁,5枚,甘草,6.0g
麝香,0.1g,桃仁,7.5g,红花,5.0g,赤勺,5.0g,地龙,5.0g,牛膝,5.0g,黄芪,12.0g,破故子,12.0g,茯苓,7.5g,川木通,5.0g
夏枯草,30.0g,牡蛎,30.0g,玄参,15.0g,白芍,15.0g,生地,15.0g,麦冬,15.0g,浙贝,10.0g,甘草,5.0g
鹿角胶,60.0g,川牛膝,40.0g,熟狗脊,40.0g,全蝎,40.0g,制马钱子,3.0g
菟丝子,0.0g,赭实子,0.0g,小胡麻,0.0g,五味子,0.0g,车前子,0.0g,木瓜,0.0g,寒水石,0.0g,紫河车,0.0g,生三七粉,0.0g
附子,18.0g,淫羊霍,18.0g,白芍,10.0g,黄芪,20.0g,牛膝,20.0g,木瓜,10.0g,桂枝,10.0g,甘草,2.0g
当归,30.0g,菟丝子,30.0g,香附,30.0g,黄芪,15.0g,熟地,15.0g,白芍,15.0g,川芎,10.0g,阿胶,10.0g,红花,10.0g
威灵仙,30.0g,淫羊藿,30.0g,黄芪,30.0g,透骨草,15.0g,木瓜,15.0g,穿山甲,10.0g,牛膝,10.0g,防己,10.0g
丹参,50.0g,仁米,50.0g,紫河车,50.0g,鳖甲,50.0g,虎杖,50.0g,柴胡,30.0g,三七,30.0g,红花,30.0g,穿山甲,30.0g,人参,20.0g,大黄,20.0g
淫羊藿,15.0g,鸡血藤,15.0g,太子参,15.0g,黄精,10.0g,锁阳,10.0g,大枣,10.0g,海马,3.0g,蛤蚧,3.0g,红花,3.0g,北黄芪,20.0g,鹿节,2.0g,肉桂,2.0g
骨碎补,15.0g,狗脊,30.0g,肉苁蓉,30.0g,熟地,30.0g,破故子,15.0g,怀牛膝,10.0g,鹿衔草,15.0g,鹿角霜,15.0g,鸡血藤肉,30.0g,千年健,15.0g
珍珠母,24.0g,草决明,12.0g,夏枯草,9.0g,菊花,4.0g,当归,9.0g,白芍,9.0g,何首乌,9.0g,沙苑子,9.0g,枸杞子,9.0g,生甘草,3.0g
熟地,24.0g,山萸肉,12.0g,山药,12.0g,枸杞子,12.0g,怀牛膝,12.0g,龟版胶,12.0g,菟丝子,12.0g,保首乌,15.0g,丹参,15.0g
生黄芪,30.0g,大黄,9.0g,生地,20.0g,肉桂,3.0g,穿山甲,6.0g
鸡血藤,30.0g,破故子,15.0g,淫羊藿,15.0g,当归,15.0g,鹿角胶,12.0g,女贞子,10.0g,山萸肉,10.0g,阿胶,10.0g,甘草,10.0g
紫草,15.0g,太子参,12.0g,人参叶,2.0g,北沙参,10.0g,白术,10.0g,茯苓,10.0g
当归,10.0g,熟地,10.0g,淫羊藿,10.0g,桑寄生,10.0g,白芍,15.0g,桑椹子,15.0g,女贞子,15.0g,阳起石,15.0g,蛇床子,5.0g
生地,30.0g,熟地,30.0g,枸杞子,10.0g,麦冬,10.0g,北沙参,10.0g,山萸肉,10.0g,当时,10.0g,丹参,20.0g,白花蛇舌草,20.0g,半枝莲,20.0g
何首乌,12.0g,川牛膝,12.0g,菟丝子,12.0g,当归,10.0g,茯苓,10.0g,枸杞子,10.0g,破故子,15.0g
生黄芪,30.0g,丹参,30.0g,赤芍,30.0g,枸杞子,15.0g,茯苓,15.0g,白术,15.0g,肉苁蓉,15.0g,淫羊藿,15.0g,炙鳖甲,15.0g,虎杖,15.0g,黄芩,15.0g,破故子,15.0g
熟地,30.0g,黄芪,30.0g,寻骨风,30.0g,当归,20.0g,白芍,20.0g,桑寄生,20.0g,千年健,15.0g,乳香,10.0g,制没药,10.0g,川乌,10.0g,全蝎,6.0g,蜈蚣,2条
独活,15.0g,杜仲,15.0g,川芎,15.0g,秦艽,15.0g,当归,15.0g,桑寄生,30.0g,穿山甲,30.0g,鸡血藤,30.0g,茜草,30.0g,炮附子,9.0g,细辛,9.0g,川乌,6.0g
当归,10.0g,白术,10.0g,白芍,15.0g,熟地,15.0g,黄芪,15.0g,川芎,6.0g,续断,12.0g,牛膝,12.0g,杜仲,12.0g,阿胶,12.0g,甘草,3.0g,红砂糖,None
生黄芪,30.0g,党参,30.0g,桑寄生,30.0g,谷芽,30.0g,白术,20升,甘草,5.0g
沙砾,25.0g,菟丝子,25.0g,小胡麻,18.0g,春皮,20.0g,枸杞子,20.0g,山药,30.0g,丹参,20.0g,五味子,10.0g,木瓜,15.0g,青皮,15.0g,秦皮,15.0g,伸筋草,15.0g,太子参,15.0g,黄芪,30.0g,桑椹子,30.0g
菟丝子,0.0g,淫羊藿,0.0g,巴戟天,0.0g,鹿角粉,0.0g,山萸肉,0.0g,山药,0.0g,炙龟版,0.0g
人参,0.0g,当归,0.0g,丹参,0石,鸡血藤,0.0g,黄芪,0.0g,远志,0石,石菖蒲,0.0g,茯神,0.0g,菟丝子,0.0g,菊花,0石,决明,0.0g,生地,0.0g
桂枝,6.0g,龙骨,30.0g,牡蛎,30.0g,白芍,15.0g,浮小麦,30.0g,甘草,5.0g,大枣,5枚,钩藤,10.0g,生地,15.0g,淡竹叶,10.0g,川木通,4.0g,全蝎,3.0g,干姜,3片
当归,10.0g,泽兰叶,10.0g,苏木,10.0g,地龙,10.0g,杜仲,10.0g,赤芍,10.0g,黄芪,18.0g,丹参,18.0g,鹿角片,18.0g,狗脊,12.0g
白芍,12.0g,生地,20.0g,麦冬,15.0g,北沙参,30.0g,五味子,10.0g,桑枝,30.0g,牡蛎,20.0g,刺力,12.0g,薄荷,10.0g,天麻,10.0g,栀子,10.0g,生甘草,6.0g
白芍,15.0g,生地,20.0g,麦冬,15.0g,百合,15.0g,五味子,10.0g,桑枝,30.0g,牡蛎,30.0g,刺力,15.0g,薄荷,10.0g,天麻,10.0g,栀子,10.0g,夏枯草,15.0g,白芷,12.0g
白芍,15.0g,麦冬,15.0g,百合,15.0g,五味子,10.0g,秦艽,15.0g,牡蛎,30.0g,刺力,15.0g,薄荷,10.0g,栀子,10.0g,夏枯草,15.0g,蝉蜕,10.0g,川芎,12.0g,白芷,12.0g,北沙参,30.0g
半夏,12.0g,厚朴,12.0g,茯苓,12.0g,干姜,10.0g,大枣,12.0g,紫苏,20.0g,当归,20.0g,白芍,15.0g,黄芪,20.0g,桂枝,10.0g,白术,15.0g,甘草,6.0g
半夏,18.0g,厚朴,15.0g,茯苓,15.0g,干姜,10.0g,大枣,12.0g,紫苏,30.0g,当归,20.0g,白芍,15.0g,黄芪,30.0g,桂枝,15.0g,白术,20.0g,甘草,6.0g,川芎,15.0g,僵蚕,12.0g,防风,15.0g
山萸肉,15.0g,山药,15.0g,白芍,15.0g,牡蛎,20.0g,丹参,30.0g,怀牛膝,15.0g,川芎,15.0g,桂枝,12.0g,半夏,15.0g,藿香,20.0g,薏苡仁,30.0g,僵蚕,12.0g,钩藤,20.0g,黄芪,20.0g
当归,15.0g,白芍,15.0g,熟地,20.0g,五味子,10.0g,龙骨,20.0g,牡蛎,20.0g,桂枝,12.0g,海螵蛸,15.0g,山药,15.0g,车前子,30.0g,黄芪,15.0g,黄柏,5.0g,甘草,5.0g
当归,15.0g,白芍,15.0g,熟地,20.0g,五味子,12.0g,龙骨,20.0g,牡蛎,20.0g,桂枝,15.0g,海螵蛸,20.0g,山药,15.0g,黄芪,15.0g,甘草,5.0g
山萸肉,15.0g,枸杞子,15.0g,山药,15.0g,熟地,20.0g,丹皮,10.0g,茯苓,12.0g,当归,20.0g,白芍,15.0g,远志,12.0g,菟丝子,15.0g,川芎,15.0g,黄芪,20.0g
桑叶,18.0g,菊花,15.0g,生白芍,20.0g,五味子,10.0g,柴胡,10.0g,枳壳,12.0g,川芎,15.0g,郁京,12.0g,薄荷,10.0g,当归,15.0g,生地,15.0g,甘草,6.0g
桑叶,18.0g,菊花,15.0g,生白芍,20.0g,五味子,10.0g,枳壳,12.0g,川芎,15.0g,郁京,12.0g,薄荷,10.0g,当归,15.0g,生地,15.0g,牡蛎,20.0g,甘草,6.0g
生地,20.0g,白芍,20.0g,川芎,15.0g,当归,15.0g,元胡,15.0g,柴胡,10.0g,枳壳,12.0g,黄芩,12.0g,半夏,12.0g,百合,15.0g,金钱草,30.0g,川羌,15.0g
当归,20.0g,白芍,15.0g,川芎,15.0g,熟地,15.0g,沉香,10.0g,乌药,10.0g,柴胡,12.0g,枳壳,12.0g,大腹皮,15.0g,桂枝,12.0g,黄芪,20.0g
酸枣仁,30.0g,白芍,15.0g,知母,10.0g,百合,15.0g,丹参,20.0g,连翘,20.0g,刺力,15.0g,蝉蜕,10.0g,川芎,12.0g,生地,15.0g,甘草,6.0g
生地,18.0g,北沙参,20.0g,麦冬,15.0g,桑叶,20.0g,菊花,15.0g,刺力,12.0g,桔梗,12.0g,杏仁,12.0g,前胡,15.0g,芦根,30.0g,生栀子,10.0g,木zh0草,10.0g,甘草,6.0g
当归,20.0g,川芎,15.0g,白芍,15.0g,熟地,20.0g,何首乌,30.0g,黄芪,30.0g,桂枝,15.0g,陈皮,10.0g,三七,6.0g,甘草,10.0g
北沙参,30.0g,生地,20.0g,麦冬,15.0g,枸杞子,15.0g,白芍,15.0g,川芎,15.0g,山萸肉,15.0g,山药,15.0g,甘草,6.0g
当归,20.0g,川芎,18.0g,白芍,15.0g,熟地,20.0g,何首乌,30.0g,黄芪,30.0g,桂枝,15.0g,陈皮,10.0g,三七,6.0g,白术,15.0g,附片,15.0g,甘草,10.0g
生地,15.0g,北沙参,30.0g,枸杞子,15.0g,麦冬,15.0g,五味子,10.0g,川芎,15.0g,白芍,15.0g,旱莲草,20.0g,女贞子,15.0g,黄芪,30.0g,山楂,15.0g,甘草,10.0g
生地,20.0g,北沙参,30.0g,枸杞子,12.0g,麦冬,15.0g,栀子,12.0g,丹皮,12.0g,潼蒺力,15.0g,白芍,15.0g,牡蛎,20.0g
生地,20.0g,北沙参,30.0g,麦冬,15.0g,栀子,12.0g,丹皮,12.0g,潼蒺力,15.0g,白芍,15.0g,牡蛎,20.0g,桑叶,18.0g,石决明,20.0g
山萸肉,15.0g,生地,20.0g,山药,15.0g,丹皮,12.0g,泽泻,10.0g,黄柏,10.0g,知母,10.0g,北沙参,30.0g,麦冬,15.0g,白芍,15.0g,桑叶,18.0g,石决明,20.0g
龙胆草,10.0g,生地,20.0g,丹皮,12.0g,黄柏,10.0g,知母,10.0g,麦冬,15.0g,白芍,15.0g,石决明,20.0g,五味子,10.0g
生地,20.0g,山药,15.0g,山萸肉,15.0g,茯苓,12.0g,丹皮,10.0g,泽泻,10.0g,半夏,12.0g,麻黄,12.0g,杏仁,12.0g,桔梗,12.0g,紫菀,12.0g,甘草,6.0g
山萸肉,15.0g,生地,20.0g,山药,15.0g,丹皮,12.0g,泽泻,10.0g,黄柏,10.0g,知母,10.0g,白芍,15.0g,龙胆草,6.0g,石决明,20.0g
白芍,20.0g,生地,20.0g,丹皮,12.0g,地骨皮,15.0g,天冬,15.0g,胡连,10.0g,栀子,12.0g,菊花,15.0g,五味子,12.0g,枳壳,12.0g,柴胡,10.0g,龙骨,20.0g,甘草,6.0g
生地,20.0g,北沙参,30.0g,麦冬,15.0g,白芍,15.0g,当归,20.0g,桑叶,18.0g,菊花,15.0g,栀子,12.0g,酸枣仁,30.0g,牡蛎,20.0g,知母,10.0g,甘草,6.0g
独活,2.0g,槲寄生,2.0g,生地,2.0g,杜仲,1.5g,川牛膝,1.5g,当归,2.0g,白芍,2.0g,川芎,2.0g,党参,2.0g,秦艽,2.0g,防风,2.0g,甘草,1.0g
独活,1.5g,槲寄生,2.0g,生地,2.0g,川牛膝,1.5g,当归,2.0g,白芍,2.0g,川芎,2.0g,党参,2.0g,桂枝,1.5g,秦艽,1.5g,防风,1.5g,甘草,1.0g
山萸肉,2.0g,生地,2.0g,山药,2.0g,丹皮,1.5g,泽泻,1.0g,枸杞子,1.0g,菊花,1.0g,知母,1.0g,川芎,1.5g,天冬,1.0g,赤芍,1.5g
生地,None,党参,None,杜仲,None,络石藤,2.0g,威灵仙,1.5g,熟地,2.0g,姜黄,1.0g
当归,2.0g,白芍,2.0g,熟地,2.0g,川芎,2.0g,阿胶,1.5g,鹿角胶,1.5g,鸡血藤,2.0g,桂枝,1.5g,山萸肉,2.0g,制附子,1.5g,黄芪,2.0g,甘草,2.0g
桂枝,None,艾叶,None,槲寄生,None,黄芪,None,牡蛎,2.0g,山萸肉,1.5g,枸杞子,1.5g,人参,1.5g
独活,1.5g,槲寄生,2.0g,熟地,2.0g,杜仲,1.5g,川牛膝,1.5g,当归,2.0g,白芍,2.0g,川芎,2.0g,茯苓,2.0g,桂枝,1.5g,秦艽,1.5g,防风,1.5g,甘草,2.0g
天冬,None,牡蛎,2.0g,人参,1.0g
独活,1.5g,槲寄生,2.0g,杜仲,1.0g,牛膝,1.5g,秦艽,1.5g,防风,1.5g,桂枝,1.5g,生地,2.0g,白芍,2.0g,当归,2.0g,川芎,2.0g,党参,2.0g,甘草,1.0g
山萸肉,2.0g,生地,2.0g,山药,2.0g,丹皮,1.5g,泽泻,1.0g,枸杞子,1.0g,菊花,1.0g,牡蛎,2.0g,丹参,1.5g
山萸肉,1.5g,生地,1.5g,山药,1.5g,泽泻,1.0g,丹皮,1.5g,茯苓,1.5g,黄柏,1.0g,知母,1.0g,地骨皮,1.5g,白芍,1.5g,石膏,2.0g
山萸肉,1.5g,熟地,1.5g,山药,1.5g,丹皮,1.0g,茯神,1.5g,枸杞子,1.5g,鹿角胶,1.0g,菟丝子,1.5g,酸枣仁,2.0g,牡蛎,2.0g,黄柏,1.0g
山萸肉,2.0g,山药,2.0g,熟地,2.0g,泽泻,1.5g,茯苓,1.5g,丹皮,1.5g,枸杞子,1.5g,兔丝,1.5g,杜仲,1.5g,牛膝,1.5g,牡蛎,2.0g
当归,2.0g,川芎,1.5g,白芍,2.0g,熟地,2.0g,鸡血藤,2.0g,桃仁,1.5g,槲寄生,1.5g,桂枝,1.5g,附子,1.0g,黄芪,2.0g
人参,2钱,白术,2钱,当归,2钱,川芎,1钱,干姜,4分,炙甘,4分
黄柏,1斤,大黄,8两,玄明粉,6两,生石青,4两
胆矾,1钱,乳香,1钱,樟丹,1钱
生香附,6钱,僵蚕,5钱,石菖蒲,5钱,苏梗,4钱,白芥子,4钱,橘络,4钱,当归,1两,青皮,5钱,赤芍,5钱,丹参,6钱,片姜黄,5钱,桑枝,1两,透骨草,8钱,鸡血藤膏,8钱
好香附子,1斤,陈艾,4两,陈醋,None,碗,None
胆南星,6克,防风,4.5克,前胡,4.5克,川羌,4.5克,川芎,4.5克,全蝎,4.5克,橘红,6克,苍术,4.5克,郁金,4.5克,白附子,4.5克,当归,4.5克,乌药,4.5克,香附,4.5克,茯神,6克,石菖蒲,4.5克,麻黄,6克,牛黄,2.4克,川附子,2.4克,钩蘑,9克,苏合香,3毫升,天麻,3克,麝香,1.2克,冰片,1.2克,白芷,4.5克,僵蚕,9克,生地,9克,白芍,9克,羚羊粉,6克
薄荷,None,黄连,None,苍术,1.5g,泽泻,1.5g
人参,10.0g,附子,10.0g,干姜,10.0g,甘草,10.0g,当归l,0.0g,芒硝,10.0g,大黄,15.0g,乌梅,25.0g,槟榔,15.0g
桔梗,5钱,牛蒡子,5钱,生甘草,5钱,麦冬,1两
防己,0.5两,赤苓,3分,槟榔,1两,桑根白皮,3分,川木通,3分,猪苓,3分,紫苏茎叶,3分
川乌,None,芥穗,0.5斤,杜当归,None,薄荷,5两
槟榔,3枚,木香,30克,肉豆蔻,15克,甘遂,15克,红大戟,7.5克,白牵牛,30克,墨,7.5克,沉香,15克,陈皮,30克,青皮,30克,三棱,30克
吴茱萸,5钱,木瓜,5钱,食盐,5钱
白芨,40.0g,仙鹤草,40.0g,三七粉,15g,白茅根,30.0g,百合,30.0g,川贝,15.0g,大黄,3.0g,代赭石,30.0g,百部,15.0g
百草霜,None,樟丹,None
苏子,15克,麻子,30克,粳米,30克
黄连,1两,人参,1两,吴茱萸,5合,干姜,3两,生地,5两
黄瓜蒌,1个,忍冬藤,1两,乳香,1两,苏木,5钱,没药,3钱,甘草,1钱
芦荟,3钱,朱砂,9分
姜黄,4两,香附,4两,砂仁,2两,甘草,2两,广茂,2两,海桐皮,1两,甘松,1两,木香,1两,荆三棱,1两,檀香,0.5两,藿香叶,0.5两
百草霜,None,香油,None,桐油,None,松香,None,乳香,None,没药,None
防己,3分,桑白皮,1两,紫苏茎叶,1两,赤苓,1两,木香,1分
丹皮,15.0g,炒山桅,10.0g,柴胡,10.0g,当归,12.0g,白芍,12.0g,白术,9.0g,茯苓,9.0g,薄荷,6.0g,丹参,15.0g,益母草,30.0g,蝉蜕,10.0g,甘草,6.0g
槟榔,2两,甘遂,2两,赤芍,2两,威灵仙,2两,泽泻,2两,葶苈子,2两,乳香,2两,没药,1两,黑丑,5钱,红大戟,3两,陈皮,4两
白薇,1两,紫石英,None,醋淬,None,琥珀,1两,白芍,1两,肉桂,1两,续断,1两,防风,1两,山萸肉,1两,当归,1两,柏子仁,1两,川乌,1两,丹皮,1两,木香,0.5两,麝香,0.5钱
茯神,1两半,牛黄,5铢,石菖蒲,2分,远志,2分,茯苓,2分,人参,3两
五味子,9克,干姜,15克,紫菀,3克,半夏,6克,吴茱萸,3克,款冬花,1.5克,细辛,3克,附子,9克,茯苓,12克,甘草,6克,肉桂,3克
防风,3两,芥穗,3两,吴白芷,3两,茯苓,3两,蔓荆子,3两,威灵仙,3两,何首乌,3两,川芎,3两,苦参,0.5斤,白牵牛,0.5斤
枸杞子,None,桂枝,1.5g,人参,1.5g
绿豆,None,北粳米,100克
党参,18克,乌蔹莓,50克,半夏,10克,橘红,6克,竹茹,10克,枳实,6克,白术,15克,茯苓,15克,山楂,15克,甘草,5克
茯苓,15克,白术,15克
柴胡,None,麻黄,None,掠去沫,None,紫苏茎叶,None,陈皮,None,杏仁,None
川乌,None,螟蛉窠土,None
朱砂,0.5两,半夏,None,天南星,1分,全蝎,1分,白附子,1分,僵蚕,1分,硼砂,1钱,牛黄,1钱
肥黄雌鸡,1只,翅羽及肠,None,当归,1两,人参,3分,肉桂,0.5两,甘草,1分,熟干地黄,1两半,芎?,3分,白芍,3分,麦冬,1两半,黄芪,1两半
鳖甲,1两半,炙令黄,None,知母,3分,大黄,3分,地骨皮,3分,赤芍,0.5分,甘草,0.5两,人参,3分,麦冬,1两,黄芩,3分,黄芪,3分,柴胡,1两半,桑根白皮,3分
人参,1两,干山药,1两半,当归,1两,黄芪,1两,黄柏,1两,白术,1两,杜仲,1两,破故子,1两,五味子,0.5两,泽泻,0.5两,茯苓,1两,丹皮,1两,山萸肉,1两,熟地,4两
赤苓,1两,陈皮,1两,枇杷叶,1两,麦冬,1两,青竹茹,1两,半夏,None,人参,0.5两,甘草,0.5两
侧柏,0.5两,郁金,0.5两,天麻,None,干蝎,0.5两,天南星,0.5两,地黄,0.5两,黄芩,0.5两,大黄,0.5两
白芍,None,川芎,None,当归,None,茯苓,None,白术,None,山药,None,甘草,None,桔梗,None,连翘,None,川木通,None,干姜,None,大枣,None
葶苈子,210克,茯苓,90克,吴茱萸,90克,椒目,90克,甘遂,150克
生地,25.0g,麦冬,15.0g,玄参,15.0g,人参,5.0g,没药,10.0g,木贼,20.0g,姜黄,10.0g,葛根,15.0g,山楂,20.0g,当归,15.0g,鸡血藤,10.0g,郁金,15.0g,三七,10.0g
麻黄,12.0g,杏仁,12.0g,桑白皮,30.0g,荆芥,10.0g,前胡,20.0g,桔梗,12.0g,芦根,30.0g,连翘,20.0g,浙贝,15.0g,地龙,15.0g,僵蚕,12.0g,紫菀,12.0g,半夏,12.0g,甘草,6.0g
黑丑,4两,青皮,1两,苏子,1两,半夏,1两,五灵脂,1两,木香,0.5两,槟榔,0.5两,川芎,1两,郁李仁,1两
火麻仁,3两,大黄,2两,诃黎勒皮,2两,人参,1两,陈皮,1两
棕榈,10.0g,莲房,10.0g,生地,15.0g,炒丹皮,10.0g,炒归芍,10.0g,炒地榆,15.0g,炒黄芩,8.0g,炒蒲黄,12.0g
沉香,0.5两,花椒,1分,甘草,1两,乌药,1两,当归,1两,芎?,1两
蝉蜕,14个,全蝎,14个
芥穗,1两半,当归,1两半,赤芍,1两半,黄连,1两
草乌,0.5两,白芷,1两,川芎,2两,防风,1两,天麻,1两,甘草,1两,细辛,5钱
陈皮,10.0g,香附,10.0g,鸡内金,6.0g,枳壳,10.0g,山药,10.0g,郁金,10.0g,山楂,10.0g,甘草,6.0g
白芍,None,川贝,None,青皮,None,陈皮,None,丹皮,None,栀子,None,郁金,None,香附,None,泽泻,None
滑石,2两,川木通,1两,当归,1两,木香,1两,郁金,1两,萹竹,1两,琥珀,2两
党参,10.0g,白术,10.0g,麦冬,10.0g,山萸肉,10.0g,枸杞子,10.0g,菊花,10.0g,生地,15.0g,茯苓,15.0g
射干,3.3克,山豆根,3.3克,僵蚕,3.3克,牛蒡子,3.6克,紫草茸,3.6克,紫菀,3.6克,桔梗,3克,石膏,3克,诃子,3克,川木通,3克,升麻,2.4克,蝉蜕,2.4克,甘草,1.5克
黄芪,24.0g,白术,16.0g,防风,8.0g,茯苓,16.0g,鸡内金,10.0g,五味子,8.0g
朱砂,1分,铅白霜,1钱,白僵蚕末,1钱,珍珠末,1钱,轻粉,1钱,牛黄,1钱,犀角屑,1钱,青黛,1钱,乳香,1钱,胡连,1钱,白附子,1钱,香墨,1钱,麝香,0.5钱
硝石,1两,硫黄,1两,白矾,1两
人参,None,麦冬,None,五味子,None,天冬,None,薏苡,None,黄芪,None,百合,None,甘草,None
当归,2钱,人参,2钱,川芎,1钱半,茯苓,1钱半,桃仁,10粒,莲子,10粒,炙干姜,5分,制肉果,1个,诃子皮,1钱,糯米,1撮
柴胡,None,葛根,None,前胡,None,防风,None,苏叶,None,荆芥,None,桔梗,None,川羌,None,甘草,None,人参,None,干姜,None
升麻,1.5克,桔梗,1.5克,川羌,3克,川芎,3克,防风,3克,葛根,4.5克,麻黄,0.9克,白芷,0.9克,蝉蜕,7个,陈皮,1.2克,甘草,1.2克
半夏,15.0g,芩,10.0g,干姜,10.0g,大枣,12.0g,党参,30.0g,木香,15.0g,陈皮,10.0g,藿香,20.0g
山萸肉,15.0g,熟地,15.0g,山药,15.0g,茯苓,12.0g,泽泻,10.0g,丹皮,10.0g,附子,15.0g,桂枝,10.0g,黄柏,10.0g,知母,10.0g,浮小麦,15.0g,黄芪,15.0g
白芷,30克,草乌,15克,心白者用,None,雄黄,4.5克
虎骨头,1分,鬼臼,1分,草龙胆,1分,鬼箭羽,1分,琥珀,0.5两,白胶香,0.5两
鹿角,5两,白敛,1两,牡蛎,4两,附子,1两
代赭,0.5两,朱砂,0.5两,大黄,0.5两,木香,0.5两,当归,1分,肉桂,0.5两,犀角屑,0.5两,巴豆,0.5两
桂枝,10.0g,白芍,10.0g,干姜,10.0g,川楝子,15.0g,大枣,15.0g,甘草,5.0g,贯众,30.0g,生黄芪,10.0g
白术,1两1分,厚朴,3分,人参,3分,陈皮,None,麦糵,3分,肉桂,3分,紫菀,3分,川贝,3分,甘草,3分
赤苓,3钱,白芍,3钱,赤芍,3钱,黄芪,None,熟干地黄,None,当归,None,柏子仁,None,阿胶,None
陈皮,None,茯苓,None,法夏,None,甘草,None,桔梗,None,黄芩,None
黄芪,50.0g,新开河参,5.0g,三七,5.0g,丹参,30.0g
附子,1枚,入硇砂,1钱,面裹煨香熟,None,只用附子,None,为末,None,芫花,1钱,黑丑,1钱
香附,6两,桔梗,1斤半,甘草,1斤,干姜,0.5斤,肉桂,4两,小茴香,0.5斤,良姜,2两,陈皮,2两
熟地,3钱,当归,2钱,白术,1钱5分,丹参,1钱5分,白芍,1钱5分,香附,1钱5分,红花,6分,川芎,5分
柴胡,1两,升麻,1两,牛蒡子,1两,全蝎,1两,石膏,1两,葛根,1两,赤芍,1两,甘草,1两,北防风,0.5两,郁金,0.5两,薄荷,0.5两,半夏,0.5两,赤苓,0.5两,细辛,0.5两,川芎,0.5两,川羌,0.5两,桔梗,2两,荆芥,2两
杏仁,12.0g,白豆蔻,10.0g,薏苡仁,30.0g,半夏,12.0g,厚朴,12.0g,滑石,20.0g,藿香,20.0g,川羌,12.0g,防风,12.0g,陈皮,10.0g,川芎,15.0g,甘草,6.0g
侧柏叶,3两,大黄,1两,黄芩,1两
白术,1两,干姜,1两,木香,0.5两,甘草,0.5两,厚朴,1两,阿胶,1两,神曲,1两,当归,1两,诃子,1两
破故子,2两,附子,1两,葫芦巴,1两,巴戟天,1两,白槟榔,1两,桃仁,1两,以酒,1升,别研如酪,None,于银石器中熬,None,次入蜜,2两,又煎,None,入安息香,0.5两,以酒半盏,None,研细滤入煎内,None,次入补骨脂末,None,沉香,0.5两
甘草,2钱,茯苓,3钱,桂枝,3钱,白芍,3钱,干姜,3钱,丹皮,3钱,何首乌,3钱
桑白皮,15.0g,杏仁,10.0g,黄芩,10.0g,桔梗,10.0g,麦冬,10.0g,甘草,10.0g,前胡,9.0g,枳壳,5.0g
生黄芪,30.0g,知母,12.0g,葛根,12.0g,天花粉,30.0g,生山药,30.0g,生龙牡,20.0g,芡实,12.0g,茜草,10.0g,白头翁,20.0g,甘草,6.0g
火麻仁,3两,羚羊角屑,1两,枳壳,1两,芎?,1两,木香,1两,鳖甲,2两半,炙令黄,None,独活,2两,槟榔,2两,大黄,2两,郁李仁,2两,黑丑,2两半
茯苓,4两,甘草,3两,五味子,0.5升,干姜,3两,细辛,3两,半夏,0.5升,杏仁,0.5升,大黄,2两
半夏,4两,海浮石,4两,川贝,4两,天南星,1两
黄芪,15.0g,生地,15.0g,人参,5.0g,大黄,5.0g,冬虫夏草,3.0g
重楼,90.0g,土茯苓,90.0g,苦参,90.0g,黄柏,45.0g,大黄,45.0g,龙胆草,30.0g,萆薢,30.0g,枯矾,15.0g
黄芪,15克,麦冬,15克,熟地,15克,桔梗,15克,甘草,7.5克,白芍,6克,五味子,6克,人参,9克
黄芩,1两,甘草,1两,当归,1两,细辛,1两,蛇床子,1两,肉桂,1两
金银花,80.0g,连翘,80.0g,薄荷,60.0g,荆芥,32.0g,淡豆豉,40.0g,牛蒡子,48.0g,桔梗,48.0g,淡竹叶,32.0g,芦根,48.0g,甘草,40.0g,草糖浆,350ml
鸡内金,1两,白芷,5钱,铜绿,1钱,麝香,1分
海藻,1两,椒目,1两,昆布,1两,黑丑,1两,肉桂,1两,牛黄,1分,葶苈子,2两
巴豆,10枚,雄黄,0.5两
麻黄,12.0g,荆芥,12.0g,百部,15.0g,紫菀,15.0g,白前根,15.0g,桔梗,15.0g,紫苏,20.0g,杏仁,12.0g,僵蚕,12.0g,半夏,15.0g,川贝,6.0g,甘草,6.0g
大黄,None,砂仁,10.0g,木香,12.0g
青蒿,6.0g,鳖甲,15.0g,生地,12.0g,知母,6.0g,丹皮,9.0g
苦参,5.0g,蛇床子,4.0g,地肤子,4.0g,白鲜皮,4.0g,大黄,4.0g,/,None
苍术,None,乳香,None,降香,None,甘松,None,细辛,None,芸香,None
当归,2.0g,白芍,2.0g,熟地,2.0g,川芎,2.0g,黄芪,3.0g,元胡,1.5g,三七,1.0g,乳香,1.0g,甘草,1.0g
葛根,1钱,桂枝,1钱,川芎,1钱,细辛,1钱,防风,1钱,麻黄,8分,枳壳,8分,白芍,8分,人参,8分,甘草,8分
独活,12.0g,桑寄生,12.0g,秦？,12.0g,牛膝,12.0g,当归,12.0g,鸡血藤,12.0g,杜仲,15.0g,白芍,15.0g,肉桂,10.0g,人参,10.0g,细辛,4.0g
使君子,2枚,候面熟为度,None,水银,1钱,香细墨,1钱,芦荟,1钱,熊胆,1钱,朱砂,1钱,腊茶,1钱,天竺黄,0.5钱,青黛,0.5钱,全蝎,7.5g,乳香,1钱,冰片,1钱,轻粉,2钱,寒食面,1钱半
破故子,30g,菟丝子,20g,栀子,20g,75,None,%酒精,200ml
赤芍,2.0g,白芍,2.0g,桃仁,1.0g,红花,1.0g,防风,1.5g,川芎,1.5g,荆芥,1.5g,石膏,3.0g,蝉蜕,1.0g,生甘草,1.0g
乱发,1两,车前子,1两,大黄,1两,肉桂,1两,当归,1两,滑石,1两,冬瓜子,5合,川木通,1两半
附片,15.0g,桂枝,12.0g,细辛,3.0g,黄芪,20.0g,当归,20.0g,川芎,15.0g,益智仁,12.0g,桃仁,12.0g,白芍,12.0g,甘草,6.0g
地榆,0.5斤,葛根,0.5斤,茯苓,6两,赤芍,6两,干姜,2两,当归,3两,甘草,4两,罂粟壳,12两
香薷,12.0g,厚朴,15.0g,白扁豆,15.0g,半夏,15.0g,茯苓,15.0g,苍术,15.0g,陈皮,10.0g,白豆蔻,10.0g,泽泻,12.0g,桂枝,12.0g,党参,30.0g
人参,None,葡萄糖,None
人参,None,桔梗,None,甘草,None,柴胡,None,荆芥,None,防风,None,陈皮,None,牛蒡子,None
茯苓,5两,甘菊花,2两,山萸肉,2两,菟丝子,3两,肉苁蓉,2两,天花粉,2两,防风,2两,熟干地黄,2两,天雄,2两,牡丹,2两,人参,1两,白术,1两,牡蛎,1两,黄芪,2两,紫菀,1两,石菖蒲,2两,石斛,1两,柏子仁,1升,杜仲,2两,蛇床仁,1两,远志,2两,附子,2两,干姜,2两,赤芍,2两,牛膝,2两,萆薢,2两,狗脊,2两,苍耳子,2两,虎胫骨,1两,牛蒡子,1两,桔梗,1两,川羌,2两,牛蒡根,2两,枸杞子,0.5两,晚蚕沙,3两,续断,2两
鹿茸,0.5两,甘草,0.5两,诃黎勒皮,0.5两
荆芥,15.0g,薄荷,10.0g,牛蒡子,20.0g,皂角刺,15.0g,蒺藜,25.0g,赤芍,20.0g,桃仁,15.0g,青皮,15.0g,益母草,25.0g
熟地,20.0g,何首乌,15.0g,破故子,15.0g,骨碎补,15.0g,黄芪,20.0g,苦参,10.0g,蝉蜕,15.0g,穿山甲,10.0g,丹皮,15.0g,桑椹子,15.0g,牡蛎,20升
桃仁,3.0g,红花,1.5g,当归,2.0g,生地,5.0g,赤芍,5.0g,川芎,2.0g,桔梗,1.5g
生干地黄,None,杏仁,None,甘草,None,川贝,None,麻黄,None
麻黄,15.0g,细辛,3.0g,川芎,15.0g,川羌,12.0g,半夏,15.0g,茵陈蒿,15.0g,薏苡仁,30.0g,川乌,12.0g,秦艽,15.0g,甘草,6.0g,金钱草,30.0g,滑石,20.0g,石菖蒲,6.0g
党参,80g,白术,80g,茯苓,80g,甘草,40g,当归,120g,川芎,40g,白芍,80g,熟地,120g,炙黄芪,80g,肉桂,20g
紫花地丁,30克,金银花,30克,白果,20个,桔梗,9克,生甘草,9克,知母,3克
当归,18.0g,川芎,15.0g,赤芍,15.0g,乳香,10.0g,没药,10.0g,元胡,15.0g,姜黄,12.0g,香附,15.0g,瓜蒌,15.0g,丝瓜络,15.0g,威灵仙,15.0g,三七,6.0g
大瓜蒌,1个,红花,None,甘草,None
大黄,1两,附子,1两,芎?,1两,黄芩,2两,白蔹,2两,雄黄,1两,真珠末,1两,白矾,2两
金银花,20.0g,连翘,20.0g,穿心莲,20.0g,蒲公英,20.0g,玄参,25.0g,麦冬,25.0g,桔梗,15.0g,板蓝根,15.0g,生甘草,10.0g,马勃,10.0g,当归,9.0g,赤芍,9.0g,白芷,6.0g
桑叶,30.0g,野菊花,10.0g,金银花,10.0g
人参,10.0g,白术,10.0g,黄芪,10.0g,三棱,10.0g,莪术,10.0g,龙胆草,2.0g,黄连,2石,石菖蒲,10.0g
茵陈蒿,30.0g,生山楂,10.0g,板蓝根,10.0g,大黄,5.0g,蒲公英,15.0g
连翘,3钱,金银花,5钱,茯苓,6钱,白术,5钱,陈皮,4钱,厚朴,4钱,东楂,6钱,鸡内金,6钱,木香,2钱,法夏,4钱,槟榔,3钱,神曲,5钱,麦芽,5钱,黑丑,3钱,白豆蔻,2钱,瓜蒌,2钱,甘草,3钱,菊花,3钱,青皮,5钱,莱菔子,4钱
珍珠,3钱,琥珀,3钱,钟乳石,None,为细末,None,人乳浸,4钱5分,朱砂,2钱5分,冰片,1钱,牛黄,2钱5分,山慈姑,2钱5分,海参,2钱5分,旧琉璃烧存性,None,为末,2钱
桑寄生,1两,侧柏叶,1两,当归,1两,厚朴,1两,干姜,1两,白术,1两,鳖甲,1两,附子,1两,禹馀粮,2两,白石脂,2两,狗脊,3分,白芍,3分,吴茱萸,0.5两
甘草,3两半,肉桂,1两,干姜,1两,乌梅,1两半,苏叶,0.5两
人参,2钱,白术,1钱,茯苓,8分,甘草,5分,陈皮,1钱,青皮,1钱,川芎,7分,神曲,6分,半夏,8分
半夏,18.0g,厚朴,15.0g,茯苓,15.0g,干姜,5片,苏梗,20.0g,大枣,15.0g,桂枝,12.0g,白芍,12.0g,当归,18.0g,大腹皮,15.0g,麦芽,20.0g,建曲,15.0g
小茴香,2两,肉苁蓉,None,附子,2两,五味子,1两
桑寄生,12.0g,续断,12.0g,海螵蛸,12.0g,茜草炭,12.0g
淡豆豉,15.0g,地骨皮,15.0g,焦山栀,5.0g,柴胡,12.0g,白薇,30.0g
知母,None,浙贝,None,天冬,None,麦冬,None,桑白皮,None,杏仁,None,前胡,None,枳壳,None,竹茹,None,甘草,None,荆芥,None,金银花,None,望月砂,None
当归,2两,白芍,2两,肉桂,1两
黑驴粪,1钱5分,血余炭,1钱5分
三棱,3000.0g,莪术,3000.0g,炒五谷虫,3000.0g,胡连,3000.0g,炒鸡内金,3000.0g,甘草,2000.0g
半夏,18.0g,黄连,10.0g,黄芩,12.0g,干姜,3.0g,党参,30.0g,木香,15.0g,杏仁,10.0g,桔梗,12.0g,白芍,15.0g,大腹皮,15.0g,陈皮,10.0g,柴胡,10.0g,丹参,20.0g,甘草,6.0g
当归身,5钱,醋白芍,3钱,生地,5钱,大乌梅,5个,干麦冬,5钱,酸枣仁,5钱,朱砂,5分
金银花,2.0g,连翘,2.0g,薄荷,1.5g,荆芥,1.5g,桔梗,1.5g,杏仁,1.5g,牛蒡子,1.5g,石膏,2.0g,柴胡,1.5g,川羌,1.5g,甘草,0.5g
人牙,1两5钱,雄黄,1两,朱砂,1两,大黄,1两,代赭石,1两
陈皮,1两半,茯苓,1两半,半夏,1两,白术,7钱半,甘草,3钱
黄芩,0.5两,瞿麦,0.5两,甘草,0.5两,麦冬,0.5两,滑石,1两,水通,1两,车前子,1两,冬葵子,1两
炙黄芪,30.0g,人参,6.0g,肉桂,6.0g,麻黄,6.0g,甘草,15.0g,附子,15.0g,丹参,15.0g,麦冬,15.0g,枸杞子,15.0g,当归,10.0g,生地,10.0g,细辛,3.0g
草蔻,1两,白石脂,1两,当归,1两,干姜,1两
百草霜,10钱,赤小豆,1钱,萍蓬,5钱,蝮蛇,1钱
葛根,10.0g,蔓荆子,10升,黄柏,6.0g,党参,15.0g,黄芪,15.0g,白芍,10.0g,甘草,10.0g
天雄,2两,花椒,2两,草乌,None,附子,None,黑豆,2两,防风,None,天麻,2两,牛膝,2两,同于银锅内慢火煮,None,勿令大沸,None,酒尽,None,沉香,1两,公丁香,1两,木香,1两,川羌,1两,干姜,1两,肉桂,3两,肉苁蓉,3两,紫巴戟,3两
黄芪,30.0g,薏苡仁,15.0g,芡实,10.0g,当归,10.0g,丹参,20.0g,何首乌,10.0g,大黄,6.0g,牡蛎,30.0g,半夏,10.0g,茯苓,15.0g,陈皮,10.0g,红花,10.0g
钱,0.5两,醋蘸淬,None,当归,1钱,藿香叶,1钱,水蛭,3钱,血竭,1钱,虎骨,1钱,绵,2钱,血余炭,2个,乳香,1钱,麝香,1钱,没药,1钱
杏仁,10.0g,半夏,10.0g,代赭石,10.0g,紫苑,10.0g,青黛,3.0g,蜈蚣,3.0g,金银花,10.0g,甘草,3.0g
大腹皮,0.5两,赤苓,0.5两,木香,0.5两,公丁香,0.5两,芎?,0.5两,白术,0.5两,沉香,0.5两,陈皮,None,人参,0.5两,草蔻,0.5两,厚朴,None,涂生姜汁,0.5两,肉桂,0.5两,甘草,1分
赤芍,1两,槟榔,1斤
生地,9g,川木通,6g,瞿麦,6g,桑白皮,9g,桔梗,6g,酒黄芩,9g,赤芍,9g,当归,6g,蝉蜕,3g
生麦门冬,1两半,玉竹,1两半,秦皮,1两半,赤苓,1两半,大黄,1两,升麻,1两
生地,None,川木通,None,甘草,None,黄连,None,麦冬,None,栀子,None,赤苓,None,车前子,None,灯心草,None
百合,7枚,知母,9克
川贝,None,瓜蒌,None,天南星,None,荆芥,None,防风,None,川羌,None,黄柏,None,黄芩,None,黄连,None,白术,None,陈皮,None,半夏,None,薄荷,None,甘草,None,威灵仙,None,天花粉,None
珍珠,9克,硼砂,3克,青黛,3克,冰片,1.5克,黄连,6克,人中白,6克
鹿茸,None,当归,None
半夏,150克,橘红,150克,茯苓,90克,甘草,45克,干姜,7片,乌梅,1个
炒香附,12.0g,酒延胡,9.0g,川楝子,9.0g,郁金,9.0g,白术,9.0g,蒲公英,12.0g,白术,12.0g,广木香,6.0g,枳壳,6.0g,甘草,6.0g
黄连,1钱,黄芩,1钱,大黄,1钱,连翘,1钱,小生地,1钱,龙胆草,1钱,菊花,1钱,金银花,1钱,薄荷,1钱,木贼,1钱,川羌活,1钱,蝉蜕,1钱,赤芍,1钱,防风,1钱,荆芥,1钱,甘草,1钱,黄柏,1钱
杏仁,2钱半,麻黄,2钱,生甘草,5分,川羌,8分,桔梗,8分,防风,1钱,干姜,3钱
茯苓,1两,干姜,1两,甘草,1两,白术,1两,肉桂,1两
大青叶,30克,蒲公英,30克,板蓝根,30克,白花蛇舌草,30克,土茯苓,30克,牡蛎,30克,磁石,30克,鲜生地,30克,黄芩,12克,制大黄,9克
北亭,1钱,朱砂,1钱,轻粉,None,牙消,1钱,巴豆,21个
柴胡,None,黄芩,None,甘草,None,天花粉,None,白芍,None,麦冬,None,栀子,None,大黄,None
荆芥稳,4两,细辛,1两,川芎,1两,僵蚕,1两,天麻,1两半,川羌,2两,防风,2两,蒺藜,2两
川贝,50.0g,小茴香,50.0g,蜂蜜,150.0g,芝麻油,90.0g,白糖,90.0g
肉苁蓉,10～15克,精羊肉,63克,粳米,100克,精盐葱白,2茎,干姜,3片
人参,None,甘草,None,茯苓,None,白术,None,黄芪,None,砂仁,None
人参,5钱,白术,2两,肉桂,2钱,神曲,2钱,荸荠,2两,鳖甲,3钱
海藻,15g,昆布,15g,昆布,15g,半夏,9g,川贝,9g,连翘,9g,青皮,6g,牡蛎,30g,白石英,30g,枳实,12g,山楂,12g,神曲,18g,蛇莓,18g
附子,None,甘草,1钱半,干姜,1钱半,木香,None,白术,None,乌梅,2个,肉豆蔻,1钱半
当归,0.5两,川羌,0.5两,甘草,0.5两,白术,1两,白芍,1两,附子,1两,黄芪,3钱,防风,3钱,姜黄,3钱,薏苡仁,3钱
当归,12.0g,桃仁,12.0g,桅子,12.0g,川芎,12.0g,赤芍,12.0g,丹参,15.0g,红花,15.0g,地龙,10.0g,全蝎,10.0g,钩藤,30.0g
白玫瑰花,1两,玫瑰精,None,代代花,2两,原高粱,10斤,冰糖,1斤
胡连,0.5两,木香,1分
桔梗,3克,甘草,6克
杏仁,15.0g,芦根,30.0g,荆芥,12.0g,桔梗,12.0g,金银花,30.0g,连翘,20.0g,前胡,20.0g,黄芩,12.0g,百部,12.0g,僵蚕,12.0g,甘草,6.0g,紫菀,12.0g,白前根,12.0g,钩藤,20.0g
黄芪,60.0g,当归尾,10.0g,地龙,10.0g,川芎,10.0g,桃仁,10.0g,三七,10.0g,赤勺,15.0g,王不留行,15.0g,鱼腥草,15.0g,红花,8.0g
大青盐,1钱,白矾,1钱,硼砂,5分
柴胡,10.0g,白芍,10.0g,白术,10.0g,茯苓,15.0g,陈皮,6.0g,麦芽,15.0g,防风,10.0g,山药,10.0g,甘草,3.0g
丹参,15.0g,陈皮,15.0g,虎杖,15.0g,丹皮,12.0g,甘草,12.0g,白术,12.0g,当归,12.0g,薄荷,10.0g,北柴胡,8.0g
川芎,None,天麻,None
益母草,30.0g,小胡麻,10.0g,当归,10.0g,丹参,10.0g,牛膝,15.0g,香附,12.0g,枳壳,9.0g,路路通,10.0g,淫羊藿,10.0g,紫河车,10.0g
乌梅,13个,硇砂,6克,雄黄,6克,乳香,3克,百草霜,15克,绿豆,49粒,黑豆,49粒
乳香,3钱,没药,3钱,生川附子,3钱,血竭,3钱,川乌,3钱,草乌,3钱,檀香末,3钱,降香末,3钱,浙贝,3钱,麝香,3钱,母丁香,49粒,净蕲艾绵,1两
当归,1两,川芎,5钱,白术,5钱,荆芥,3钱,炒黑干姜,1钱,甘草,1钱,人参,3钱,熟地,1两
蒲公英,30.0g,白花蛇舌草,30.0g,黄芩,10.0g,黄连,10.0g,干姜,10.0g,甘草,10.0g,吴茱萸,6.0g,半夏,15.0g,鸡内金,12.0g,党参,30.0g,大枣,6.0g
黄芪,45.0g,丹参,30.0g,泽泻,15.0g,车前子,15.0g,当归,12.0g,桃仁,12.0g,赤芍,12.0g,川牛膝,9.0g,地龙,9.0g,枳壳,9.0g,红花,6.0g
炉甘石,30.0g,密陀僧,9.0g,大梅冰,1.8g
藿香,None,当归,2.0g
五谷虫,31粒,蜈蚣,1条,全蝎,1钱,乌梢蛇,1钱,朱砂,1钱,樟脑,1分,麝香,1分
柴胡,0.0g,枳壳,0.0g,白芍,0.0g,香附,0.0g,白术,0.0g,苏梗,0.0g,半夏,0.0g,陈皮,0.0g,川楝子,0.0g
虎胫骨,2两,松木节,10两,樟木节,10两,花椒,1两,桑根白皮,2两,五加皮,2两,白矾,2两
人参,2两,白术,1两,白茯,1两5钱,石菖蒲,7钱,远志,5钱,茯神,1两,牛黄,1钱,麦冬,1两
枳实,30.0g,白术,30.0g,党参,30.0g,半枝莲,30.0g,白花蛇舌草,30.0g,黄连,6.0g,干姜,6.0g,半夏,12.0g,厚朴,12.0g,茯苓,15.0g,生甘草,10.0g
独活,1两,川芎,1两,菊花,1两,干蝎,1分,防风,1两,半夏,None,作饼子,2两
牛膝,1.5g,代赭石,1.5g,龙骨,2.0g,牡蛎,2.0g,白芍,2.0g,天冬,1.5g,川楝子,1.5g,麦芽,2.0g,茵陈蒿,1.5g,甘草,0.5g
蒲公英,2.0g,蒲黄,1.5g,桂枝,1.5g,赤芍,1.5g,丹皮,1.5g,桃仁,1.5g,当归,2.0g,红花,1.0g,莪术,1.5g,香附,2.0g,青皮,1.5g,薏苡仁,2.0g
红藤,30.0g,败酱草,30.0g,黄连,10.0g,黄柏,10.0g,桃仁,10.0g,苦地丁,12.0g,金银花,15.0g
藿香,30.0g,厚朴,15.0g,半夏,15.0g,茯苓,15.0g,黄连,10.0g,木香,12.0g,陈皮,10.0g,苍术,15.0g,党参,30.0g,白豆蔻,10.0g,薏苡仁,30.0g,防风,12.0g
淫羊藿,10.0g,山药,20.0g,山萸,15.0g,杜仲,12.0g,黄芪,30.0g,党参,15.0g,白术,10.0g,生地,30.0g,巴戟天,10.0g
党参,5钱,炙口耆,3钱,甘草,2钱,炙升麻,1钱,当归身,3钱,熟地,3钱,醋白芍,2钱,乌梅,3个
桂枝,1两17铢,白芍,1两6铢,麻黄,16铢,干姜,1两6铢,杏仁,16个,甘草,1两2铢,大枣,5枚
蚕砂,1斗,以滚童便淋汁,5碗,炉甘石,2两,入铜锅内,None,用白童便浸出,None,指,None,桑柴煮干,None,再浸再煮,None,尝苦咸味方止,None,如淡再煮,None,每次要焙干,None,取起听用,None
桂枝,9.0g,甘草,6.0g,白芍,9.0g,干姜,9.0g,大枣,7枚,厚朴,6.0g,杏仁,9.0g,苏子,9.0g,前胡,9.0g
猪膀胱,0.0g,党参,9.0g,生黄芪,12升,桑螵蛸,9.0g
木香,90克,沉香,90克,公丁香,15克,连翘,22克,射干,22克,升麻,22克,黄芪,22克,川木通,22克,桑寄生,22克,如无真者,22克,独活,22克
润元参,1钱,净连翘,1钱,绿升麻,1钱,片黄芩,1钱,京赤芍,1钱,当归,1钱,川羌活,1钱,北防风,1钱,怀生地,1钱,芥穗,1钱,淮木通,1钱,甘草,5分
香附,10.0g,苏梗,10.0g,陈皮,10.0g,枳壳,12.0g,厚朴,10.0g,香橼,10.0g,佛手,10.0g,丹参,20.0g,檀香,6.0g,焦三仙,10.0g
远志,320两,五爪橘红,160两,紫菀,160两,知母,160两,白芍,160两,甘草,160两,麦冬,160两,款冬花,160两,五味子,160两,葶苈子,160两,北沙参,160两,兜铃,160两,天冬,160两,瓜蒌仁,160两,桑白皮,160两,百合,160两,半夏,160两,黄芩,160两,桔梗,160两,前胡,160两,陈皮,160两,苏叶,320两,苏子,320两,麻黄,640两,石膏,320两,杏仁,640两
当归,12.0g,白芍,12.0g,柴胡,9.0g,茯苓,12.0g,白术,9.0g,甘草,6.0g,枸杞子,12.0g,丹参,30.0g,薏苡仁,30.0g,香附,12.0g,矮地茶,30.0g
北沙参,6两,生地,8两,当归,4两,白芍,2两,云茯苓,2两,杏仁,4两,半夏,2两,新会陈皮,2两
黄芪,0.0g,白术,0升,枳壳,0.0g,山药,0.0g,太子参,0.0g,熟地,0.0g,菟丝子,0.0g,茯苓,0.0g,枸杞子,0.0g,丹参,0.0g,海藻,0.0g
僵蚕,0.0g,薄荷,0.0g,蝉蜕,0.0g
人参,3分,知母,3分,川贝,3分,甘草,3分,乌梅,1分,桃仁,0.5分,杏仁,0.5分
芥穗,None,槐花,None
川贝,1两,天竺黄,1钱,硼砂,1钱,蛤壳,5分
藿香,20.0g,半夏,12.0g,苍术,12.0g,陈皮,10.0g,夏枯草,20.0g,川芎,15.0g,赤芍,12.0g,薄荷,10.0g,丹参,15.0g,葛根,15.0g,川羌,12.0g,藁本,12.0g,甘草,6.0g
柴胡,10.0g,白芍,18.0g,枳壳,12.0g,川芎,15.0g,香附,15.0g,陈皮,10.0g,元胡,15.0g,橘核,10.0g,荔枝核,12.0g,丝瓜络,15.0g,甘草,6.0g
轻白芦甘石,1两,黄连汁,None,大梅片,3钱,水飞辰砂,8钱
白芍,18.0g,当归,18.0g,秦皮,15.0g,黄连,12.0g,黄柏,12.0g,薏苡仁,30.0g,苦参,15.0g,木香,15.0g,枳实,15.0g,大黄,15.0g,槐角,15.0g,荆芥,15.0g
连翘,2钱,葛根,2钱,牛蒡子,2钱,玄参,2钱,黄芩,2钱,桔梗,2钱,赤芍,1钱,栀仁,1钱,淡竹叶,1钱,甘草,1钱,川木通,1钱,升麻,6分
半夏,30.0g,生甘草,30.0g,桔梗,30.0g,醋,1000毫升,鸡子清,4枚
滑石,12克,赤苓,4.5克,泽泻,4.5克,川木通,4.5克,黄芩,6克,白术,6克,车前子,6克,瞿麦,6克,山栀仁,6克
黄芪,15.0g,防己,15.0g,白术,15.0g,川芎,15.0g,何首乌,15.0g,泽泻,30.0g,生山楂,30.0g,丹参,30.0g,茵陈蒿,30.0g,水牛角,30.0g,淫羊藿,10.0g,大黄,9.0g
槟榔,1个,木香,1钱
宿雌鸡胸肋骨,1具,黄连,6分,厚朴,3分,曲,4分,甘草,4分,白术,4分,麦糵,2分,乌梅,2分,人参,5分,赤石脂,5分,黄芩,5分,白龙骨,5分,桔梗,2分
黄连,3.0g,葛根,5.0g,苍术,5.0g,厚朴,5.0g,板蓝根,10.0g,茯苓,10.0g,泽泻,10.0g,藿香,10石,榴皮,10.0g,神曲,10.0g
桔梗,1两,紫菀,1两,桑根白皮,1两,川木通,1两,旋覆花,0.5两,槟榔,1两,款冬花,3分
板蓝根,30.0g,败酱草,30.0g,露蜂房,10.0g,马齿苋,15.0g,夏枯草,10.0g,赤芍,10.0g,红花,10.0g,香附,12.0g,木贼,10.0g,牛蛎,30.0g,薏苡仁,30.0g
白术,1两半,赤苓,1两半,枳壳,1两半,人参,1两,桔梗,1两,肉桂,1两
桑螵蛸,10.0g,金樱子,10.0g,刘寄奴,15.0g,黄芪,20.0g,益智仁,8.0g,乌药,8.0g,红花,6.0g,川芎,6.0g
黄连,None,吴,None,大黄,40.0g,黄星,None
当归,20.0g,白芍,15.0g,川芎,18.0g,鸡血藤,20.0g,桃仁,12.0g,黄芪,30.0g,半夏,15.0g,白附子,6.0g,陈皮,10.0g,石菖蒲,6.0g,枳壳,12.0g,桔梗,12.0g,甘草,6.0g
轻粉,1钱,乳香,1钱,没药,1钱,樟丹,2钱,赤石脂,5钱,寒水石,3钱
桃仁,1.5g,红花,1.0g
白术,2两,白芍,3两,肉桂,1两,附子,None
乳香,6克,没药,6克,玄参,1.2克,前胡,1.2克,血竭,1.2克,麝香,1.2克,生斑蝥,24克,翅,None
牛黄,1.2克,粉口儿茶,3克,冰片,1.2克,薄荷尖,1.2克,青黛,15克,硼砂,6克,玄明粉,3克,人中白,9克,生珠,3克,大梅片,3克
乌蛇头,1枚,蜈蚣,1条,全蝎,1钱,川乌头,1分,麻黄,1钱,麝香,0.5钱
金银花,None,蒲公英,None,丹皮,None,大黄,None,川楝子,None,赤芍,None,桃仁,None,生甘草,None
贯众,6000.0g,苍术,600.0g,苏叶,1500.0g,槟榔,900.0g,土荆芥,900.0g,陈皮,90.0g,苦楝皮,1500.0g
细辛,None,荜茇,None,防风,None,白芷,None,茯苓,None,川芎,None,升麻,None,甘松,None,香附,None,石膏,None,倍于上药,None
人参,3克,石膏,9克,陈皮,4.5克,半夏,4.5克,茯苓,4.5克,枳实,4.5克,麦冬,4.5克,酸枣仁,4.5克,甘草,4.5克
苍术,12.0g,黄柏,12.0g,牛膝,12.0g,桂枝,12.0g,忍冬藤,12.0g,稀莶草,12.0g,海桐皮,12.0g,防己,12.0g,桑枝,20.0g,蚕沙,30.0g
甘草,2.1克,泽泻,9克,天花粉,15克,茯苓,15克,酒黄柏,15克,柴胡,21克,防风,30克,细黄芩,30克,酒黄连,30克,川羌,30克
黄连,10.0g,秦皮,15.0g,枳实,12.0g,木香,12.0g,沉香,10.0g,白头翁,20.0g,白芍,20.0g,地榆,15.0g,槐角,15.0g,蒲公英,20.0g,桃仁,15.0g,大黄,6.0g
阿胶,1钱半,细生地,3钱,桑寄生,3钱,黄芪,3钱,川斛,3钱,枸杞子,1钱半,浙茯苓,1钱半,九孔石决明,1两
广木香,24克,西砂仁,24克,炒党参,60克,白术,60克,茯苓,60克,甘草,30克,炒广皮,30克,制半夏,60克
渴忒,1两2钱,新罗参,1两,石菖蒲,1钱,白纳八,3两
桂枝,9克,干姜,9克,枳实,5枚
蜘蛛,None,冰片,None,轻粉,None,熊胆,None,枯矾,None
飞罗面,0.5两,淡豆豉,0.5两,雄黄,0.5两,乳香,1分,樟丹,1两,桃仁,100个,朱砂,1钱
木香,30克,小茴香,30克,用盐,1匙,同茴香炒至黄色,None,川楝子,30克,用巴豆,10个,微破皮,None,与川楝子一起炒黄,None
大黄,None,半夏,None,黄药子,None,江蝈,24个,乌梅,4个
生地,None,当归,None,甘草,None,白芍,None,茯神,None,远志,None,桔梗,None
半夏,18.0g,黄连,12.0g,黄芩,15.0g,干姜,10.0g,木香,15.0g,槟榔,15.0g,枳实,15.0g,陈皮,12.0g,厚朴,15.0g,鱼腥草,30.0g,白豆蔻,10.0g,建曲,15.0g,莱菔子,15.0g
麝香,15克,秦艽,120克,独活,60克,白术,60克,槟榔,60克
猪悬蹄甲,0.5两,蛇蜕皮,3条,鲮鲤甲,1分,刺猬皮,1枚,鸦翅,1对,蛤壳,1分
瓜蒌,15.0g,薤白,9.0g,麦冬,9.0g,五味子,9.0g,半夏,9.0g,陈皮,9.0g,枳实,9.0g,人参,6.0g,竹茹,6.0g,黄连,6.0g,茯苓,18.0g,丹参,30.0g,甘草,3.0g
石膏,900g,红粉,100g
木香,1两,附子,1两,肉桂,1两,硇砂,1两,公丁香,0.5两,沉香,0.5两,毕澄茄,0.5两,青皮,0.5两,陈皮,0.5两,五味子,0.5两,小茴香,1分
羚羊角屑,1分,犀角屑,1分,防风,1分,茯神,1分,柴胡,1分,麦冬,1分,人参,1分,葛根,1分,甘草,1分,枳壳,1分,石膏,0.5两,龙齿,0.5两
参苏饮加五味子,None,杏仁,None
黑丑,30.0g,皂龟子,24.0g,桃仁,15.0g
当归,10.0g,生地,10.0g,桃仁,10.0g,红花,10.0g,川芎,10.0g,白芍,10.0g,牛膝,10.0g,枳壳,6.0g,桔梗,6.0g,柴胡,6.0g,甘草,8.0g
柴胡,1.0g,枳壳,1.5g,白芍,1.5g,栀子,1.5g,丹皮,1.5g,陈皮,1.5g,龙骨,2.0g,生地,1.5g,五味子,1.0g,薄荷,1.0g,甘草,0.5g
熟地,5钱,白芍,3钱,黄芩,3钱,地骨皮,4钱,益母草,3钱,万年灰,3钱,郁金,3钱,柴胡,3钱,青蒿,2钱
柴胡,1钱5分,葛根,2钱,党参,1钱5分,防风,1钱5分,荆芥,1钱5分,甘草,6分,干姜,2片
木蝴蝶,6.0g,猫爪草,15.0g,芦根,15.0g,桑白皮,15.0g,杏仁,15.0g,紫莞,10.0g,桔梗,10.0g,百部,10.0g,诃子,10.0g,射干,10.0g,马勃,6.0g,甘草,5.0g
小茴香,0.5钱,芸苔子,0.5钱,田螺壳,2钱,甘草,3寸,川楝子,1分
附块,6.0g,肉桂,3.0g,花椒,3.0g,破故子,9.0g,续断,9.0g,女贞子,30.0g,黄精,15.0g,泽泻,30.0g,车前子,30.0g,车前草,30.0g
鲜生姜,250.0g,白糖,100.0g,淘米水,1000.0g
南木香,0.5两,公丁香,0.5两,青皮,None,橘红,0.5两,草果,0.5两,肉豆蔻,0.5两,白豆蔻,0.5两,五灵脂,0.5两,莪术,7钱半,砂仁,7钱半
小茴香,0.5两,木香,0.5两,白芍,0.5两,神曲,0.5两,厚朴,None,生姜汁炙,0.5两,枳壳,0.5两,肉桂,0.5两,青皮,None,干姜,0.5两,人参,0.5两,茯苓,0.5两,三棱,0.5两,生干地黄,3分
柴胡,1钱5分,甘草,1钱,茯苓,3钱,白术,2钱,当归,2钱,白芍,3钱,丹皮,1钱5分,黑山栀,1钱5分,牡蛎,1钱5分,薄荷,3分,陈皮,1钱5分,半夏,2钱,白芥子,2钱
川贝,2钱,瓜蒌仁,1钱5分,栀子,1钱,黄芩,1钱,橘红,1钱,甘草,5分
羚羊角屑,1两,白鲜皮,1两,黄芩,3分,防风,1两,人参,3分,杏仁,3分,尖双仁,None,麻黄,1两,川羌,1两,蒺藜,1两,甘草,1两,生干地黄,3分,枳壳,0.5两
太子参,30.0g,酸枣仁,30.0g,法夏,15石,丹参,15.0g,桂圆肉,15.0g,茯苓,12.0g,枳实,12.0g,竹茹,12.0g,陈皮,10.0g,麦冬,10.0g,干姜,3.0g,鹿角霜,6.0g,甘草,6.0g
枇杷叶,10～15克,粳米,100克,冰糖,None
肉苁蓉,None,牛膝,None,天麻,10两,何首乌,None,黄芪,10两,木瓜,10两,候药泣酒干,None,狗脊,2两,续断,2两,萆薢,2两
知母,None,川贝,None,麦冬,None,天冬,None
葛根,8两,紫草,8两,犀牛角屑,12两,露蜂房,10两,芒消,2两,大黄,2两,荠苨,7两,人参,7两,玄参,4两,甘草,4两,银屑,4两,猪脂,12两
刺力,None,伸筋草,2.0g
九一丹,10.0g,冰片,10.0g,血竭,10.0g,乳香,10.0g,没药,10.0g,当归,10.0g,丹参,10.0g,黄柏,10.0g,石膏,15.0g,黄芪,8.0g,何首乌,8.0g
白芍,6两,五味子,3两,干姜,3两,肉桂,3两,半夏,3两,陈皮,3两,杏仁,3两,甘草,3两,细辛,2两
忍冬藤,30克,蒲公英,30克,没药,6克,乳香,6克,雄黄,6克
芡实肉,3斤,薏苡仁,3斤,粟米,3斤,白糯米,3斤,莲子,1斤,山药,1斤,茯苓,4两
桑叶,3克,杏仁,4.5克,北沙参,6克,浙贝,3克,淡豆豉,3克,栀皮,3克,梨皮,3克
当归,2.0g,川芎,2.0g,生地,2.0g,白芍,2.0g,桃仁,2.0g,红花,1.0g,大黄,1.5g,枳壳,1.5g,元胡,1.5g,莪术,1.0g,甘草,1.0g
半夏,None,为末,None,生姜汁和作饼,0.5两,藿香,0.5两,川羌,0.5两,川芎,0.5两,黑丑,0.5两
生地,12.0g,北沙参,10.0g,麦冬,10.0g,川楝子,10.0g,枸杞子,10.0g,柴滑,6.0g,赤勺,15.0g,当归,10.0g,甘草,6.0g,香附,10.0g,贯众,10.0g,板蓝,15.0g
当归,15克,白芍,15克,黄连,15克,染槐子,15克,艾叶,15克,龙骨,30克,黄柏,30克,茯苓,15克,木香,7.5克
麦冬,3两,竹茹,3两,前胡,2两,橘红,1两,芦根,1两
柴胡,9.0g,半夏,9.0g,黄芩,6.0g,党参,6.0g,桂枝,6.0g,白芍,12.0g,甘草,3.0g,干姜,2.0g,大枣,4.0g
白术,5钱,白芍,5钱,茯神,5钱,陈皮,1钱,肉桂,1钱,柴胡,1钱,枳壳,5分,远志,3钱,白芥子,3钱,苍术,3钱
茵陈蒿,1钱,升麻,1钱,茯苓,1钱,甘草,1钱
山药,30.0g,车前子,4.0g
党参,15.0g,白术,15.0g,茯苓,15.0g,麦冬,15.0g,陈皮,6.0g,甘草,6.0g,枳实,10.0g,焦三仙,12.0g
杧果核,30.0g,布楂叶,15.0g,前胡,12.0g,杏仁,12.0g,桃仁,12.0g,桔梗,10.0g,款冬花,10.0g,渐贝母,10.0g,枳壳,10.0g,冬瓜子,20.0g,鱼腥草,25.0g,菜菔子,25.0g
桔梗,None,甘草,None,牛蒡子,None
熟干地黄,1两,肉苁蓉,None,肉桂,1两,公丁香,1两,附子,1两,菟丝子,1两,人参,1两,白豆蔻,0.5两,木香,0.5两,槟榔,0.5两,甘草,0.5两,鹿茸,None,酒浸,None,茯苓,3分,蒺藜,3分
苍术,2两,半夏,2两,穿山甲,2两,川乌,2两,草乌,2两,马钱子,2两,当归,2两,甘草,2两,麻黄,3两,威灵仙,1两,闹羊花,4两
干虾蟆,5个,胡连,0.5两,鹤虱,0.5两,肉豆蔻,0.5两,苦楝根白皮,0.5两,雷丸,0.5两,芦荟,0.5两,芜荑,0.5两,雄黄,1分
黄连,0.5两,龙骨,0.5两,地榆,0.5两,诃子,0.5两,赤石脂,0.5两,草蔻,1分
地骨皮,0.5两,秦艽,0.5两,柴胡,0.5两,枳壳,0.5两,知母,0.5两,当归,0.5两,鳖甲,0.5两,川芎,0.5两,甘草,1分
铅粉,3分,石灰,3分
人参,3钱,当归,3钱,川芎,1钱,桃仁,13粒,干姜,2钱,甘草,6分,牛膝梢,2钱,红花,3分,肉桂,6分
黄连,3分,人参,1两,黄芩,3分,干姜,0.5两
公丁香,1钱,木香,1钱,葛花,1钱,葛根,3钱,雄黄,2钱
党参,30.0g,黄芪,30.0g,当归,10.0g,葫芦巴,10.0g,锁阳,10.0g,益母草,10.0g,牛膝,10.0g,鹿衔草,10.0g,徐长卿,10.0g
海沉香,2两5钱,广木香,3两,槟榔,4两,枳实,12两,陈皮,12两,莪术,12两,皂角,4两,香附,12两,莱菔子,4两,制军,12两,厚朴,12两,黄芩,12两,当归,12两,生地,3两,广砂仁,3两,藿香,5两,甘草,1两
冰片,1钱,天南星,1两,朱砂,1两,坯子染胭脂,1两,天竹黄末,1两
保童丸,1帖,芦荟丸,1帖,化虫丸,1帖,肥儿丸,1帖,六神丸,1帖,蚵蚾丸,1帖
防风,15.0g,白术,15.0g,白芍,20.0g,陈皮,10.0g,半夏,15.0g,麦芽,20.0g,党参,30.0g,葛根,20.0g,木香,15.0g,黄连,10.0g,黄芩,12.0g,川芎,15.0g
地榆,0.5两,黄芪,0.5两,枳壳,0.5两,槟榔,0.5两,川芎,0.5两,黄芩,0.5两,赤芍,0.5两,槐花,0.5两,川羌,0.5两,白蔹蜂房,1分,甘草,1分
百药煎,5钱,硼砂,1钱5分,甘草,2钱
麦冬,1钱,天冬,1钱,远志,1钱,当归,1钱,白芍,1钱,生地,1钱,人参,1钱,黄芪,1钱,丹皮,1钱,阿胶,1钱,甘草,1钱
阿魏,None,黄连,0.5两,花碱,3钱,山楂肉,1两,连翘,1两半,半夏,None
硫黄,2两,礜石,2两,干姜,2两,附子,2两,乌头,2两,肉桂,2两,细辛,2两,白术,2两,桔梗,2两,茯苓,2两
潞参,4.5克,白术,4.5克,茯苓,3克,白芍,3克,川芎,15克,当归,3克,蔻米,1.5克,陈皮,1.5克,黄芪,3克,甘草,1.5克,白扁豆,3克
陈皮,1两1分,车前子,4两,干姜,2两,甘草,0.5斤,罂粟壳,0.5斤
独活,3分,附子,1两,杜仲,1两,炙微黄,None,细辛,0.5两,熟干地黄,3分,当归,0.5两,茯苓,0.5两,肉桂,1两,牛膝,1两,附子,1两,防风,0.5两,白芍,0.5两
金银花,10.0g,连翘,10.0g,淡豆豉,10.0g,牛蒡子,10.0g,荆芥,10.0g,薄荷,10.0g,桔梗,10.0g,淡竹叶,10.0g,芦根,10.0g,生甘草,6.0g
黄连,None,黄柏,None,秦皮,None,甘草,None
厚朴,None,草蔻,None,陈皮,None,姜黄,12.0g,当归,20.0g,泽兰,15.0g,白芷,15.0g,茵陈蒿,15.0g
桂苓甘露饮加人参,None,香薷,None,甘草,None
葶苈子,1两,陈皮,1两,桔梗,1两
青蒿,12.0g,鳖甲,15.0g,知母,12.0g,丹皮,12.0g,生地,18.0g,柴胡,12.0g,黄芩,12.0g,半夏,12.0g,当归,20.0g,甘草,6.0g,桔梗,12.0g,蝉蜕,12.0g,枳壳,12.0g,白芍,15.0g
半夏,0.5两,桂枝,1分,当归,1分,白芍,1分,黄芩,1分,甘草,1分,人参,1分,茯苓,3分
苍术,None,大腹皮,None,厚朴,None,陈皮,None,猪苓,None,木香,None,茯苓皮,None
白芍,1钱,白术,2钱,泽泻,1钱,茯苓,1钱,川芎,1钱,当归,2钱,五味子,3钱,乌梅,1钱
神曲,2钱,山楂,2钱,麦芽,2钱,茯苓,2钱,厚朴,1钱5分,半夏,1钱半,香附,1钱半,公丁香,5分,菔子,5分
五灵脂,None,元胡,None,莪术,None,良姜,None,当归,None
红灯芯,60.0g,精猪肉,150.0g,醋,150.0g
麝香,2两半,朱砂,100两,牙硝,None,一百二十,5两,寒水石粉一百一,10两,甘草,None,三十,5两
蝙蝠,None,冰片,None
百部,6.0g,黄精,9.0g,天冬,9.0g,麦冬,9.0g,茯苓,9.0g,紫菀,6.0g,枳实,6.0g,陈皮,6.0g,半夏,3.0g,甘草,3.0g,细辛,1.0g
紫草,12.0g,生地,15.0g,茜草l,0.0g,益母草,15.0g,白花蛇舌草,30.0g,炒芥穗,9.0g,连翘,12.0g,赤芍,9.0g,生蒲黄,6.0g,大枣,10枚
僵蚕,1钱,薄荷,8分,大黄,1钱,食盐,2钱,六一散,1钱
干姜,100.0g,蜂蜜,20.0g
川乌,None,草乌,None,天南星,None,半夏,None,胆南星,None,地龙,None
紫草,30.0g,忍冬藤,30.0g,白芷,30.0g,蜂蜡,30.0g,连翘,60.0g,五倍子,7.5g,冰片,1.5g,香油,750.0g
胡椒,3克,莪术,3克,全蝎,3克,肉豆蔻,15克
桑白皮,9克,桔梗,6克,地骨皮,4.5克,甘草,4.5克,知母,2.1克,麦冬,1.5克,黄芩,1.5克,五味子,20个
川木通,1两半,泽泻,3分,苦瓠子,1两半,猪苓,1两,防己,3分,海蛤,1两
肉豆蔻,5个,木香,0.5两,人参,0.5两,厚朴,0.5两,赤苓,0.5两,肉桂,0.5两,甘草,0.5两,槟榔,5钱,诃黎勒皮,0.5两,青皮,0.5两,陈皮,0.5两,郁李仁,0.5两,半夏,None,同生姜捣如泥堆,0.5两
苍术,15.0g,半夏,15.0g,陈皮,10.0g,茯苓,15.0g,黄柏,15.0g,栀子,12.0g,金钱草,30.0g,土茯苓,15.0g,石菖蒲,10.0g,泽泻,12.0g,薏苡仁,30.0g,大黄,6.0g
苍耳子,12.0g,辛夷花,12.0g,白芷,12.0g,薄荷,12.0g,川羌,12.0g,川芎,12.0g,甘草,6.0g
羚羊角屑,3分,黄芩,3分,麦冬,3分,人参,3分,赤芍,3分,川木通,3分,柴胡,1两,黄芪,0.5两,甘草,0.5两
闾茹,None,黄芪,None
紫草,500.0g,黄连,1000.0g,黄柏,1000.0g,黄芩,1000.0g,虎杖,1000.0g,地榆,1000.0g,冰片,40.0g
人参,6两,白术,4两,茯苓,3两,当归,4两,白芍,4两,川芎,2两,生地,1斤,熟地,1斤,天冬,5两,麦冬,5两,知母,3两,八制香附,8两,红花,1两,山药,2两,自制龟胶,4两,清阿胶,4两,鳖胶,4两,玄参,2两,丹皮,3两,柴胡,3两,人乳,2碗,牛乳,0.5斤,四叶参,0.5斤,梨汁,1碗,柿霜,3两
地骨皮,0.5两,茯苓,0.5两,柴胡,1两,黄芩,1两,生地,1两,知母,1两,石膏,2两
人参,None,藿香,None,公丁香,None,吴茱萸,None,白术,None,半夏,None,砂仁,None,陈皮,None,干姜,None
当归,20.0g,川芎,15.0g,白芍,15.0g,桃仁,15.0g,天麻,12.0g,柴胡,12.0g,枳实,15.0g,半夏,12.0g,白术,15.0g,大黄,12.0g,建曲,15.0g,桂枝,12.0g,甘草,6.0g
大黄,1两,黄连,1两,蓝叶,1两,川朴消,1两,川升麻,3分,草决明,3分,黄芩,3分,栀子仁,3分,甘草,0.5两
雄黄,None,白矾,None
黄连,None,用好酒浸过一指许,None,约一伏时滤出,None
白马蹄,3两,栗子黄,1两,肉桂,3分,蒲黄,1两,龟板,2两
大腹皮,None,防风,1.5g,川芎,1.5g
干姜,4两,白沙蜜,1斤,豮猪胆汁,3钱,黄连,4两,煎取,5升
番瓜,600.0g,饴糖,900.0g,生姜汁,60.0g
半夏,None,白术,3两,赤苓,2两,人参,2两,肉桂,2两,甘草,2两,附子,2两
川乌头,None,五灵脂,None,麝香,None,乳香,None,寒食面,None,辰锦砂,None
川椒红,2两,附子,2两,石斛,1两,肉桂,2两,肉苁蓉,2两,刮去粗皮,None,菟丝子,2两,吴茱萸,1两,巴戟天,1两,木香,1两,硫黄,1两,磁石,2两,醋淬,None,细研,None,鹿茸,2两,涂酥,None
肉豆蔻,5钱,木香,3钱,砂仁,3钱,白术,1钱,诃子,1钱
金银花,15.0g,乳香,10.0g,没药,10.0g,海螵蛸,20.0g
白芷,0.5两,白术,0.5两,川芎,0.5两,防风,0.5两,川羌,1两,麻黄,None,先煎,None,掠去沫,0.5两,石膏,1两半,牛膝,0.5两,狗脊,0.5两,萆薢,0.5两,薏苡仁,1两,杏仁,1两,附子,1两,葛根,1两,肉桂,1两半
茯苓,3两,黄柏,3两,干姜,3两,木瓜,1枚
公丁香,1分,人参,1分
杏仁,1两5钱,川羌,4两,草乌,1两,苍术,6两,大黄,1两
前胡,0.5斤,半夏,0.5升,干姜,5两,枳实,8片,白芍,4两,黄芩,3两,大枣,12枚
柴胡,10.0g,细辛,5.0g,白芷,6.0g,熟地,15.0g,白芍,10.0g,当归,10.0g
槟榔,16分,人参,6分,茯苓,8分,陈皮,6分,荜拔,6分
生地,6～9克,麦冬,6克,白芍,6克,百合,6克,北沙参,6克,生甘草,3克,茯苓,4.5克
人参,1两,北沙参,1两,丹参,1两,玄参,1两,苦参,1两,川木通,1两,蒺藜,1两,乌梢蛇,1两,干蝎,1两,天麻,1两,天麻,1两,何首乌,1两,陈皮,1两,黄芩,0.5两,雄蚕蛾,1分
竹沥,1斗4升,独活,2两,白芍,2两,防风,2两,茵芋,2两,甘草,2两,白术,2两,葛根,2两,细辛,2两,黄芩,2两,芎?,2两,肉桂,1两,防己,1两,人参,1两,石膏,1两,麻黄,1两,干姜,3两,茯苓,3两,乌头,1枚
当归,2两6钱,薄荷,1两3钱,枸杞子,1两3钱,生地,1两3钱,决明,1两3钱,蒺藜,1两3钱,木贼,1两3钱,菊花,1两3钱,夜明沙,1两,故纸,1两,黄柏,1两,密蒙花,1两,蝉蜕,6钱7分,黄芩,6钱7分,苏梗,6钱7分,知母,6钱7分,荆芥,6钱7分,茯苓,6钱7分,青箱子,6钱7分,北沙参,6钱7分,蛇蜕,3钱4分,黄连,3钱4分,琥珀,3钱4分
白术,1钱,黄芪,1钱,白芍,2钱,肉桂,1钱,甘草,7分,当归,1钱
肉桂,3分,柴胡,3分,赤苓,3分,五味子,3分,麦冬,3分,槟榔,3分,甘草,3分,细辛,3分
当归,18.0g,白芍,15.0g,生地,15.0g,阿胶,10.0g,北沙参,30.0g,麦冬,15.0g,黄连,10.0g,竹茹,15.0g,半夏,12.0g,酸枣仁,30.0g,丹皮,12.0g,牡蛎,24.0g,甘草,6.0g
葶苈子,0.5两,防己,1两,杏仁,0.5两,尖双仁,None
当归,None,白芍,None,川芎,None,熟地,None,桃仁,None,红花,None,元胡,None,香附,None,白术,None,木香,None,黄芩,None
麻黄,2两,麝香,0.5两,天麻,0.5两,没药,1两,乳香,1两,地榆,1两,甜瓜子,1两,川乌,1两,玄参,1两
山药,45克,小米,50克,白糖,None
白矾,1两,干姜,3两,荜茇,1两
安息香,2钱半,没药,2钱半,甘草,1两,当归,1两,香附,1两,乌梅,2钱半,白芍,1两,乳香,2钱
鹿茸,60克,涂酥,None,羊踯躅,30克,韭菜子,30克,附子,30克,肉桂,30克,泽泻,30克
僵蚕,8两,入盐末,8两,逐旋入银石器内,None,趁润炒令黄,None,去盐不用,None,麝香,0.5两
大黄,None,槟榔,None,黑丑,None,黑丑,None,人参,None
木香,80两,槟榔,80两,使君子仁,80两,大黄,80两,黑牵牛,80两,雷丸,24两,枯矾,24两,芜荑,24两,芦荟,24两
黑芝麻,1石,曝,None,熬之令香,None,蒸熟,None,于臼中急捣为末,None,茯苓,3斤,锉如鸡头大,None,用水煮,None,余沸,None
鲜槐枝,8尺,柳枝,8尺,桃枝,8尺,桑枝,8尺,土贝母,4两,白芷,4两,巴豆,8两,蓖麻子,8两,蛇蜕,4条,露蜂房,2个,活大鲫鱼,1尾,活大虾蟆,2只
人参,30克,茯苓,30克,莲子,30克,白术,15克,甘草,15克,白扁豆,15克,薏苡仁,15克,北桔梗,15克,葛根,15克,黄芪,15克,当归,15克,桑白皮,30克,半夏曲,30克,百合,30克,干姜,30克,山药,30克,五味子,30克,木香,30克,公丁香,30克,杏仁,30克,白芷,30克,神曲,30克
天雄,1两,附子,1两,茵芋,1两,踯躅,1两,细辛,1两,乌头,1两,干姜,1两,石菖蒲,1两,甘草,1两,石楠叶,1两,防风,2两,白术,2两,独活,2两
生地,3钱,丹参,3钱,益母草,3钱,海螵蛸,6钱,茜草,1钱半,旱莲草,3钱,炒蕲艾,3钱
党参,1钱,藿香,1钱,陈皮,5分
甘菊花,0.5两,人参,0.5两,赤苓,0.5两,麦冬,0.5两,犀角屑,0.5两,甘草,0.5两,防风,0.5两,川羌,0.5两,地骨皮,0.5两,羚羊角屑,0.5两,蔓荆子,0.5两,川升麻,0.5两
独活,3两,肉桂,3两,生地,3两,葛根,3两,白芍,3两,干姜,6两,麻黄,2两,甘草,2两
朱砂,None,水飞,1钱,硫黄,1钱
蒲公英,None,白花蛇舌草,2.0g
陈皮,4分,牙子,6分,芜荑,6分
白术,1两,人参,1两,甘草,1两,枳壳,1两,当归,1两,牡蛎,0.5两
制附子,6.0g,桂枝,10.0g,生黄芪,15.0g,防风,6.0g,白术,15.0g,白芍,15.0g,细辛,3.0g,辛荑,6.0g,蝉蜕,6.0g,毕澄茄,15.0g,甘草,10.0g
橘核,None,吴茱萸,None,木香,None,小茴香,None,良姜,None,青皮,None,川楝子,None,干姜,None,肉桂,None
鱼腥草,None,薏苡仁,30.0g,独活,15.0g,当归,20.0g
黄连,12.0g,秦皮,15.0g,白头翁,20.0g,半夏,15.0g,木香,15.0g,槟榔,15.0g,白芍,20.0g,地榆,15.0g,当归,20.0g,沉香,10.0g,党参,30.0g,甘草,6.0g
丁香十,2两,沉香,2两,木香,1钱半,丁香皮,1两,白豆蔻仁,9两半
腊日猪脾脂,None,细锉,None
石菖蒲,1分,肉桂,1分,远志,1分
肉豆蔻,None,人参,None,白术,None,赤石脂,None,肉桂,None,当归,None,良姜,None,附子,None,厚朴,None,甘草,None
慈竹,None,黄柏,None,刮细者,None
当归,None,川芎,None,人参,None,泽兰,None,童便,None
槐角,1两,蒲黄,1分
茵陈蒿,20.0g,茯苓,9.0g,猪苓,9.0g,泽泻,9.0g,白术,9.0g,桂枝,5.0g,白茅根,30.0g
白花蛇舌草,30.0g,藤梨根,30.0g,牡蛎,30.0g,半枝莲,15.0g,何首乌,15.0g,山慈姑,10.0g,生黄芪,20.0g
干姜,105克,熟枳壳,105克,葛根,30克,熟苍术,30克,桔梗,30克,升麻,30克,当归,6克,熟半夏,6克,茯苓,6克,白芷,6克,陈皮,45克,甘草,45克,白芍,24克,大黄,15克
茯苓皮,5钱,大腹皮,3钱,厚朴,1钱,制茅术,2钱,蒲种壳,1两,天仙藤,3钱,冬瓜皮,4钱,陈皮,1钱,丝瓜络,1钱5分,薏苡仁,6钱,枯萝卜,1两
黄连,2钱,丹皮,3钱,茯神,2钱,麦冬,5钱,玄参,1两,酸枣仁,3钱,生地,3钱,柏子仁,1钱
麻黄,12.0g,杏仁,15.0g,半夏,12.0g,五味子,10.0g,石膏,30.0g,川羌,12.0g,紫菀,12.0g,射干,15.0g,桔梗,12.0g,芦根,30.0g,大黄,6.0g,地龙,15.0g,麦冬,15.0g
鸡屎白,1升,大豆,5升
姜黄连,None,甘草,None,生地,None,当归,None,赤芍,None,川木通,None,连翘,None,防风,None,荆芥,None
当归,20.0g,川芎,15.0g,生地,20.0g,白芍,15.0g,桃仁,15.0g,枳实,15.0g,莪术,12.0g,大黄,12.0g,火麻仁,30.0g,肉从容,15.0g,陈皮,10.0g,甘草,6.0g
黄芪,2钱,人参,5分,甘草,2钱,当归,5分,神曲,7分,柴胡,3分,升麻,2分,苍术,1钱,青皮,5分,黄柏,3分
人参,15克,白术,30克,肉桂,3克,干姜,3克,白芥子,15克,甘草,1.5克,石菖蒲,1.5克,半夏,9克,陈皮,3克
连翘,1钱,瞿麦,1钱,荆芥,1钱,川木通,1钱,车前子,1钱,赤芍,1钱,当归,1钱,防风,1钱,柴胡,1钱,滑石,1钱,蝉蜕,1钱,甘草,1钱,山栀仁,0.5钱,黄芩,0.5钱
苍术,15.0g,厚朴,15.0g,陈皮,10.0g,干姜,6.0g,大枣,12.0g,党参,30.0g,桔梗,12.0g,麻黄,12.0g,桂枝,10.0g,杏仁,12.0g,木香,12.0g,谷芽,20.0g
生艾叶,1盏,阿胶,0.5两,蜜,1合
冰片,6两,麝香,3两2钱,蟾酥,7两5钱,公丁香,8两,朱砂,4两,明雄黄,2两,煅西月石,2两
苍术,1钱半,秦艽,1钱半,槟榔,1钱半,桂枝,1钱半,茯苓,1钱半,车前子,1钱半,怀牛膝,1钱半,川牛膝,1钱半,川羌,1钱,独活,1钱,天雄,1钱,葛根,2钱,防己,2钱,甘草,3分,生姜引,None
露蜂房,0.5分,雄蚕蛾,0.5两,五谷虫,30个,轻粉,1分,天南星,0.5分,朱砂,0.5两,干蝎,1分,牛黄,1分,水银,1分
蟾酥,1字,麝香,1字
龟板,30克,樗白皮,15克,苍术,15克,滑石,15克,白芍,12克,香附,12克
党参,15.0g,吴茱萸,5.0g,桂枝,10.0g,葶苈子,10.0g,五味子,10.0g,白术,10.0g,当归,10.0g,车前子,15.0g,茯苓,15.0g,丹参,15.0g,红花,8.0g,甘草,3.0g
钟乳石,1两5钱,真牛黄,3钱,珍珠,4钱,猪牙皂角,7钱,桦皮灰,4钱,百草霜,7钱
茯苓,12克,人参,3克,附子,None,甘草,6克,干姜,4.5克
防风,1两,川升麻,1两,黄芩,1两,赤芍,1两,蔓荆子,1两,石膏,1两,葛根,1两,甘草,0.5两
当归,None,干姜,None,川芎,None,赤芍,None
公丁香,2两,木香,2两,小茴香,2两,沉香,2两,青皮,1两,枳实,1两,槟榔,2两,黑丑,3两,去醋,None,阿魏,1分,吴茱萸,2分,醋浸,None
柴胡,10.0g,白芍,10.0g,木香,10.0g,元胡,10.0g,陈皮,10.0g,茵陈蒿,12.0g,大黄,6.0g,三棱,10.0g,当归,10.0g,郁金,10.0g,枳实,8.0g
赤石脂,9克,干姜,9克,当归,9克,龙骨,9克,牡蛎,9克,附子,6克,白术,10克,甘草,3克,白芍,3克,人参,4.5克
轻粉,2钱,角石,2钱,大黄,1钱,黄连,1钱,黄芩,1钱,光明朱,5分,土茯苓,3钱
甘草大者,2寸,乌梅,5枚,诃黎勒皮,5枚
厚朴,2两,涂生姜汁,None,茯苓,3分,人参,3分,鳖甲,2两,诃子,2两,木香,0.5两,陈皮,0.5两,附子,0.5两,吴茱萸,0.5两,苍术,3分,干姜,1分,麦糵,3分,三棱,0.5两,益智仁,0.5两,当归,3分,黄芪,1两,槟榔,0.5两
白茅根,50.0g,金银花,300.0g,瞿麦,200.0g,扁蓄,200.0g,琥珀,3.0g,车前草,30.0g,甘草,10.0g
朱砂,1两,冰片,2钱,熊胆,2钱
豉心,1两,大黄,1两,恒山,1两,川升麻,1两,附子,0.5两,甘草,0.5两
人参,15克,山药,15克,半夏,9克,白术,15克,芡实,15克,熟地,15克,茯苓,30克,薏苡仁,15克,白芥子,9克,肉桂,6克,诃子,1.5克,益智仁,3克,肉豆蔻,1枚
大黄,1两,川芎,1两,菊花,1两,牛蒡子,1两,细辛,1两,防风,1两,栀子,1两,蒺藜,1两,黄芩,1两,甘草,1两,玄参,1两,蔓荆子,1两,荆芥,1两,木贼,1两,苍术,2两,草决明,1两半
大青叶,3分,黄连,3分
朱砂,1钱匕,草乌头末,1钱匕,乳香,1钱匕,巴豆,7枚
吴茱萸,30.0g,苍术,30.0g,车前子,30.0g,胡椒,20.0g,肉桂,20.0g,公丁香,10.0g
乳香,5钱,蟾酥,5钱,白信石,5钱,没药,5钱,公丁香,5钱,血竭,5钱,麝香,1分,斑蝥,5钱,胆矾,2分,雄黄,3分,磁石,5钱,蓖麻子,30粒
蜗牛壳,0.5分,虾蟆灰,0.5分,甜瓜蒂,None,麝香,0.5分
珍珠,6.0g,硼砂,300.0g,寒水石,50.0g,青黛,6.0g,冰片,20.0g
香附,10.0g,竹茹,6.0g,苏叶,6.0g,黄连,6.0g,半夏,6.0g,干姜,3.0g
白花蛇舌草,30.0g,红藤,30.0g,金银花,30.0g,木香,10.0g
榧子,30.0g,芜荑,30.0g,甘草,12.0g
生地榆,20.0g,仙鹤草,20.0g,益母草,24.0g,茜草,18.0g,白花蛇舌草,20.0g
紫苏,15.0g,爵床,30.0g,一枝黄花,30.0g
附子,30克,白附子,6克,天南星,15克,白术,15克,茯苓,15克
柴胡,1钱半,川芎,1钱半,白芍,1钱半,青皮,1钱半,枳壳,1钱半,香附,5分,当归,5分,龙胆草,5分,木香,5分,砂仁,5分,甘草,5分
公丁香,2分,木香,2分,麦芽,2分,青皮,2分,肉豆蔻,2分,白豆蔻,2分,沉香,3分,藿香,3分,陈皮,3分,厚朴,3分,甘草,7分,草果,1分,神曲,1分,半夏,1分,人参,5分,茯苓,5分,砂仁,5分,香附,5分,白术,1钱
火麻仁,None,乌鸡,1只
当归,15.0g,白芍,15.0g,柴胡,12.0g,茯苓,15.0g,干姜,10.0g,佛手,15.0g,半夏,15.0g,枳壳,12.0g,紫苏,20.0g,杏仁,12.0g,前胡,20.0g,桔梗,12.0g,甘草,6.0g,佛手,2.0g,檀香,10.0g
芥穗,10.0g,苏子,10.0g,杏仁,10.0g,前胡,10.0g,桔梗,5.0g,覆花,10.0g,代蛤散,10.0g,黄芩,10.0g,枳壳,10.0g,莱菔子,10.0g,蒲公英,20.0g,生甘草,5.0g
黄芪,15.0g,党参,10.0g,海螵蛸,30.0g,桂枝,10.0g,赤芍,10.0g,白芍,10.0g,煅瓦楞,10.0g,浙贝,10.0g,甘草,7.0g,干姜,7.0g
草决明,1分,车前子,1分,菊花,1分,川芎,1分,黄连,1分,当归,1分,大黄,0.5分,黄芩,0.5分
白信石,1两,飞面,4两,白扁豆末,2两,细茶末,2两
石斛,1两,鹿茸,1分,地骨皮,1分
独活,2两,白芍,1两,白术,1两,葛根,1两,茯苓,1两,防风,1两,茵芋,1两,细辛,1两,甘草,1两,防己,1两,芎?,1两,酸枣仁,1两,肉桂,1两,人参,1两,五加皮,2两,麻黄,2两,川乌头,1两
附子,1.5g,桂枝,1.5g,茯苓,1.5g,白术,1.5g,白芍,1.5g,当归,2.0g,川芎,2.0g,川牛膝,1.5g,益母草,2.0g,莪术,1.5g,黄芪,2.0g
麦冬,0.5两,大黄,0.5两,赤苓,0.5两,川木通,0.5两,甘草,0.5两,灯心草,None,捻,None
半夏,15.0g,黄连,12.0g,黄芩,15.0g,栀子,12.0g,枳实,15.0g,熟军,15.0g,槐角,12.0g,白头翁,20.0g,当归,20.0g,莱菔子,15.0g,陈皮,12.0g,甘草,6.0g
半夏,12.0g,陈皮,10.0g,茯苓,12.0g,五味子,10.0g,太子参,30.0g,枳壳,12.0g,竹茹,15.0g,茵陈蒿,15.0g,黄连,6.0g,牡蛎,20.0g,麦芽,15.0g,甘草,6.0g
半夏,18.0g,黄连,10.0g,黄芩,12.0g,干姜,6.0g,檀香,10.0g,砂仁,10.0g,丹参,15.0g,建曲,14.0g,谷芽,20.0g,鸡内金,15.0g,甘草,6.0g
附子,2两,石菖蒲,1两,木香,1两,肉桂,1两,天冬,1两,干姜,1两
鹿角胶,500克,鹿角霜,250克,熟地,250克,当归身,120克,人参,60克,川牛膝,60克,菟丝子,60克,茯苓,60克,白术,60克,杜仲,60克,虎胫骨,30克,龟板,30克
鳖甲,1枚,柴胡,2两,青皮,2两,使君子,1两,杏仁,6两
当归,8分,川芎,6分,赤芍,6分,熟地,6分,香附,6分,枳壳,5分,元胡,5分,厚朴,4分,小茴香,4分,柴胡,4分,陈皮,4分,三棱,4分,莪术,4分,牛膝,4分,红花,3分,甘草,2分
杜仲,0.5斤,丹参,0.5斤,芎?,5两,肉桂,4两,细辛,2两
牡蛎,None,石膏,2.0g
炒冬术,1两,使君子肉,3钱,炒山楂,5钱,山药,5钱,芡实,5钱,陈皮,3钱,黄连,2钱,麦芽,5钱,茯苓,5钱,炒米仁,1两,泽泻,3钱,建曲,7钱,白扁豆,7钱,广藿香,2钱
萆薢,None,杜仲,None,苁蓉,None,菟丝子,None
附子,1两,干姜,1两,防风,1两,山萸肉,1两,细辛,1两,山药,1两半
厚朴,1两,涂生姜汁,None,人参,1两,白豆蔻,3分,甘草,0.5两,高良姜,0.5两,公丁香,0.5两,诃子,1两,肉桂,3分,前胡,3分,半夏,0.5两,陈皮,1两
瓜蒌皮,15.0g,麦冬,15.0g,生地,15.0g,甘草,10.0g,黄芪,25.0g,丹参,25.0g,山楂,25.0g,当归,8.0g,桂枝,3.0g,干姜,3片
三棱,None,红花,None,党参,1.5g
白石英,5两,续断,2两,薏苡仁,5两,茵芋,2两,牛膝,5两,防风,2两,附子,2两,石斛,3两,肉桂,2两,川羌,2两,枸杞子,2两,山萸肉,1两,生干地黄,0.5斤,茯苓,1两
破故子,120克,巴戟天,120克,大茴香,120克,杜仲,240克,胡桃肉,300克
薄荷,None,通草,None,半夏,1.5g,川贝,1.0g
人参,None,黄芪,None,白术,None,茯苓,None,当归,None,生地,None,甘草,None,酸枣仁,None,干姜,None,鹿角胶,None
防风,12.0g,桂枝,10.0g,黄连,6.0g
黄芪,None,甘草,None,金银花,None
鳖头,1个,天仙子,3分
干姜,5分,白芍,8分,木香,5分,元胡,8分,公丁香,4分
川楝子,2两,破故子,2两,黑牵牛,2两,元胡,1两半,青木香,None
大黄,30克,川贝,30克,胆南星,30克,青礞石,30克,石菖蒲,30克,麝香,3克,蛇含石,15克
金银花,1.5g,连翘,1.5g,桑白皮,1.5g,杏仁,1.5g,桔梗,1.5g,前胡,1.5g,浙贝,1.5g,紫菀,1.5g,百部,1.5g,半夏,1.5g,乌梅,1.0g,麻黄,1.0g,炙草.,5.0g
附片,12.0g,肉桂,3.0g,肉苁蓉,15.0g,当归,20.0g,沉香,10.0g,大腹皮,15.0g,砂仁,10.0g,木香,12.0g,半夏,15.0g,甘草,10.0g
浙贝,0.0g,牡蛎,0.0g,广郁金,0.0g,海藻,0.0g
当归,3钱,川芎,3钱,木贼,3钱,天麻,3钱,甘菊花,3钱,蒺藜,3钱,黄连,3钱,藁本,3钱,川羌,3钱,独活,3钱,青葙子,3钱,楮实子,3钱,荆芥,3钱,苍术,3钱,夜明砂,3钱,甘草,3钱
六君加柴胡,None,白芍,None,葛根,None
乱发,None,釜下黑煤,None,黄檗末,None
桂圆肉,None,丹参,None,人参,None,远志,None,麦冬,None,茯神,None,黄芪,None,甘草,None,升麻,None,柴胡,None
牛黄,2钱,朱砂,2钱,麝香,0.5钱,樟脑,1钱,乳香,1钱,五灵脂,1钱,铁粉,1钱,代赭石,1钱,全蝎,1钱半,蜈蚣,1条,附子,0.5两,僵蚕,0.5两,蛇含石,None,醋淬,None
花椒,4分,乌梅,2粒,使君肉,4粒,槟榔,1钱,川楝肉,6分,黄连,3分,吴茱萸,5钱,水红花子,1钱半,银柴胡,1钱,煅铅粉,3分,铅粉裹枣肉煨,None,时,None
川贝粉,6.0g,麦冬,10枚,梨肉,0.0g,蜂蜜,30.0g
桑叶,3.0g,菊花,2.0g,薄荷,1.5g,黄芩,1.5g,栀子,1.5g,夏枯草,1.5g,白芷,1.5g,白鲜皮,1.5g,桑白皮,2.0g,石菖蒲,1.0g
