#576#,川乌,3两,萆薢,3两,茴香,3两,杜仲,3两,川椒,3两,当归,3两,木瓜,3两,柏子仁,3两,菟丝子,3两,地黄,3两,川楝,3两半,泽泻,2两,远志,2两,川巴戟,2两,牛膝,2两,肉苁蓉,2两,胡芦巴,2两,茱萸,2两,茯苓,2两,蛇床子,2两,破故纸,4两,苍术,5两
#1157#,鹿茄茸,4两,蚕蛾,4两,鹿角胶,4两,巨胜子,4两,人参,4两,哺退鸡蛋,7个,枸杞,4两,当归,4两,肉苁蓉,4两,楮实子,4两,杜仲,4两,牛膝,4两,金樱子,4两,巴戟,4两,锁阳,4两,葱子,4两,韭子,4两,故纸,4两,熟地,8两,鸽子蛋,5个,何首乌,1斤
#1174#,何首乌,2斤,仙茅,2斤,茯苓,1斤,苍术,1斤,牛膝,1斤
#1178#,仙茅,4两,茱萸,2两,何首乌,4两,萆薢,2两,何首乌,4两,破故纸,2两,黄精,4两,地黄,2两,地黄,2两,巨胜子,2两,山药,2两,枸杞,2两,天门冬,2两,麦门冬,2两,茯苓,2两,五味子,2两,茴香,2两,覆盆子,2两,拣参,2两,嫩鹿茸,2两,牛膝,2两,柏子仁,2两,青盐,2两,杜仲,2两,当归,2两,川巴戟,1两,菟丝子,2两,肉苁蓉,2两,川椒,1两,远志,2两,锁阳,3两
#1360#,车前子,5合,青粱米,3合
#1362#,车前子,30克,粳米,100克
#1400#,车前子叶,1斤,葱白,1握,粳米,1合
#1410#,车前子,1两,羚羊角,1两,防风,1两,菟丝子,1两,决明子,1两半
#1412#,车前子,None,菊花,None,地黄,None,麦门冬,None
#1414#,鲜车前叶,60克,葱白,1茎,粳米,100克
#2036#,蛇蜕,一两,蝉蜕,二两,羌活,三两,当归,三两,石决明,三两,川芎,三两,防风,四两,茯苓,四两,甘草,四两,芍药,None,十,三两,白蒺藜,半斤,苍术,None,十,二两
#2039#,蛇蜕,1两,蝉蜕,2两,羌活,3两,当归,3两,石决明,3两,川芎,3两,防风,4两,茯苓,4两,甘草,4两,芍药,13两,白蒺藜,半斤,苍术,12两
#2043#,茯苓,4两,甘草,4两,防风,4两,石决明,2两,川芎,2两,羌活,2两,当归,2两,芍药,2两,白蒺藜,1两,蝉退,2两,苍术,2两,蛇退,1两
#2100#,黄连,20两,菊花,50两,花椒,20两,防风,10两,青盐,10两,李仁,10两,当归,10两,杏仁,10两,铜绿,10两,蕤仁,10两,白矾,10两,皮硝,10两
#2367#,刮皮术,1斤,菊花,8两,青盐,4两,椒,4两
#2477#,地黄,1千克,鹿茸,60克,肉苁蓉,60克,牛膝,30克,桂心,30克,蛇床子,30克,菟丝子,30克,远志,30克,枣仁,100枚
#2486#,川椒,4两,茯苓,1两,川乌,1两,茴香,2两,苍术,4两,甘草,2两,熟地,3两,山药,3两
#2659#,苍术,1斤
#2666#,苍术,1斤,茯苓,6两
#2676#,苍术,1斤,川椒,4两,茯苓,4两,茴香,4两
#2679#,苍术,1斤
#2716#,苁蓉,120克,巴戟,60克,菊花,60克,枸杞,60克
#2728#,苁蓉,4两,巴戟,2两,菊花,2两,枸杞,2两
#2740#,苁蓉,2两,巴戟,1两,枸杞,1两,菊花,1两,川楝,1两
#2918#,磁石,四两,一,十两,牛膝,六两,黄踯躅,八两,川芎,四两,肉桂,四两,芍药,四两,黑牵牛,四两,草乌,None,十,四两
#2925#,磁石,10两,牛膝,6两,黄踯躅,8两,川芎,4两,肉桂,4两,芍药,4两,黑牵牛,4两,草乌,14两
#2937#,磁石,None,白术,None,神曲,None,枸杞,None,麦芽,None,当归,None,人参,None,地黄,None,辰砂,None,牛膝,None,茯苓,None,菊花,None
#2954#,磁石,2两,硇砂,半两
#3024#,沉香,1两,黑附子,2两,鹿茸,3两,苁蓉,4两,菟丝子,5两,地黄,6两
#3323#,沉香,3钱,木香,3钱,白檀,3钱,胡桃,3钱,丁香,3钱,枸杞,3钱,茴香,3钱,全蝎,5钱,茴香,5钱,川楝,5钱,葫芦巴,5钱,破故纸,5钱,川山甲,3钱,菟丝子,5钱,巨胜子,5钱,远志,5钱,韭子,5钱,莲花蕊,3钱,川心巴戟,5钱,山药,5钱,茱萸,5钱,知母,5钱,仙灵脾,2钱,青皮,3钱,陈皮,3钱,茯苓,5钱,牛膝,3钱,黄精,5钱,天门冬,5钱,麦门冬,5钱,人参,3钱,地黄,2钱,乳香,2钱,地黄,2钱,细墨,5钱,五味子,5钱,肉苁蓉,5钱
#3431#,楮实,1升,桂心,4两,牛膝,半斤,干姜,3两
#3862#,柴胡,None,羌活,None,防风,None,地黄,None,芍药,None,甘草,None
#4193#,青盐,1两,没石子,1钱,细辛,2钱,破故纸,1两,地骨皮,1两,地黄,1两,槐角子,1两,百药煎,1钱
#4329#,钟乳粉不拘多少,None
#4338#,蔓菁花,None
#5629#,破故纸,10两,胡桃瓤,20两
#5646#,破故纸,5两,雄雀儿粪,2两,地黄,3两,木香,3两,安息香,1两,丹参,2两
#5944#,黑桑椹,None,大豆,None
#6070#,芜菁子,3升
#6119#,白瓜子,7升
#6120#,地肤子1斗,None,地黄,10斤
#6134#,柏子仁,1两,地黄,1两,沉香,1两,山药,1两,石斛,1两,石麻,1两,覆盆子,1两,牛膝,1两,黄耆,1两,蔓荆子,半两
#6145#,地肤子,2合,蓝子,2合,白蒺藜,2合,细辛,5合,桂心,5分,车前子,2合,菟丝子,2合,瓜子,2合,萤火虫,5合,黄连,1两半,茺蔚子,2合,青葙子,2合,大黄,2两,决明子,5合
#6174#,茴香,1两,黑附子,半两,巴戟天,半两,陈皮,1两,陈皮,半两,破故纸,半两,青盐,半两,牛膝,1两,川椒,1两
#6188#,山药,1两,牛膝,1两,茯苓,半两,枳实,半两,五味子,半两,杜仲,半两,茱萸,半两,巴戟,半两,远志,半两,地黄,半两,肉苁蓉,半两,菖蒲,半两,枸杞,半两,苍术,半斤,莲肉,4两
#6192#,黄耆,48两,芡实,16两,白术,48两,沙苑子,160两,山药,32两,茯苓,16两,当归,32两,陈皮,16两,扁豆,16两,菟丝子,32两
#6233#,茴香,1两,木香,1两,川楝,2两,夏,1两,冬,3两,枳壳,1两,知母春秋,2两,夏,1两,冬,3两,茯苓,1两,甘草,1两,地龙,1两,鹿茸,1两,川山甲,1两,狗茎,5枚
#6563#,鹿角胶,半斤,杜仲,3两,山药,2两,茯苓,2两,地黄,2两,菟丝子,1两半,茱萸,1两半,五味子,1两,牛膝,1两,益智仁,1两,远志,1两,茴香,1两,川楝,1两,川巴戟,1两,破故纸,1两,胡芦巴,1两,柏子仁,半两,川山甲,3钱,沉香,3钱,全蝎,1钱半
#7195#,马牙消,None
#7995#,炼成白石英,10两,石斛,6分,苁蓉,6分,茯苓,1两,泽泻,1两,陈皮,1两,菟丝子,3两
#8085#,花粉,1斤,河南真绿豆粉,4两,薄荷,1斤,白檀香,5钱,白石英,5钱,白硼砂,5钱,白豆蔻,1两,玄明粉,1两,石膏,2两,柿霜,3两,白粉霜,8两
#8121#,当归,2两,生地,2两,熟地,2两,麦门冬,2两,天冬,2两,何首乌,2两,肉苁蓉,2两,白芍,2两,茴香,2两,茯苓,2两,枸杞,2两,山药,2两,远志,2两,菟丝子,2两,粉草,2两,何首乌,2两,川芎,2两,苍术,4两,川椒,4两,丁香,3钱,人参,1钱,川乌,1两
#8582#,珍珠,15克,麝香,7.5克,熊胆,60克,冰片,486克,硇砂,3克,炉甘石,495克,石决明,300克,螵蛸,283.5克
#9359#,柏叶,1两,夜明砂,1两
#9450#,蒙花,80g,白蒺藜,60g,菊花,20g,木贼,80g,蛇蜕,12g,蝉蜕,20g,荆芥,40g,蔓荆子,80g,薄荷,20g,当归,60g,川芎,60g,黄连,20g,地骨皮,40g,花椒,28g,楮实子,20g,花粉,24g,甘草,12g
#9486#,黄连,1两,炉甘石,4两
#9488#,甘石,1斤,冰片,1两,麝香,2分,熊胆,2钱
#9489#,当归,3钱4分,防风,3钱4分,胆草,3钱4分,黄连,3钱4分,连翘,3钱4分,黄芩,3钱4分,黄柏,3钱4分,硼粉,3钱4分,石决,3钱4分,蒙花,3钱4分,车前,3钱4分,赤芍花粉,3钱4分,谷精,3钱4分,柴胡,3钱4分,玄参,3钱4分,川军,3钱4分,菊花,3钱4分,山栀,3钱4分,木通,3钱4分,蝉蜕,3钱4分,荆芥,3钱4分,木贼,3钱4分,白蒺藜,3钱4分,生地,3钱4分,羌活,3钱4分,川芎,3钱4分,甘草,3钱4分,薄荷,3钱4分,草决,3钱4分,甘石,3斤2两
#9855#,巴戟天,2两,地黄,1两半,枸杞,1两,黑附子,半两,菊花,2两,川椒,1两
#9893#,白亮鱼胶,8两,地黄,4两,山药,3两,人参,2两,白蒺藜,8两,茯苓,4两,牛膝,3两,枸杞,4两,鹿胶,2两,菟丝子,3两,茱萸,4两,当归,2两
#10728#,炉甘石,1斤,冰片,6钱,琥珀面,1钱5分,煅珊瑚,1钱5分,珍珠,4分,朱砂面,1钱,麝香,4分,煅硼砂面,2钱,熊胆,2钱5分
#10729#,炉甘石,17两,梅片,3两,硼砂,4钱,珠子,2分,丹参,2分,琥珀,3钱,麝香,2分
#10865#,朱砂,1两,磁石,1两,赤石脂,1两,代赭石,1两,人中黄,1两,禹余粮,1两,乳香,1两,没药,1两
#10890#,椒红,8两,菊花,7两,黑附子,5两,旋覆花,5两,苍术,4两,决明子,3两,芎?,2两,紫巴戟,1两
#11001#,辰砂,1两,椒,1两半
#11134#,白蒺藜,5分,黄柏,5分,元参,5分,青葙子,5分,黄芩,5分,赤芍,5分,防风,5分,知母,5分,犀角,5分,木贼,1钱,蝉蜕,1钱,石决明,1钱,草决明,1钱,归尾,1钱
#11426#,苍术,4斤,何首乌,2斤,地骨皮,2斤
#12626#,鹰眼睛,None
#13108#,当归,None,黄耆,None,没药,None,川芎,None,苍术,None,荆芥,None,薄荷,None,熟地,None,羌活,None,菊花,None,麻黄,None
#15035#,黄柏,3两,知母,3两,龟版,3两,熟地,5两,锁阳,2两,枸杞,2两,干姜,2两,五味子,1两,白芍,1两,天冬,1两,覆盆子,2两,菟丝子,2两,白术,3两,陈皮,1两,牡蛎,1两,山萸,1两,虎胫骨,1两,防己,1两,牛膝,1两,当归,2两
#15334#,白花蛇,None,乌稍蛇,None,麻黄,None,细辛,None,全蝎,None,尖,两头,芍药,None,贯芎,None,防风,None,葛根,None,没药,None,血竭,None,朱砂,None,乌犀屑,None,地龙,None,甘草,None,丁香,None,白僵蚕,None,乳香,None,麝香,None,片脑,None,官桂,None,草豆蔻,None,羌活,None,虎胫骨,None,玄参,None,丹参,None,威灵仙,None,天麻,None,藿香,None,天竺黄,None,败龟板,None,人参,None,何首乌,None,白芷,None,乌药,None,安息香,None,青皮,None,黑附子,None,香附,None,白豆蔻,None,骨碎补,None,黄连,None,茯苓,None,黄芩,None,白术,None,地黄,None,松香脂,None,大黄,None,当归,None,木香,None,沉香,None,金箔,None
#15335#,白花蛇,2两,乌梢蛇,半两,麻黄,2两,细辛,1两,全蝎,1两半,两头尖,2两,芍药,1两,贯芎,2两,防风,2两半,葛根,1两半,没药,1两,血竭,7钱半,朱砂,1两,乌犀屑,半两,地龙,半两,甘草,2两,丁香,1两,白僵蚕,1两,乳香,1两,麝香,半两,片脑,1钱半,官桂,2两,草豆蔻,2两,羌活,2两,虎胫骨,1两,玄参,1两,丹参,2钱半,威灵仙,1两半,天麻,2两,藿香,2两,天竺黄,1两,败龟版,1两,人参,1两,何首乌,2两,白芷,2两,乌药,1两,安息香,1两,青皮,1两,黑附子,1两,香附,1两,白豆蔻,1两,骨碎补,1两,黄连,2两,茯苓,1两,黄芩,2两,白术,1两,地黄,2两,松香脂,半两,大黄,2两,当归,1两半,木香,2两,沉香,1两,金箔,None
#15340#,石斛,1两半,萆薢,1两,柏子仁,None,石龙芮,3分,泽泻,3分,黑附子,1两,杜仲,1两,牛膝,1两半,芍药,3分,云母粉,1两,松柏,1两,防风,3分,茱萸,3分,菟丝子,1两,细辛,3分,鹿茸,1两,巴戟,1两
#15613#,人参,5钱,茯神,5钱,芦荟,5钱,琥珀,5钱,蔓荆子,5钱,川芎,1两,生地,1两,熟地,1两,茺蔚子,1两,蝉蜕,1两,车前子,7钱半,细辛,7钱半,白蒺藜,7钱半,远志,7钱半,全蝎,5枚
#15988#,地黄,None,1石2斗,None,杏仁1斗,None,大麻子1斗,None,糯米1石,None,上曲,1斗5升
#16050#,地黄,20斤,地黄,2斤,地黄,2斤,甘草,半斤,醇酒1斗,None,菟丝子,4两,鹿角胶,4两,白蒺藜,4两,牛膝,4两,干漆,4两,茯苓,4两,槟榔,4两,枳壳,4两,萆薢,4两,覆盆子,4两
#16057#,地黄,10两,黄连,5两,黄芩,3两,枳壳,2两5钱,大黄,2两5钱,人参,2两
#16280#,菊花,半两,木贼,半两,苍术,3钱,地黄,3钱,枸杞,3钱,荆芥,3钱半
#16295#,地黄,1两半,黄连,1两,决明子,1两,没药,半两,菊花,半两,防风,半两,羌活,半两,桂心,半两,光明朱砂,半两
#16308#,地黄,2斤,杏仁,半斤,金钗,4两,石斛,4两,牛膝,4两,防风,4两,枳壳,4两
#16474#,地肤子,3分,蓝子,1分,白蒺藜,3分,车前子,半两,甜瓜子,半两,茺蔚子,1分,青葙子,3分,细辛,半两,萤火虫,1分,决明子,3分,黄连,3分,覆盆子,3分,地黄,1两,菟丝子,3分
#16613#,天精草,None,长生草,None,枸杞,None,地骨皮,None
#16615#,萆薢,半两,防风,半两,白蒺藜,半两,狗脊,半两,乌药,半两,黑附子,半两,白附子,半两,赤小豆,半两,地龙,半两,骨碎补,半两,茴香,半两,羌活,半两,天南星,半两,黄耆,半两,肉苁蓉,1两,牛膝,1两,何首乌,1两,川椒,1两,覆盆子,1两,木鳖子,3分
#16646#,动物肝,None,粳米,150克,葱,None,姜,None,油,None,盐,None
#16724#,老冬瓜仁,2升
#16791#,黄耆,2斤,通草,2斤,茯苓,1斤,干姜,1斤,干葛,1斤,桑白皮,1斤,鼠粘根,3斤,地黄,10两,枸杞,10两,忍冬,10两,薏仁,10两,菝瘛,8两,麦门冬,5两,萎蕤,5两
#16928#,朱砂,10两,春蜜,3升,秋蜜,3升
#17445#,麝香,2钱5分,熊胆,5分,飞琥珀,5分,冰片,2钱,飞制甘石,2两,飞生月石,2钱,荸荠粉,1两5钱,蕤仁霜,5分,生地,8两,玄参,4两,石斛,3两,麦冬,3两,杞子,3两,黄连,3两,黄芩,3两,黄柏,4两,龙胆草,4两,青葙子,2两,决明子,4两,白蒺藜,2两,菊花,2两,桑叶,4两,谷精珠,2两,木贼草,2两,焦山栀,3两,石决明,8两,淡竹叶,2两,夜明沙,4两,木鳖子,1两
#17447#,麝香,None,珍珠,None,熊胆,None,冰片,None,琥珀,None,炉甘石,None,硼砂,None,青葙子,None,谷精草,None,桑叶,None,菊花,None,蒙花,None,决明子,None,蔓荆子,None,苍耳子,None,蚕砂,None,白蒺藜,None,薄荷,None,大黄,None,黄芩,None,黄连,None,黄柏,None,龙胆草,None,山栀,None,知母,None,车前子,None,地黄,None,芍药,None,当归,None,丹皮,None,荆芥,None,防风,None,青蒿,None,菖蒲,None,茯苓,None,银花,None,连翘,None,甘草,None,玄参,None,枳壳,None,苦丁茶,None,枸杞,None,木贼草,None,望月砂,None
#17967#,鹿角,半斤,苍耳,半斤,麋角,半斤,当归,5两,山药,4两,茯苓,4两,黄耆,4两,人参,2两,沉香,2两,沙苑疾藜,2两,远志,2两,肉苁蓉,2两,黑附子,1两
#19187#,防风,None,川芎,None,白芷,None,菊花,None,甘草,None
#19587#,覆盆子,1两,远志,1两,杜仲,1两,柏子仁,2两,枸杞,2两,地肤子,1两,胡桃仁,2两
#19593#,覆盆子,3两半,巴戟天,2两,肉苁蓉,2两,远志,2两,牛膝,2两,五味子,2两,续断,2两,茱萸,1两
#19687#,茯苓,None,松脂,24斤,松子仁,12斤,柏子仁,12斤
#19858#,茯苓,3两,苍术,5两,枸杞,2两,川椒,2两,地黄,2两
#20635#,菊,None
#20726#,桑叶,None,不拘多少,None
#20727#,巨胜子,1斤,枸杞,1斤,何首乌,1斤,冬青,8两,破故纸,8两,山萸,1斤,巴戟,4两,桑叶,10斤,柏子仁,1斤,蛇床子,1斤,川椒,半斤
#20874#,枸杞,25克,菊花,20克,地黄,15克,当归,12克,赤芍,9克,苏木,15克,青葙子,12克,丝瓜络,15克,寸冬,10克,珍珠母,50克,丹参,12克,生芪,15克
#21177#,菊花,None,枸杞,None,肉苁蓉,None,巴戟天,None
#21304#,振山威,1两5钱,水陆使者,1两,金笋,6钱,玉枝,8钱,阴飞郎,1对,劈天龙,9钱,九阳公,3钱,昆山雪,10枚,赤羽娘,10对,重阳英,1钱5分,寿春紫,4钱,宿砂蜜,4钱,海上主人,3钱,太乙丹,5钱,朝云兽,1对,补骨先生,4钱,乾坤髓,2钱5分,珍珠,2钱5分,通天柱杖,4钱,飞仙,4钱,先登,4钱,吐蕃丝,1钱,仙人仗,4钱,玉丝皮,2钱,风流带,3钱,王孙草,5钱,如字香,2钱5分,云门令使,8钱
#22072#,多年燕子窝,None,皂角30梃,None,地黄,1两,当归,1两,仙灵脾,1两半,硼砂,2两,地黄,2两半,细辛,1两半,白盐,半斤,木鳖子,18个,川楝,1两,青盐,2两,威灵仙,1两,白芷,1两,藿香,1两,酸榴皮,1两,川百药煎,1两半,黑牵牛,1两,川芎,1两,核桃仁,18个,酒醋,3升
#22215#,菊花,2两,枸杞,4两,地黄,3两,山药,半两
#22590#,炉甘石,500克,冰片,30克,麝香,0.6克,熊胆,6克
#22591#,炉甘石,17两,梅片,4钱3分,硼砂,4钱,丹参,2分,琥珀,8钱,珍珠,2分,熊胆,1钱,麝香,2分,黄连,2两
#22654#,生油,2斤,故铧铁,5两,塞水石,1两,马牙消,半两,曾青,1两
#23354#,枸杞,None
#23363#,枸杞,30g,粳米,60g
#23367#,枸杞,None
#23370#,枸杞,None,茯苓,None,白沙蜜,None,黄蜡,None
#23405#,枸杞5大升,None,地黄3大升,None,大麻子5大升,None
#23406#,枸杞,20克,粳米,50克,白糖,None
#23425#,枸杞,100克,糯米,50克,白糖,None
#23434#,苁蓉,None,枸杞,None,川椒,None,甘菊,None,巴戟减半,None
#23504#,菊花,半斤,当归,半斤,枸杞,1斤,龙眼肉,3斤
#24075#,芍药,None,荆芥,None,白芷,None,当归,None,防风,None,青盐,None
#24076#,何首乌,4两,旱莲草,4两,槐角,4两,地黄,2两,骨碎补,1两5钱,青盐,2两,没食子,2两
#24119#,鹿茸,2两半,当归,1两半,牛膝,1两半,破故纸,1两半,黑附子,1两,巴戟,1两,远志,1两,茯苓,1两,柏子仁,1两,鹿角胶,1两,螵蛸,1两1分,肉苁蓉,4两,菟丝子,4两,泽泻,半两
#24272#,天门冬,3两,麦门冬,3两,地黄,3两,地黄,3两,人参,1两5钱,茯苓,1两5钱,山药,1两5钱,枸杞,1两5钱,牛膝,1两,石斛,1两,草决明,1两,杏仁,1两,菊花,1两,菟丝子,1两,枳壳,1两,羚羊角,1两,乌犀角,8钱,五味子,7钱,甘草,7钱,防风,8钱,白蒺藜,7钱,黄连,7钱,川芎,7钱,青葙子,8钱
#24342#,荆芥,1斤,菊花,半斤,川芎,4两,白术,3两
#24355#,乌梅,1两,铜绿,1两,归尾,1两,甘石,1两,苦参,5钱,胆矾,5钱,新针,14个
#24387#,甘石,1钱,珍珠,None,玛瑙,None,雄黄,None,麝香,None,冰片,None
#24390#,当归,8两,川芎,8两,羌活,8两,生地,8两,防风,8两,薄荷,8两,草决明,8两,覆花,8两,蝉退,8两,白蒺藜,8两,蛇退,4两,蒙花,12两,木贼,12两,黄连,2两
#24464#,黑铅,半斤
#24698#,黑桑棋,160两
#24766#,黑参,None,黄芩,None,地黄,None,芍药,None,菊花,None,青葙子,None,白蒺藜,None
#25016#,黄连,0.5g,西瓜霜,5g,月石,0.2g,硝苯汞,0.002g,蒸馏水,100ml
#25074#,黄连,20g,黄连,40g,黄芩,40g,黄柏,20g,龙胆,20g,柴胡,40g,青皮,40g,木贼,40g,蒙花,40g,茺蔚子,40g,决明子,40g,石决明,40g,夜明砂,40g,鲜羊肝,160g
#25075#,黄连,600克,黄柏,600克,龙胆草,600克,草决明,1.2千克,石决明,1.2千克,蒙花,1.2千克,青皮,1.2千克,柴胡,1.2千克,木贼草,1.2千克,黄连,1.2千克,黄芩,1.2千克,夜明砂,1.2千克,茺蔚子,1.2千克,鲜羊肝,5千克
#26254#,黄耆,1两,钟乳粉,1两半,茯苓,1两,云母粉,1两半,远志,1两,细辛,1两
#26858#,拣人参,1两半,天门冬,3两,麦门冬,3两,地黄,3两,地黄,1两,当归,1两,川芎,7钱,茯苓,1两,山药,1两,菟丝子,1两,枸杞,1两半,肉苁蓉,1两半,牛膝,1两半,杜仲,1两半,石斛,1两半,五味子,7钱,黄连,7钱,黄柏,1两,知母,2两,杏仁,1两半,枳壳,1两,防风,8钱,菊花,1两,青葙子,1两,草决明,1两,白蒺藜,1两,羚羊角,1两,乌犀角,8钱,甘草,7钱
#26882#,夜明砂,None,晚蚕砂,None,谷精草,None,蛤扮,None
#27880#,春季三月用：胡麻,4两,秋石,4两,何首乌,4两,地黄,4两,甘草,4两
#27901#,新鲜胡萝卜,None,粳米,None
#28057#,破故纸,4两,杜仲,4两,萆薢,4两,胡桃仁,4两
#28414#,当归,4两,生地,4两,川芎,4两,白芍,4两,菊花,4两,杞子,4两,白蒺藜,4两,故纸,2两,川连,2两,黄芩,2两,茯苓,2两,寸冬,2两,琥珀,2两,复盆子,2两,蒙花,2两,木贼,2两,青葙子,1两,蔓荆子,1两,楮实子,1两,栀子,1两,黄柏,1两,知母,1两,青盐,1两,甘草,1两,胆草,1两4钱
#28415#,麦冬,4两5钱,天冬,4两5钱,党参,4两5钱,熟地,4两5钱,知母,4两5钱,黄柏,4两5钱,川芎,4两5钱,菊花,4两5钱,山药,4两5钱,枳壳,4两5钱,苁蓉,4两5钱,青葙子,4两5钱,当归,4两5钱,菟丝子,4两5钱,茯苓,4两5钱,枸杞,4两5钱,杜仲炭,4两5钱,杏仁,4两5钱,生地,9两,沙苑子,6两,羚羊,1两5钱,黄连,1两5钱,犀角,9钱,石斛,4两,甘草,2两,琥珀,3两
#28545#,琥珀,1两,鳖甲,1两,京三棱,1两,延胡索,半两,没药,半两,大黄,6铢
#28871#,仙菁玄实子,5升,木脂珠,2升
#29127#,当归,9克,赤芍,9克,红花,6克,菊花,12克,草决明,12克,五味子,6克,龙胆草,6克,蒲公英,12克,蝉蜕,6克,木贼,12克,苏木,10克
#29221#,丹参,2钱5分,片脑,1钱5分,麝香,5钱,人参,1两,犀角,5钱,白花蛇,2两,乌梢蛇,2两,黑附子,1两,乌药,1两,白豆蔻,1两,青皮,1两,茯苓,1两,香附,1两,当归,1两5钱,骨碎补,1两,麻黄,2两,川芎,2两,两头尖,2两,白术,1两,羌活,2两,防风,2两,全蝎,2两,天麻,2两,玄参,2两,威灵仙,1两半,白芷,2两,草豆蔻,2两,血竭,7钱半,黄芩,2两,黄连,2两,地龙,5钱,大黄,2两,地黄,2两,木香,2两,沉香,1两,丁香,1两,乳香,1两,没药,1两,安息香,1两,细辛,1两半,干葛,1两半,芍药,1两,姜蚕,1两,天竹黄,1两,龟版,1两,虎骨,1两,藿香,2两,甘草,2两,朱砂,1两,官桂,2两,松香,5钱,何首乌,2两,金箔,400张,酥油,1两,黄蜡,40斤,蜜糖,11斤
#29409#,槐叶,5斤
#29511#,乌牛胆,None,槐子,None
#29516#,白蒺藜,30克,车前子,30克,牛蒡,30克,茺蔚子,30克
#29531#,嫩槐叶,1斤
#29556#,旱莲草,20斤
#29853#,牡蛎,半斤,干姜,半斤
#30316#,零陵香,1两,甘松,2两,沉香,3两,乳香,4两,木香,5两,草豆蔻,6两,槟榔,7两,桂,8两,茯苓,9两,甘草,10两
#30399#,苍术,4两,地黄,2两
#31194#,何首乌,None,不拘多少,None
#31210#,枸杞,None,菊花,None,远志,None,车前子,None,巴戟,None,地黄,None,覆盆子,None,白术,None,苁蓉,None,菖蒲,None,牛膝,None,地骨皮,None,菟丝子,None,续断,None,细辛,None,何首乌,None
#31405#,炉甘石,6钱,赤石脂,5钱,滑石,5钱,黄连,5钱,辰砂,4钱,青黛,3钱,石决明,1两
#31517#,鸡头实,60克
#31771#,夏枯草,300g,地龙,300g,寄生,300g,槐花,300g,地黄,300g,黄芩,300g,菊花,300g,薄荷,50g
#31793#,金果榄,10克,黄精,18克,蒙花,6克,谷精草,8克,急性子,9克,菟丝子,9克,枸杞,13克,甘草,5克
#32052#,黄连,None,黄芩,None,栀子,None,黄柏,None,菊花,None
#32257#,软前胡,3克,桔梗,2.5克,直防风,3克,川独活,1克,芍药,3克,肥知母,1.5克,荆芥,1.5克,薄荷,1.8克,蔓荆子,2克,柴胡,3克,片姜黄,1.5克
#32412#,黄连,1两,菊花,1两,枸杞,1两,甘草,3分,牛蒡,半两
#32917#,木贼,1.8克,蝉蜕,1.8克,连翘,1.8克,赤芍,1.8克,防风,1.5克,荆芥,1.5克,生地,3克,木通,2.4克,车前子,2.4克,甘草,1.2克
#33151#,桔梗,7两,白蒺藜,7两,木贼,7两,羌活,7两,蝉蜕,7两,薄荷,7两,防风,7两,草决,7两,覆盆子,7两,当归,7两,川芎,7两,白芍,7两,生地,7两,白芷,7两
#33165#,甘菊新鲜嫩芽或幼苗,50克,粳米,50克
#33210#,白蒺藜,90克,羌活,90克,木贼,90克,蝉蜕,90克,菊花,180克
#33211#,菊花,120克,防风,60克,白蒺藜,30克,牛蒡,30克,甘草,7.5克
#33213#,蝉壳,90克,木贼,90克,白蒺藜,90克,羌活,90克,甘菊,120克,荆芥,60克,甘草,60克
#33255#,草决明,15克,石决明,15克,木贼草,15克,防风,15克,羌活,15克,蔓荆子,15克,甘草,15克,川芎,15克,石膏,15克,黄芩,15克
#33259#,菊花,6两,当归,3两,地黄膏,6两,牛膝,4两,覆盆子,4两
#33264#,菊花,4两,乌头,2两,黑豆,2合
#33274#,女贞子,30克,菊花,15克,麦冬,15克
#33596#,茯苓,1两,茱萸,1两,五味子,1两,山药,1两,石莲肉,1两,鸡头肉,1两,金樱子,1两,巴戟,1两,破故纸,1两,杜仲,1两,牛膝,1两,地黄,1两,菖蒲,1两,远志,1两,枸杞,1两,龙骨,1两,楮实,1两,茴香,1两,仙茅,1两,肉苁蓉,1两,沉香,1两
#33674#,大黄,2两,黑附子,5钱,青皮,5钱,陈皮,5钱,牵牛头末,4两
#33849#,人参,5钱,白术,1两2钱,茯苓,8钱,甘草,5钱,当归,6钱,地黄,5钱,地黄,5钱,白芍,5钱,牛膝,8钱,杜仲,6钱,生姜,5钱,黄柏,1两,知母,8钱,破故纸,3钱,枸杞,1两,苍术,6钱,山药,5钱,琐阳,7钱,茱萸,7钱,菖蒲,5钱,远志,5钱,陈皮,7钱,莲肉,8钱,鹿角霜,5钱,天门冬,5钱,麦门冬,5钱
#34034#,陈皮,1斤,官桂,6两,干姜,6两,当归,6两,荆三棱,6两,黑附子,6两,萆薢,6两,神曲,6两,乌头,1两,木香,1两,川椒,1两,大麦糵,4两,厚朴,None
#34246#,川椒,3两,巴戟,1两,茴香,1两,川楝,1两,山药,1两
#34257#,椒红,1两,黑附子,1两,巴戟天,1两,破故纸,1两,木香,1两,肉苁蓉,1两,青盐,1分,茴香,半两
#34261#,椒红,4两,巴戟天,1两,楝实,1两,茴香,1两,黑附子,1两
#34328#,辰砂,1两,椒,1两半
#34499#,黑附子,2只,阳起石,1分,伏火灵砂,1分,天雄,1对,磁石,半两,鹿茸,1两,麋茸,1两,茴香,1两,破故纸,1两,当归,1两,牛膝,1两,钟乳粉,半两,荜澄茄,半两,夜明砂,半两,肉豆蔻,半两,枸杞,半两,杜仲,半两,丁香,半两,菟丝子,2两,腽肭脐,半两,沉香,半两,神曲,半两,麝香,半钱,安息香,1分,羊髓,2两,肉苁蓉,1两,羊石,1对
#35174#,菊花,None,石膏,None,牛蒡,None
#35802#,柴胡,1钱,当归,2钱,生白芍,2钱,白术,1钱,茯苓,1钱,甘草,5分,煨姜,3片,薄荷,1分,桑叶,2钱
#36403#,熟地,20克,山药,18克,萸肉,10克,云苓,10克,丹皮,10克,泽泻,10克,杞果,12克,甘菊,15克,蒙花,18克,羚羊角,2克,枣仁,25克,钩藤,20克,天麻,10克
#37044#,生地,8两,山药,4两,茯苓,4两,茱萸,4两,丹皮,3两,麦门冬,6两,泽泻,3两,菊花,6两,枸杞,6两,五味子,6两,白蒺藜,5两
#37117#,羌活,30克,防风,30克,螵蛸,30克,栀子,30克,薄荷,30克,当归,30克,芍药,30克,甘草,30克,麻黄,30克,连翘,30克,菊花,30克,木贼,30克,白蒺藜,30克,川芎,30克,大黄,30克,黄芩,30克,荆芥,30克
#37321#,焦三仙,1钱,陈皮,1钱5分,酒芩,2钱,厚朴,1钱5分,菊花,3钱,羚羊,1钱5分,竹茹,3钱,枳实,1钱5分
#37924#,生地,1斤,熟地,1斤,石斛,4两,防风,4两,枳壳,4两,牛膝,4两,杏仁,4两
#37929#,地黄,120克,天门冬,90克,枸杞,90克,甘菊,60克,地黄,120克,麦门冬,90克,茱萸,90克,当归,60克,五味子,30克
#38125#,仙茅,2斤,苍术,2斤,茯苓,8两,车前子,12两,茴香,8两,枸杞,1斤,地黄,4两,地黄,4两,柏子仁,8两
#38299#,决明子,15克,粳米,50克,冰糖,None
#38300#,决明子,15g,粳米,60g,菊花,10g
#38304#,决明子,None
#38308#,决明子,1升,蔓荆子,1升
#38325#,决明子,1两,槐子,1两,覆盆子,1两,青葙子,1两,地肤子,1两,车前子,1两
#38331#,决明子,半两,细辛,半两,青葙子,半两,白蒺藜,半两,茺蔚子,半两,芎藭,半两,升麻,半两,独活,半两,羚羊角,半两,防风,半两,菊花,1两,黄连,3两,玄参,3两,枸杞,3两
#38619#,菖蒲,1斤,乳香,1两,远志,半斤
#38719#,知母,3分,人参,3分,茯苓,3分,川椒,半两,栝楼,1两半,防风,3两,白术,3两,泽泻,2两,干姜,1两,黑附子,1两,桂心,1两,细辛,1两
#38727#,菊花瓣,100克,猪瘦肉,600克,鸡蛋,3个,鸡汤,150克,食盐,3克,白砂糖,3克,绍酒,20克,胡椒粉,2克
#38746#,地黄,2两,山萸,5钱,山药,5钱,茯苓,5钱,泽泻,5钱,丹皮,5钱,五味子,5钱,枸杞,5钱,沙苑子,5钱,决明子,5钱,青葙子,5钱,茺蔚子,5钱,菟丝子,5钱,覆盆子,5钱,车前子,5钱
#38835#,地黄,20斤,牛膝,10斤,生姜,3斤,巨胜子,1升,菟丝子,1升,杏仁,1升,桃仁,1升,白蒺藜,1升,白蜜,1斤
#39598#,肉苁蓉,1两,茱萸,1两,地黄,6分,远志,6分,蛇床子,5分,五味子,6分,防风,6分,茯苓,6分,牛膝,6分,菟丝子,6分,杜仲,6分,薯蓣,6分
#39646#,栀子,60克,川连,120克,黄芩,60克,黄柏,60克,大黄,60克,泽泻,30克,元参,30克,红花,30克,胆草,30克,赤芍,36克,归尾,36克,菊花,60克,防风,30克,生地,36克,石决明,60克,白蒺藜,60克,羚羊角,3克,冰片,15克
#39647#,石决明,1两5钱,菊花,2两,黄连,1两,红花,1两,桃仁,1两,当归,1两,黄芩,1两,胆草,1两,石燕,1两,大黄,1两,白蒺藜,4两,朱砂,2钱,琥珀,2钱,猪苦胆,5个
#39767#,知母,None,黄柏,None,菊花,None,熟地,None,白芍,None,川芎,None,枸杞,None,当归,None
#39771#,龙骨,5钱,远志,1两,茯神,1两,菖蒲,5钱,龟甲,5钱,枣仁,1两,当归,1两,人参,5钱,麦门冬,1两,天门冬,1两,地黄,2两,地黄,2两,茱萸,1两,黄柏,1两,五味子,1两,柏子仁,1两,山药,1两,枸杞,1两,知母,1两
#40143#,黄连,250克,冰片,3克
#40146#,柴胡,二两,木通,二两,阿胶,二两,蒲黄,二两,人参,二两,麦门冬,四两,黄蓍,一两,鸡苏,一斤,甘草,一两半,地黄末,None
#40149#,柴胡,2两,木通,2两,阿胶,2两,蒲黄,2两,人参,2两,麦门冬,4两,黄耆,1两,鸡苏,1斤,甘草,1两半,地黄末,6两
#40155#,蕤仁,10个,朱砂,2钱,硇砂,1钱,干胭脂,1钱,龙脑,1钱,麝香,半钱
#40680#,鹿茸,1具,鹿角霜,2两,川楝,1两,青皮,1两,木香,1两
#40732#,熟地,2两,地黄,2两,当归,2两,枸杞,2两,菊花,1两,天门冬,2两,冬青子,2两,白蒺藜,1两3钱,玄参,1两5钱,川芎,1两3钱,芍药,1两5钱,黄连,1两3钱,槐角,1两,茺蔚子,1两
#40896#,黄芩,3克,桔梗,3克,大黄,3克,皮硝,3克,车前子,3克,羌活,3克,黑参,3克,当归,3克,知母,3克,龙胆草,1.5克
#41371#,莲肉,6两,芡仁,4两,茯苓,3两
#41973#,羚羊角,1两,犀角屑,1两,黄连,半两,石决明,半两,朱砂,半两,车前子,半两,甘草,半两
#42073#,羚羊角,半两,枣仁,半两,肉桂,5分,虎胫骨,5钱,防风,1钱,当归,1钱,黄耆,1钱
#42092#,羚羊角,1两,菊花,2两,川芎,1两,车前,1两,防风,6钱,羌活,5钱,薄荷,5钱,赤芍,1两,大黄,5钱,朴消,5钱,血竭,2钱,没药,3钱,丹皮,3钱,红花,5钱
#42116#,绿茶,100克,醋,10克
#42410#,丹参,2两,花椒,2两,诃子,72个
#42836#,槐枝叶,None,柳枝叶不拘多少,None
#42844#,朱砂,15克,石决明,15克,珍珠,15克,曾青,0.3克,硇砂,0.3克,龙脑,0.3克
#42875#,炉甘石,3克,片脑,0.3克,黄连,0.8克
#42881#,炉甘石,1钱,片脑,1分,黄连,2分半
#42967#,水银,一斤,丹参,四两
#43165#,大黄,30克,川芎,30克,菊花,30克,牛蒡,30克,细辛,30克,防风,30克,山栀,30克,白蒺藜,30克,黄芩,30克,蔓荆子,30克,荆芥,30克,木贼,30克,甘草,30克,玄参,30克,苍术,60克,草决明,45克
#43331#,桃仁,1斤,杏仁,1斤,脂麻,1升,苍术,4两,茯苓,3钱,艾,3钱,薄荷,3钱,茴香,3钱,好铜钱,5文,荆芥,1两
#43590#,地黄,1钱5分,羌活,6分,防风,6分,菊花,5分,栀子,5分,谷精草,5分,柴胡,5分,木贼,4分,甘草,3分,川芎,1钱,当归,1钱,白芍,8分
#43752#,望月砂,4两,夜明砂,4两,女贞子,3两,马料豆,3两,黑脂麻,3两,枣仁,6两
#43753#,桑椹子,2两,青葙子,2两,决明子,2两,夜明砂,2两,黑脂麻,2两,野料豆,2两
#44043#,黑附子,1两,当归,6两
#44668#,马齿苋1石,None,蜡,3两
#44674#,马齿实,1升
#44740#,甘石粉,90两,麝香,1两5钱,珍珠,1两2钱,熊胆,1两7钱,生硇砂,9钱,冰片,24两,硼砂,1两8钱,琥珀,1两5钱
#44801#,蔓菁子,3合,粳米,3合
#44805#,蔓菁子,1斤,黄精,2斤
#44825#,蔓荆子,7.5克,黄柏,9克,芍药,9克,甘草,24克,黄耆,30克,人参,30克
#45060#,羊子肝,30克,7叶,30克,太阴玄精石,30克,石决明,30克,黄连,30克,蕤仁,15克
#45182#,枸杞,10克,菟丝子,15克,五味子,8克,谷精草,10克
#45184#,桑叶,6克,菊花,6克
#45186#,拣人参,30克,当归,30克,地黄,60克,地黄,60克,天门冬,60克,麦门冬,60克,枣仁,60克,枸杞,48克,五味子,30克,菟丝子,30克,茯神,60克,山药,30克,牛膝,39克,柏子仁,30克,泽泻,30克,丹皮,30克,菊花,90克,黄柏,45克,知母,75克,白豆蔻,9克
#45188#,地黄,160g,茱萸,80g,丹皮,60g,山药,80g,茯苓,60g,泽泻,60g,枸杞,60g,菊花,60g,当归,60g,白芍,60g,白蒺藜,60g,石决明,80g
#45189#,生地,120克,熟地,120克,知母,60克,黄柏,60克,菟丝子,30克,独活,30克,枸杞,60克,牛膝,90克,白蒺藜,90克
#45192#,地黄,150克,萸肉,60克,泽泻,30克,丹皮,45克,茯苓,60克,山药,90克,当归,60克,川芎,30克,麦冬,90克,石斛,90克
#45209#,蒙花,None,石决明,None,木贼,None,白蒺藜,None,羌活,None,菊花,None
#45498#,青蒿花,None
#45499#,龙脑,3克,青黛,3克,薄荷,3克,盆消,3克,乳香,0.3克
#45607#,鲜荠菜,None,粳米,None
#46014#,地丁,20克,蒲公英,20克,双花,20克,菊花,12克,赤芍,12克,决明子,12克,车前子,12克,柴胡,9克,薄荷,6克,木通,6克,蝉衣,6克,黄精,15克
#46086#,羌活,None,川芎,None,淡竹叶,None,防风,None,防己,None,菊花,None,黑豆,None,当归,None,芍药,None,枸杞,None,蒙花,None,栀子,None,荆芥,None,薄荷,None,甘松,None,白芷,None,旋复花,None,地骨皮,None
#46751#,神曲,120克,磁石,60克,光明砂,30克
#46888#,石斛,12.5千克,肉苁蓉,12.5千克,麦门冬,25千克,茯苓,50千克,五味子,12.5千克,人参,50千克,地黄,75千克,菟丝子,12.5千克,草决明,12.5千克,杏仁,12.5千克,山药,12.5千克,白蒺藜,12.5千克,川芎,12.5千克,甘草,12.5千克,牛膝,12.5千克,黄连,12.5千克,地黄,12.8千克,天门冬,50千克,防风,12.5千克,枳壳12,5千克,菊花,12.5千克,枸杞,12.5千克,生磁石,10千克,石膏,25.5千克
#46892#,石斛,30g,人参,120g,山药,45g,茯苓,120g,甘草,30g,肉苁蓉,30g,枸杞,45g,菟丝子,45g,地黄,60g,地黄,60g,五味子,30g,天冬,120g,麦冬,60g,杏仁,45g,防风,30g,川芎,30g,枳壳,30g,黄连,30g,牛膝,45g,菊花,45g,白蒺藜,30g,青葙子,30g,决明子,45g,水牛角浓缩粉,60g,羚羊角,30g
#46911#,当归,3克,赤芍,3克,荆芥,3克,防风,3克,川芎,3克,菊花,3克,生栀,3克,薄荷,3克,柴胡,4.5克,连翘,4.5克,金银花,6克,甘草,1.5克
#47190#,天南星,半两,人参,半两,茯苓,半两,干生姜,一两,寒水石,一两,白矾,一两,半夏,一两,蛤粉,二两,大黄,二两,黄芩,二两,牵牛末,四两,滑石,四两,薄荷,None,藿香,None
#47343#,当归,None,川芎,None,地黄,None,芍药,None,覆盆子,None,枸杞,None,地肤子,None,菟丝子,None,车前子,None,上药分两,None,以虚实斟酌,None
#47588#,羚羊角,60克,犀角,60克,丹参,24克,黄连,45克,黄芩,45克,川芎,45克,白芷,45克,当归,45克,大黄,30克,防风,30克,草决明,30克,羌活,30克,生地,30克,滑石,30克,蝉蜕,30克
#47596#,五味子,半斤,蛇床子,二两,百部,二两,菟丝子,二两,茯苓,二两,肉苁蓉,二两,枸杞,二两,柏子仁,二两,杜仲,二两,防风,二两,巴戟,二两,山药,二两,远志,二两
#47732#,乌头,30克,茴香,90克,苍术,60克
#47798#,栀子,30克,白蒺藜,30克,羌活,60克,荆芥,36克,当归,36克,牛蒡,36克,甘草,36克
#48086#,菟丝子,9克,石斛,9克,石决明,9克,炒杭菊,9克,当归,9克,谷精草,9克,炒茺蔚子,9克,白蒺藜,9克,陈皮,6克,炒谷芽,5克
#48087#,菟丝子,60克,粳米,100克
#48100#,菟丝子,1两,泽泻,1两,鹿茸,1两,石龙芮,1两,肉桂,1两,黑附子,1两,石斛,3分,地黄,3分,茯苓,3分,牛膝,3分,续断,3分,茱萸,3分,肉苁蓉,3分,防风,3分,杜仲,3分,破故纸,3分,荜澄茄,3分,沉香,3分,巴戟,3分,茴香,3分,五味子,半两,螵蛸,半两,芎?,半两,覆盆子,半两
#48134#,菟丝子,1斤,菊花,1斤
#48744#,枸杞,60g,茱萸,30g,沙苑子,30g,菊花,60g,生地,30g,白酒,1500ml
#48871#,地黄,240克,天门冬,240克,菊花,120克,枳壳,120克
#49303#,陈皮,None,厚朴,None,苍术,None,莱菔,None,柴胡,None,甘草,None,枳壳,None,草决明,None,桔梗,None,青皮,None,黄连,None,蒙花,None,栀子,None,黄芩,None,神曲,None,菊花,None
#49362#,朱砂,0.3克,乳香,0.3克,硼砂,0.3克,芍药,0.3克,当归,0.3克,雄黄,None,麝香,6克,1.5克,黄连,15克
#49364#,秦皮,9克,黄柏,9克,决明子,9克,黄连,9克,黄芩,9克,蕤仁,9克,栀子,7枚,枣仁,5枚
#49506#,石莲肉,二两,菟丝子,五两,茯苓,一两,山药,二两
#49508#,石莲肉,2两,菟丝子,5两,茯苓,1两,山药,2两
#49717#,银花,10克,连翘,10克,蒲公英,12克,龙胆草,10克,大黄,5克,蝉衣,5克,菊花,10克,青葙子,10克,黄连,5克,黄芩,8克,甘草,3克,栀子,10克
#49727#,银耳,15克,枸杞,15克,鸡肝,100克,茉莉花,24朵,水豆粉,None,料酒,None,姜汁,None,食盐,None
#49750#,远志,30克,莲子,15克,粳米,50克
#49902#,泽泻,7.5克,茯苓,7.5克,地黄,15克,丹皮,15克,山莱萸,15克,当归,15克,五味子,15克,山药,15克,柴胡,15克,地黄,60克
#49926#,萸肉,60克,野台参,18克,柏子仁,30克,玄参,30克,菟丝子,30克,羊肝,1具
#49932#,黄耆,15克,甘草,15克,人参,15克,升麻,9克,葛根,9克,蔓荆子,4.5克,芍药,3克,黄柏,3克
#50121#,天门冬,30克,麦门冬,30克,地黄,30克,地黄,30克,新罗参,30克,茯苓,30克,山药,30克,枸杞,23克,牛膝,23克,石斛,23克,草决明,23克,杏仁,23克,甘菊,23克,菟丝子,23克,羚羊角,23克,肉苁蓉,15克,五味子,15克,防风,15克,甘草,15克,白蒺藜,15克,黄连,15克,枳壳,15克,川芎,15克,生乌犀,15克,青葙子,15克
#50124#,诃子,6克,甘草,6克,当归,9克,柴胡,15克,地黄,15克,麻黄,15克,黄连,15克
#50197#,熟地,30克,白芍,15克,麦冬,15克,当归,30克,葳蕤,15克,茱萸,12克,五味子,3克,甘草,3克,菊花,6克,柴胡,1.5克
#50630#,珍珠,None,天然冰片,None,硼砂,None,硼酸,None
﻿#1#,苦楝皮,30克,雄黄,30克,槐皮,15克
#51#,西黄,3克,琥珀,3克,辰砂,3克,梅冰,3克,雄精,3克,羚角片,9克,乳香,9克,犀角片,4.5克
#101#,天麻,15克,人参,15克,陈皮,15克,白术,15克,归身,15克,茯神,15克,荆芥,15克,僵蚕,15克,独活,15克,远志,15克,犀角,15克,麦门冬,15克,枣仁,15克,辰砂,15克,半夏,30克,天南星,30克,石膏,30克,甘草,9克,白附子,9克,川芎,9克,郁金,9克,丹参,9克,珍珠,9克,地黄,15克,黄连,15克,金箔,30片
#151#,茴香,一两半,藿香,一两半,丁香,一两半,地黄,一两半,肉桂,一两半,甘草,八两,山药,八两,当归,八两,白术,八两,白芷,八两,干姜,二两,川芎,二两,黄蓍,二两,木香,一两,陈皮,四两,芍药,十两
#201#,山楂,30克,天南星,30克,半夏,30克,麦芽,30克,神曲,30克,黄连,30克,连翘,15克,阿魏,15克,栝楼,15克,贝母,15克,皮硝,None,石碱,None,萝卜子,None,黄连,7.5克
#251#,艾叶,120g,香附,240g,茱萸,80g,肉桂,20g,当归,120g,川芎,80g,白芍,80g,地黄,40g,黄芪,80g,续断,60g
#351#,艾叶,1两,赤石脂,1两半,茯苓,1两
#401#,木香,None,槟榔,None,使君子肉,None,白芜荑仁,None,贯众,None,苦楝根白皮,None,虾蟆,None,夜明砂,None
#451#,当归,1钱,川芎,5分,白芍,1钱,熟地,1钱,生地,1钱,白术,2钱,砂仁,1钱,陈皮,5分,苏梗,5分,杜仲,2钱,续断,8分,阿胶,1钱,条芩,1钱半
#501#,阿胶,1钱,人参,1钱,茯苓,1钱,川归,1钱,生地,1钱,川芎,5分,甘草,5分,小茴,8分,人角茴,8分
#551#,人参,5分,白术,3分,茯苓,8分,山药,8分,当归,8分,陈皮,8分,半夏,8分,莲肉,8分,甘草,3分
#601#,人参,None,白术,None,茯神,None,当归,None,地黄,None,枣仁,None,麦门冬,None,半夏,None,枳实,None,黄连,None,竹茹,None,山栀,None,甘草,0.9克,辰砂1.5,None
#651#,酒地,4两,圆肉,2两,当归,2两,于术,1两5钱,川芎,1两,菖蒲,8钱,茯神,8钱,远志,8钱,枣仁,1两,黄耆,2两,杭芍,1两,党参,1两,炙草,1两
#701#,白豆蔻,1钱,苏子,1钱,藿香,1钱,胆南星,8分,陈皮,8分
#751#,桃仁,2钱,红花,2钱,山楂,2钱,归尾,2钱,益母草,2钱
#801#,鸱鸮,1个,穿山甲,1两2钱,桂枝,5钱5分,白芷,1钱5分,木贼草,3钱5分,山萸,1两,郁金,5钱,赤苓,5钱,赤芍,6钱,当归,1两,云苓,5钱,红花,5钱,白芍,6钱,全蝎,10条,麻黄,3钱5分,石斛,3两
#851#,防风,None,细辛,None,桔梗,None,茺蔚子,None,黄芩,None,大黄,None,五味子,None,薄荷,None,石膏,None,黄柏,None,草决明,None
#901#,甘草,None,陈小麦,None,麦门冬,None,茯苓,None,于葛,None,灯心,None,木通,None,人参,None
#951#,当归,4钱,川芎,2钱,赤芍,3钱,黄柏,3钱,栀子,3钱,黄连,3钱,茵陈,3钱,葳蕤仁,3钱,苍术,2钱,防风,2钱,白芷,2钱,茯苓,3钱,薄荷,2钱,泽泻,3钱,草决明,3钱,甘草,1钱
#1001#,当归,5钱,蝉退,1钱,僵蚕,1钱,天龙,1钱,大黄,1钱,石,5钱,老蜘蛛,2个
#1051#,陈皮,1两,苎麻根,1两,高良姜,3钱,粳米,半合
#1101#,陈皮,1两,防己,半两,茯苓,3分,槟榔,3分,木通,3分,紫苏,1两,木香,半两,大腹皮,1两
#1151#,苍术,1斤,莲肉,1斤,五味子,4两,茯苓,4两,枸杞,4两,地黄,4两
#1201#,三棱,None,莪术,None,宫桂,None,赤芍,None,香附,None,甘草,None,乌药,None
#1251#,滑石,1两,寒水石,1两,甘草,1两,辰砂,5分
#1351#,蒙花,None,羌活,None,菊花,None,白蒺藜,None,粉草,None,草决明,None,车前子,None,黄芩,None,龙胆草,None
#1401#,车前子,60克,决明子,60克,黄连,60克,蓝实,60克,黄芩,30克,玄参,30克,沙参,30克,瞿麦,30克,地骨皮,30克,秦艽,30克,蕤仁,30克
#1451#,赤土,2两半,防风,2两,芍药,2两,地骨皮,2两,何首乌,2两,当归,2两,栀子,2两,甘草,1两
#1551#,茯苓,1两,半夏,1两,陈皮,1两,桔梗,1两,地黄,1两,白术,3分,川芎,3分,人参,3分,芍药,3分,旋覆花,半两,甘草,半两
#1601#,茯苓,1两,桂心,1两,人参,1两,陈皮,2两,白术,1两,蓬莪术,1两,大黄,1两,茱萸,半两,厚朴,2两
#1701#,芍药,半两,艾叶,半两,黑附子,半两,干姜,半两,陈皮,1两,当归,1两,川芎,3分,甘草,3分,茱萸,3分
#1751#,赤石脂,30克,禹余粮,30克
#1801#,赤石脂,3两,龙骨,2两,艾叶,1两,黑附子,1两,肉豆蔻,1两,缩砂,1两,高良姜,1两,干姜,1两,茱萸,半两,厚朴,1两
#1901#,豉,2合,竹茹,1两,米,2合
#1951#,蟾酥,6克,轻扮,1.5克,枯矾,3克,寒水石,3克,铜绿,3克,乳香,3克,没药,3克,胆矾,3克,麝香,3克,雄黄,6克,蜗牛,21个,朱砂,9克
#2001#,蟾头,2个,皂荚,1分,青黛,1分,丹参,1分,麝香,半分,巴豆,7个
#2051#,蝉蜕,None,菊花,None,当归,None,地黄,None,玄参,None,赤芍,None,羌活,None,连翘,None,柴胡,None,木贼,None,石决明,None,草决明,None,白蒺藜,None,蔓荆子,None,青葙子,None,荆芥,None,防风,None,薄荷,None,升麻,None,黄连,None,黄芩,None,栀子,None,黄柏,None,枳壳,None,龙胆草,None,谷精草,None,夏枯草,None,桔梗,None
#2101#,蚕茧,3个,白术,1钱,信石,1钱
#2151#,葱白,14茎,豉,半合,干姜,1分,麻黄,半两,桂,半两,芍药,半两
#2201#,葱白,6克,阿胶,9克,当归,9克,续断,9克,芎藭,9克,银,None
#2251#,当归,9克,甘草,9克,独活,9克,白芷,9克,葱头,7个
#2301#,椒,2两,当归,2两,姜,2两,菖蒲,2两,黑附子,2两
#2351#,川芎,四两,香附,四两,龙胆草,二两,决明子,二两,甘草,二两,木贼,二两,菊花,二两
#2401#,草豆蔻,1两,人参,1两,柴胡,1两,白术,1两,陈皮,1两半,甘草,半两
#2451#,草豆蔻,1两,黑附子,1两,茴香,1两,厚朴,1两,白术,1两,桂心,1两,干姜,1两,陈皮,1两,芎藭,1两,川乌,1两,木香,1两,茱萸,1两
#2501#,厚朴,None,青皮,None,草果,None,藿香,None,甘草,None,丁皮,None,神曲,None,良姜,None,半夏,None
#2551#,茺蔚,1斤,白蒺藜,1斤,羊桃,1斤,蒴藋根,1斤,漏芦蒿,1斤,盐,3斤
#2601#,苍术,15克,片芩,9克,甘草,4.5克
#2651#,紫金皮,None,苍术,None,猪牙皂角,None,鸡脚风叶,None,骨碎补,None
#2701#,肉苁蓉,2两,茯苓,2两,五味子,1两,牛膝,1两,五加皮,1两,地骨皮,1两,防风,1两,黄耆,1两,泽泻,1两,桂,1两,磁石,3两
#2751#,肉苁蓉,2两半,黄耆,3两,桂,2两,杜仲,2两半,牛膝,2两,茱萸,2两,韭子,3两
#2801#,远志,1两,菖蒲,1两,牛膝,1两,杏仁,8钱
#2851#,穿山甲,1两,虎胫骨,1两,鸡舌香,1枚,麝香,None
#2951#,磁石,1分,陈皮,1分,白矾灰,1分,恶实,1分,浆水脚,1分
#3051#,香附,400两,沉香,18两半,缩砂仁,48两,甘草,120两
#3101#,沉香,1两,石斛,1两,人参,1两,茯苓,1两,菟丝子,3分,山芋,1两,麦门冬,1两,肉苁蓉,半两,五味子,3分,地黄,1两,百合,3分,陈皮,3分,枸杞,3分,黄耆,半两,巴戟天,半两,柏子仁,3分,牛膝,1两
#3151#,沉香,4两,乌药,2两,麦糵,2两,甘草,3两
#3201#,沉香,1两,黑附子,1两,川楝,1两半
#3251#,沉香,半两,荆三棱,半两,蓬莪术,半两,白豆蔻,半两,荜澄茄,半两,缩砂仁,半两,草果仁,半两,益智仁,半两,川白姜,半两,丁香,半两,人参,半两,丁皮,半两,木香,1两,茯苓,1两,香附,1两,藿香,1两,半夏,1两,青皮,1两,陈皮,1两,甘草,1两1分
#3301#,枳壳,4两,香附,2两,槟榔,1两,延胡索,1两,三棱,2两,蓬术,1两
#3351#,沉香,半两,丁香,半两,木香,半两,巴豆,7枚,杏仁,7枚
#3401#,樗根白皮,23克,无食子,1枚,肉豆蔻,1枚,茜根,15克,茶末,7.5克
#3451#,臭椿白皮,4两,苍术,2两,枳壳,2两
#3501#,升麻,None,葛根,None,甘草,None,黄芩,None,半夏,None,芍药,None,柴胡,None
#3551#,柴胡,1两,鳖甲,1两,茯苓,1两,黄芩,3分,知母,3分,桑白皮,3分,甘草,半两
#3601#,柴胡,3两,黄芩,3两,陈皮,3两,泽泻,3两,羚羊角,3两,地黄,1升,香豉,1升,栀子,4两,石膏,6两,皮硝,2两
#3651#,柴胡,1两,知母,半两,芦根,3分,槟榔,1两,陈皮,半两,人参,半两
#3701#,柴胡,None,栀子,None,连翘,None,地黄,None,黄连,None,赤芍,None,龙胆草,None,青皮,None,甘草,None
#3751#,生地,4钱,白芷,3钱,天冬,1钱,青蒿,6钱,柴胡,1两,玄参,3钱,生耆,3钱,连翘,3钱,百合,5钱,知母,3钱
#3801#,柴胡,2两,射干,2两,防葵,2两,丹皮,2两,大黄,2两,杏仁,2两,紫菀,2两,葶苈,2两,紫苏,2两
#3851#,柴胡,None,防风,None,当归,None,人参,None,芍药,None,甘草,None,黄芩,None,滑石,None,大黄,None
#3901#,柴胡,1两,升麻,1两,黄芩,1两,黄连,1两,栀子,1两,车前子,1两,决明子,1两,防风,1两,羚羊角,1两,马牙消,1两,甘草,1两,玄参,1两
#3951#,柴胡,2两,黄芩,1两,石膏,1两,阿胶,2两,麦门,3两,甘草,半两
#4001#,柴胡,1钱,黄芩,1钱,干姜,8分,桂枝,8分,甘草,8分
#4051#,熟地,5钱,淮山,2钱,柴胡,1钱5分,萸肉,1钱5分,茯苓,1钱5分,丹皮,1钱5分,泽泻,1钱
#4101#,山查,1两,苏木,3钱
#4151#,金银花,2钱,薄荷,1钱,白芷,1钱半,防风,1钱,芍药,2钱,连翘,2钱,六一散,3钱,大黄,1钱,地肤子,1钱半,食盐,1钱半,僵蚕,2钱,桑枝,2钱,蝉蜕,1钱
#4201#,五倍子,None,绛真香,None
#4301#,川乌,半两,雄黄,半两,蝉蜕,半两,川芎,1两,细辛,1两
#4351#,常山,1两,柴胡,1两,甘草,1两,栀子,1两,茯苓,2两,石膏,2两,蜀漆,2两,鳖甲,2两
#4401#,常山,3两,羚羊角,3两,乌梅肉,3两,黄芩,2两,甘草,1两半
#4451#,川芎,None,荆芥,None,细辛,None,白芷,None,甘草,None,羌活,None,防风,None,薄荷,None
#4501#,川芎,1两,柴胡,1两,半夏,半两,甘草,半两,甘菊,半两,细辛,半两,人参,半两,前胡,半两,防风,半两
#4551#,猬皮,1.5克,雷丸,3克,川楝,1.5克,黑芝麻,1.5克,槐角子,1.5克,男发,2.1克,乳香,6克,30克,麝香0,6克,雄猪左悬蹄甲,49个
#4601#,露蜂房,1两,蛇蜕,2钱5分,头发,2钱5分,川山甲,2钱5分
#4651#,藤黄,3克,雄黄,3克,雌黄,3克,丹参,3克,轻粉,3克,粉霜,3克,麝香,3克,砒霜,3克,黄丹,3克,牡蛎,15克,红藤根,15克,干漆,15克
#4701#,猪牙皂角,30克,丝瓜子,36克,北细辛,9克,干蟾酥,1.5克
#4751#,干胭脂,None,螵蛸,None,龙骨,None,枯矾,None,冰片,None,密陀僧,None,胆矾,None,青黛,None,硼砂,None,黄连,None,赤石脂,None,麝香,None
#4801#,火消,None,牙皂,None,全蝎,None,雄黄,None,硼砂,None,白矾,None,胆矾,None
#4851#,紫荆皮,None,乳香,None,甘草,None,白芷,None,没药,None
#4901#,苍术,2两,枳壳,1两,桔梗,1两,陈皮,1两,芍药,1两,白芷,1两,川芎,1两,当归,1两,交趾桂,5钱,半夏,5钱,粉草,5钱,麻黄,5钱,军姜,5钱,厚朴,5钱,木香,5钱,杏仁,5钱,茯苓,5钱
#4951#,漏芦,1钱,通草,1钱,贝母,2钱,白芷,1钱
#5001#,梅花蕊,2钱,桃花蕊,2钱,经霜丝瓜,2钱,朱砂,2钱,甘草,1钱
#5051#,茱萸,None,黄连,None,白芜荑仁,None,柴胡,None
#5101#,鳖甲,1两,甘草,1两,冬瓜汁,4合,车前叶,1握,常山,半两
#5151#,鳖甲,1两,柴胡,3分,茯苓,半两,子芩,半两,诃黎勒皮,3分,槟榔,3个,芍药,半两,当归,半两,陈皮,3分,知母,半两,大黄,半两,甘草,半两
#5201#,鳖甲,None,肉苁蓉,None,陈皮,None,青皮,None,三棱,None,莪术,None,神曲,None,麦芽,None,茯苓,None,半夏,None,秦艽,None,柴胡,None,香附,None,甘草,None
#5251#,鳖甲,1两半,防葵,1两,人参,1两,前胡,1两,桔梗,1两,枳壳,1两,当归,1两,黑附子,1两,干姜,1两,白术,1两,槟榔,2两,大黄,2两,厚朴,3两,茱萸,3两,甘草,1两1分
#5301#,河车,1具,鳖甲,半两,桔梗,半两,芍药,半两,大黄,半两,甘草,半两,苦参,半两,贝母,半两,知母,半两,秋石,半两,豉心,半两,草龙胆,半两,黄药子,半两,莪术,半两,犀角,半两,皮硝,半两
#5351#,苍术,1斤,台乌,半斤,白术,半斤,黄连,半斤,羌活,半斤,川乌,4两,草乌,4两,细辛,4两,紫草,4两,防风,4两,独活,4两,藁本,4两,白芷,4两,香附,4两,当归,4两,荆芥,4两,天麻,4两,官桂,4两,甘松,4两,三奈,4两,干姜,4两,麻黄,4两,芍药,4两,牙皂,4两,甘草,4两,麝香,3分
#5401#,白及,半两,白蔹,半两,白矾,1两,剪草,1两半,茱萸,1分,水银豌豆大,None,麝香,None
#5451#,人参,None,茯苓,None,柴胡,None,前胡,None,羌活,None,甘草,None,川芎,None,独活,None,桔梗,None,枳壳,None,陈皮,None
#5501#,贝齿,1两,葵子,3两,石燕,2两,滑石,2两
#5551#,贝母,7.5克,桔梗,7.5克,马兜铃,7.5克,百合,7.5克,款冬花,7.5克,半夏,7.5克,干姜,7.5克,防己,7.5克,麻黄,7.5克,甘草,15克,杏仁,15克
#5601#,水银,1两,黑铅,1分,巴豆,1两,黄明胶,1片,百草霜,2两,香墨1寸,None,腻粉,1分,干蝎,1分,铅白霜,1分,青黛,1分,丹参,1分
#5651#,破故纸,3两,牛膝,3两,骨碎补,1两,桂心,1两半,槟榔,2两,安息香,2两
#5701#,厚朴,1两,桃仁,1两,杏仁,1两,紫石英,半两,白鲜皮,半两,五加皮,半两,桑白皮,半两
#5751#,黄耆,None,当归,None,川芎,None
#5801#,白附子,1两,半夏,1两
#5851#,当归,2钱,川芎,1钱半,白芍,1钱半,茯苓,1钱半,苍术,1钱,荆芥,1钱,防风,1钱,生地,1钱,熟地,1钱,牛子,1钱,红花,5分,甘草,4分
#5901#,茯苓,3两,防风,2两,桂心,2两,白术,2两,细辛,2两,茱萸,2两,薯蓣,2两,泽泻,2两,黑附子,2两,地黄,2两,紫菀,2两,牛膝,3两,芍药,2两,丹参,2两,黄耆,2两,沙参,2两,苁蓉,2两,干姜,2两,玄参,2两,人参,2两,苦参,2两,独活,2两
#5951#,淫羊藿,None,菟丝子,None,金樱子,None,狗脊,None,女贞子,None
#6001#,茴香,2两,巴戟天,2两,肉苁蓉,2两,丹皮,2两,枸杞,2两,破故纸,2两,白蒺藜,4两,生地,4两,熟地,4两,辰砂,6钱
#6051#,山萸,None,当归,None,五味子,None,山药,None,黄耆,None,川芎,None,熟地,None,木瓜,None,白术,None,独活,None,枣仁,None
#6101#,桑叶,1钱,枸杞,1钱半,小胡麻,1钱半,望月砂,3钱,何首乌,3钱,石决明,1具,菊花,1钱,穞豆皮,3钱
#6151#,黄蜡,120克,猪油,120克,乳香,30克,没药,30克,松香,500克,麻油,500克
#6201#,黑附子,1两,黄耆,1两,牛膝,1两,肉苁蓉,半两,黄蜡,半两,川椒,3分,白蒺藜,3分
#6251#,晕死鹅,4个,紫河车,1具,升麻,1斤
#6301#,黄耆,3钱,潞参,1钱半,白术,1钱半,归身,1钱半,白芍,1钱,枣仁,1钱半,冬虫草,1钱,黑附子,5分,上元桂,5分,蔻米,5分,干姜,5分,半夏,1钱,陈皮,5分,降香,3分,炙草,8分
#6351#,天竺黄,5钱,沉香,3钱,天门冬,2两,芍药,3两,茯神,4两,远志,2两,麦门冬,2两,甘草,6钱,旋覆花,1两5钱,苏子,1两,香附,3两,半夏,2两,皂角荚,2两
#6401#,黄耆,2两,当归,2两,地黄,2两,人参,1两,茯苓,1两,芍药,1两,五味子,1两,牛膝,1两,陈皮,1两,麦门冬,1两,枳壳,1两,甘草,1两,柴胡,1两半
#6451#,黄耆,半钱,人参,3钱,甘草,半钱,红花,1分,芍药,3分,葛根,半钱,当归,2分,陈皮,3分,升麻,3分,柴胡,6分,黄柏,2分,黄芩,3分,甘草,3分
#6501#,薄荷,None,白蜜,None
#6551#,蓖麻子1000颗,None,矾石,1两,黑豆6颗,None
#6601#,破故纸,1两,续断,1两,川乌,1两,防风,1两,萆薢,1两,芍药,1两,地黄,1两,独活,1两,白芷,1两,没药,1两,杜仲,1两,茴香,2两,白术,2两
#6651#,菝葜,30克,汤瓶内硷,30克,乌梅,60克
#6701#,荜茇,None,胡椒,None
#6751#,荜澄茄,1两,干姜,3分,陈皮,1两,厚朴,1两,桂,3分,阿魏,半两,肉豆蔻,3枚,缩砂,半两,草豆蔻,3枚,甘草,3分,黑附子,1两,荜茇,1分,白术,半两
#6801#,南硼砂,5钱,硇砂,5钱,乳香,5钱,铜绿,5钱,螺儿粉,5钱,4味入猪胆汁和膏,None,摊碗内,None,艾烟熏,None,就入：轻粉,1钱,沙糖,1钱,麝香,1钱,龙脑,半钱,猪胆,2个
#6851#,白矾,1钱,粉霜,1钱,朱砂,1钱,天南星,1钱,蜈蚣,2条,白僵蚕,7枚,麝香1字,None,鹞鸱头,1枚
#6901#,百部,1两半,百合,1两半,木通,1两半,芍药,1两半,枳壳,2片,茯苓,2两,柴胡,2两
#6951#,前胡,None,柴胡,None,葶苈,None,半夏,None,麻黄,None,羌活,None,独活,None,桔梗,None,人参,None,陈皮,None,白术,None,枳壳,None,甘草,None,茯苓,None,芎?,None,石膏,None,杏仁,None
#7001#,黄蜀葵花,7枚,黄柏,半两,黄连,2钱,栀子,3枚,郁金,1枚
#7051#,丁香,50个,陈皮,3钱,茴香,3钱,三棱,3钱,莪术,3钱,砂仁,30枚,白豆蔻,30枚,干姜,3钱,生姜,1两,甘草,2钱
#7151#,乳香,3钱,没药,3钱,黑附子,3钱,血竭,3钱,川乌,3钱,草乌,3钱,檀香末,3钱,降香末,3钱,贝母,3钱,麝香,3钱,丁香,49粒,净蕲艾绵,1两
#7201#,龙骨,半两,麝,None
#7251#,白鲜皮,1两半,女萎,1两半,防风,1两半,细辛,1两半,升麻,1两半,苍耳,1两半,桂,1两半,黑附子,1两半,五味子,1两半,菖蒲,1两半,白蒺藜,1两半,黄耆,3两
#7351#,白附子,2两,黑附子,2两,黄狗头骨,4两
#7401#,白豆蔻,3分,白术,3分,甘草,半两,厚朴,半两,枳壳,半两,桂心,半两,陈皮,3分,高良姜,半两,茯苓,3分,半夏,半两,诃黎勒皮,3分,人参,3分
#7451#,白蜜,2升,腊月猪肪,1升,麻油,半斤,地黄,1升
#7551#,白薇,1两,紫石英,1两,琥珀,1两,芍药,1两,桂心,1两,续断,1两,防风,1两,茱萸,1两,当归,1两,柏子仁,1两,川乌,1两,丹皮,1两,木香,半两,麝香,半钱
#7601#,鹿茸,1两,白蔹,3分,狗脊,半两
#7651#,茯苓,1两半,芍药,1两半,芎藭,1两半,桂,1两,大腹皮,1两,枳壳,1两,地黄,1两
#7701#,丁香,1分,桑叶,1分,人参,1分,藿香,1分,白茅根,1分
#7751#,白芷,1两,黄连,1两,地榆,1两
#7801#,白花蛇,5两,露蜂房,2两,苦参,1两半,防风,1两,丹参,1两,栀子,1两,薯蓣,1两,秦艽,1两,玄参,1两,白蒺藜,1两,独活,1两
#7851#,当归,1两,芍药,1两,鹿茸,1两,地黄,1两
#7901#,螵蛸,3分,白及,3分,轻粉,1分
#7951#,白矾,1两,盐花,1两
#8001#,白石英,2两,皮硝,2两,凝水石,2两,茯苓,3两,人参,3两,地骨皮,3两,泽泻,3两,苦参,3两,甘草,3两,麦门冬,3两
#8051#,乳香,1钱,芸香末,1钱,铅粉,2钱,蓖麻子,1两
#8101#,零陵香,半两,白芷,半两,青盐,半两,升麻,半两,细辛,2钱,麝香,半钱,砂锅,1两,石膏,1两
#8151#,白杨皮,1握,地骨皮,1两,川椒,30粒,杏仁,1分,苍耳子,1分,高良姜,半两,地黄,半两,细辛,半两
#8201#,茯苓,半两,白术,半两,天南星,1两,白附子,1两,白矾,3分,半夏,3两
#8251#,羊肾,1具,白术,5两,生姜,6两,玄参,4两,泽泻,2两,芍药,3两,茯苓,3两,淡竹叶,2升,地黄,1升
#8301#,白术,None,厚朴,None,桂心,None,桔梗,None,干姜,None,人参,None,当归,None,茯苓,None,甘草,None
#8351#,白术,3分,木香,半两,诃黎勒皮,3分,桂心,3分,甘草,1分,丁香,半两,人参,半两,厚朴,1两,陈皮,1两,草豆蔻,1两
#8401#,白术,1两,草豆蔻,1两,槟榔,1两,甘草,半两,桂心,2分,桔梗,1两,人参,1两,前胡,3分,诃黎勒,1两,茯苓,3分,枳实,半两
#8451#,白术,半两,当归,半两,芎藭,半两,干姜,1分,陈皮,1分,甘草,1分
#8501#,白术,半两,五味子,半两,丁香,半两,人参,半两,款冬花,半两,细辛,1分
#8551#,白术,6分,干姜,6分,人参,6分,厚朴,6分,桂心,6分,细辛,6分,茯苓,6分,当归,6分,茯神,6分,积实,6分,五味子,6分,黑附子,6分,茱萸,6分,远志,5分,旋覆花,4分,泽泻,5分
#8601#,薄荷,2两,冰片,6钱,石膏,20两,滑石,20两
#8651#,白垩,18铢,龙骨,18铢,芍药,18铢,黄连,半两,当归,半两,茯苓,半两,黄芩,半两,瞿麦,半两,白蔹,半两,石韦,半两,甘草,半两,牡蛎,半两,细辛,半两,黑附子,半两,禹余粮,半两,白石脂,半两,人参,半两,乌贼骨,半两,藁本,半两,甘皮,半两,大黄,半两
#8701#,白前,3两,桑白皮,3两,地黄,1升,茯苓,5两,地骨皮,4两,麻黄,2两,生姜,6两
#8751#,白僵蚕,半两,麝香,半两,乌蛇,半两,丹参,半两,干蝎,半两,木香,半两,龙骨,半两,蝉蜕,半两,杜仲,半两,天麻,半两,原蚕蛾,半两,雄黄,半两
#8801#,猬皮,1个,皂角刺,2两,藤子,1个,猪牙皂角,1两,白矾,半两
#8851#,槟榔,1个,木香,None,黄蜀葵花,None,黄连,None
#8901#,槟榔,3钱,生姜,3片,紫苏7叶,None,陈皮,3枚
#8951#,槟榔,3分,羚羊角,3分,木香,3分,郁李仁,3分,茱萸,1分,陈皮,3分
#9001#,槟榔,1两,桑白皮,1两,紫苏,1两,诃黎勒皮,1两,罗卜子,1两
#9051#,槟榔,1个,木香,1钱
#9101#,槟榔,半两,防己,3分,芍药,3分,羚羊角,3分,人参,半两,茯苓,半两,薏仁,1两1分,独活,3分,芎?,半两,桂,半两,黑附子,1两,防风,1两,枣仁,3分,当归,半两,柏子仁,半两,杏仁,3分,地黄,1两
#9151#,槟榔,1分,丁香,1分,大黄,半两,桂心,1分,陈皮,半两,诃黎勒皮,半两,人参,1分
#9201#,慈竹1段,None,黄柏,None
#9251#,柏子仁,25g,党参,25g,黄芪,100g,川芎,100g,当归,100g,茯苓,200g,远志,25g,枣仁,25g,肉桂,25g,五味子,25g,半夏,100g,甘草,10g,朱砂,30g
#9301#,柏子仁,1两,巴戟天,2两,远志,1两,五味子,1两,牛膝,2两,地黄,3两,桂,1两,肉苁蓉,2两,鹿茸,1两半,菟丝子,1两半,破故纸,2两,干漆,1两
#9351#,侧柏叶,3分,芍药,3分,艾,3分,地黄,1两,禹余粮,1两,麒麟竭,1两,当归,3分,牛角,3分
#9401#,斑蝥,6两,黄蜡,9两,猪脂,3两
#9451#,川芎,45克,菊花,30克,蔓荆子,60克,蝉蜕,30克,蛇蜕,9克,蒙花,60克,薄荷,15克,木贼草,60克,荆芥,30克,黄连,15克,楮桃仁,15克,地骨皮,30克,花粉,18克,炙草,9克,川椒,21克,当归,45克,白蒺藜,45克
#9501#,蔓荆子,2钱,木贼草,2钱,蒙花,2钱,川芎,2钱,白蒺藜,2钱半,当归,2钱半,甘菊,2钱,薄荷,5分,黄连,6分,蝉蜕,6分,楮实,6分,花粉,6分,地骨皮,8分,川椒,7分,甘草,4分
#9551#,乳香,5钱,蟾酥,5钱,白信,5钱,没药,5钱,丁香,5钱,血竭,5钱,麝香,1分,斑蝥,5钱,胆矾,2分,雄黄,3分,灵磁石,5钱,蓖麻仁,30粒
#9601#,槟榔,1个,红娘子,1个,狗脊,1两,丹参,1两,赤石脂,1两,黄连,1两,轻粉,1钱
#9651#,琥珀,5钱,辰砂,3钱,雄黄,7钱,胆南星,2两1钱,僵蚕,4钱,全蝎,3钱,丹参,1钱,麝香,5分,天竺黄,7钱,茯苓,1两
#9701#,蒲黄,None,螺儿清,None
#9751#,黄连,1钱,黄芩,1钱,大黄,1钱,栀子,1钱,青黛,1钱,细辛,3分,干姜,3分
#9801#,巴豆,1枚,丹参1字,None,干姜1字,None,麝香1字,None
#9851#,巴戟天,半两,茴香,1两,胡桃仁,1两
#9901#,当归,2两,黄连,4两,白芍,2两,白术,1两,山楂,1两,石莲子,1两,苍术,1两,枳壳,3钱,麦芽,1两,神曲,1两,肉豆蔻,1两,木香,1两
#9951#,大黄,None,巴霜,None,葛根,None
#10001#,半夏,15克,茯苓块,15克,川连,3克,厚朴,9克,通草,24克
#10051#,半夏,30铢,茯苓,18铢,地黄,18铢,陈皮,12铢,细辛,12铢,人参,12铢,芍药,12铢,旋覆花,12铢,芎藭,12铢,桔梗,12铢,甘草,12铢,生姜,30铢
#10101#,半夏,5两,白术,3两,茯苓,2两,人参,2两,桂,2两,甘草,2两,黑附子,2两
#10151#,半夏,1两,茯苓,2两
#10201#,半夏,5两,麦门冬,5两,茱萸,3两,当归,3两,阿胶,3两,干姜,1两,枣仁,12个
#10251#,半夏,1两,前胡,1两,射干,1两,白术,1两,桂心,1两,人参,1两,枳壳,1两
#10301#,半夏,半两,知母,半两,桔梗,半两,黄耆,1两,柴胡,2两,鳖甲,1两,人参,半两,茯苓,半两,秦艽,半两,麦门冬,半两,芍药,半两,甘草,1分,乌梅肉,半两,大腹皮,3分
#10351#,半夏,1升,厚朴,3两,茯苓,4两,生姜,5两,干苏叶,2两
#10401#,半夏,1分,甘草,4分,远志,4分,干姜,2分,桂心,2分,细辛,2分,椒,2分,黑附子,2分
#10451#,冰片,2.4克,人中白,3克,黄柏,3克,蒲黄,3克,薄荷,4.5克,黄连,4.5克,甘草,1.5克,青黛,1.5克,硼砂,1.5克,朴消,1.5克,枯矾,None
#10501#,冰片,5分,硼砂,5分
#10551#,藿香,半斤,白芷,1斤,前胡,1斤,黄耆,2斤,甘草,2斤,人参,2斤,羌活,3斤,防风,3斤
#10601#,白术,None,茯苓,None,山药,None,莲肉,None,芡实,None,陈皮,3两,甘草,3两,腊米,3升
#10651#,八物汤加阿胶,None,艾叶,None
#10701#,天龙,4条,全蝎,7个,甲片,2钱,儿茶,1钱,蝉蜕,1钱,雄精,1钱5分,冰片,3分,麝香,2分
#10751#,藿香,1两,破故纸,1两,大腹皮,1两,槟榔,1两,雄黄,1两,轻粉,1两,丹参,1两,枯白矾,1两
#10801#,黄芩,5钱,黄连,5钱,黄柏,5钱,蒲黄,5钱,雄黄,2钱,蛇蜕,2钱,鸡内金,2钱,丁香,2钱
#10851#,茱萸,24克,山药,24克,丹皮,24克,云苓,24克,泽泻,15克,熟地,24克,五味子,15克,炙黄耆,30克
#10901#,五加皮,6两,白术,4两,何首乌,3两,生地,3两,当归,3两,虎胫骨,2两,续断,2两,杜仲,2两
#10951#,地黄,30两,五味子,4两,天门冬,12两,菖蒲,6两,远志,4两,石韦,4两,茯苓,2两,桂心,2两
#11051#,山药,4两,杜仲,3两,续断,2两
#11101#,金箔,200片,腻粉,半两
#11151#,蛇蜕皮,1分,丹参,1钱
#11201#,杏仁,4两,萝卜子,4两,麦糵,4两,神曲,4两
#11251#,羌活,6分,麻黄,6分,生地,4分,黄柏,4分,升麻,4分,甘草,4分,黄连,4分,归身,4分,防风,3分,川芎,3分,黄芩,3分,藁本,3分,柴胡,3分,干葛,3分,苍术,3分,红花,2分,细辛,2分,苏木,2分,陈皮,2分,白术,2分,吴萸,1分,连翘,1分
#11301#,山楂,6钱,苍术,3钱,白术,3钱,半夏,3钱,黄芩,3钱,茯苓,3钱,陈皮,3钱,萝卜子,2钱,黄连,4钱,神曲,4钱,茱萸,1钱,连翘,1钱
#11351#,粉草,None,升麻,None,当归,None,川芎,None,黄耆,None,芍药,None,山栀,None,乳香,None,黄芩,None,羌活,None,桔梗,None,花粉,None,青皮,None,白芷,None
#11401#,丁香,2钱,木香,2钱,槟榔,3钱,川楝,3钱,锡灰,3钱,干漆,3钱,巴霜,1钱
#11451#,大石蟹,1个,黄连,None,黄柏,None,黄芩,None,大黄,None,细辛,None,桔梗,None,防风,None,荆芥,None,栀子,None,薄荷,None,羌活,None,乌药,None,陈皮,None,枳壳,None,前胡,None,当归,None,姜黄,None,木贼,None,菊花,None,干姜,None,桑白皮,None
#11551#,白芷,160两,川芎,40两
#11601#,生地,1两,薄荷,1两,独活,1两,赤芍,1两,川芎,1两,川羌,1两,连翘,1两,香附,6钱,荆芥,6钱,当归,6钱,防风,6钱,桃仁,6钱,米仁,6钱,青皮,6钱,加皮,6钱,丹皮,6钱,杜仲,6钱,川柏,6钱,玄胡,6钱,白芍,6钱,白芷,6钱,牛膝,6钱,红花,6钱,白鲜皮,6钱,木通,6钱,苏木,6钱,木瓜,6钱,甘草,6钱,厚朴,6钱,苏梗,6钱,枳实,6钱,枳壳,6钱,秦艽,6钱,川断,6钱,黄耆,6钱,甘松,6钱,三棱,6钱,山奈,6钱,玄参,6钱,刘寄奴,6钱,骨碎补,6钱,铅粉,72两
#11651#,人参,1两,白术,2两,干姜,5分,甘草,5分,肉豆蔻,7钱
#11701#,肉豆蔻,1枚,缩砂,7枚,诃黎勒,3枚,铅丹,2钱,胡粉,2钱,龙骨,2钱,白矾,1分,天仙子,1分
#11751#,羌活,1两,黑豆,半升
#11801#,川芎,1两,苏木,1两,丹皮,1两,蒲黄,1两,乳香,1两,没药,1两,草乌,1两,血竭,1两,乌药,1两,菖蒲,1两,黄芩,1两,益母草,4两,生地,4两,败龟板,4两,熟地,4两,夏枯草,4两,枸杞,4两,当归,4两,阿胶,2两,苦参,2两,苁蓉,2两,知母,1两5钱,地骨皮,1两5钱,人参,1两5钱,琐阳,5钱,牛膝,3两,柴胡,3两,藁本,3两,升麻,3两,桃仁,1两5钱,芍药,1两5钱,柴胡,1两5钱,红花,1两5钱
#11851#,生地,6钱,赤芍,4钱,香附,4钱,青皮,4钱,郁金,6钱,元胡,4钱,没药,3钱,海藻,3钱,夏枯草,5钱,薄荷,2钱,菊花,3钱
#11901#,当归,4两,地黄,2斤,地黄,4两,枸杞,1斤,白芍,1斤,人参,4两,五味子,1两,麦门冬,5两,地骨皮,4两,白术,4两,茯苓,12两,莲肉,4两,山药,5两,贝母,3两,甘草,3两,琥珀,1钱3分,薏仁,8两
#11951#,白术,1分,茯苓,1分,甘草,1分,藿香,1分,草果子,1分,丁香,2钱
#12051#,竹沥,5升,甘草,1两,秦艽,1两,葛根,1两,黄芩,1两,麻黄,1两,防已,1两,细辛,1两,桂心,1两,干姜,1两,防风,1两半,升麻,1两半,茯苓,2两,黑附子,2枚,杏仁,50枚
#12101#,生玳瑁,None,生犀以冷水浓磨汁200毫升,None
#12151#,牛膝许,1两,臭花娘根,None,许,1两
#12251#,独活,半两,丹参,半两,细辛,半两,五加皮,半两,牛膝,半两,川芎,半两,白僵蚕,半两,桑白皮,1两半,麻黄,1两,甘草,3分,杏仁,3分
#12301#,独活,半两,枳壳,1两,芎?,1两,防风,3分,当归,1两,细辛,1两,桂心,半两,赤箭,半两,羚羊角,半两
#12351#,独活,2两,黄耆,2两,桂,1两半,巴戟天,1两半,木香,3分,人参,3分,枳壳,3分,泽泻,3分,茯苓,3分,龙齿,3分,天雄,1两,白蒺藜,1两,芍药,半两
#12501#,石胆,1分,黄连,3分,黄柏,3分,蕤仁,半两,铜青,半两,皮硝,半两
#12551#,鹅不食草,650g,辛夷花,150g
#12651#,枳实,1两,茯苓,1两,人参,1两,槟榔,1两,白术,半两,黑牵牛,8两
#12701#,杜仲,1两半,远志,3分,地黄,1两,桂心,1两,茯苓,1两,枳壳,1两,牛膝,1两半,菟丝子,2两,羌活,1两
#12801#,花蕊石,2两,丹参,2两,黄丹,2两,牡蛎,2两,蚌粉,2两,自然铜,1两,草乌,4两,骨碎补,2两,防己,2两,龙骨,2两,乌药,2两,虎骨,2两,乳香,2两,没药,2两,血竭,2两,白胶香,2两,安息香,2两
#12901#,当归,None,黄耆,None,地黄,None,川芎,None,地骨皮,None,芍药,None
#12951#,当归,None,钩藤,None,秦艽,None,丹皮,None,防风,None,青皮,None,黄芩,None,柴胡,None,甘草,None
#13001#,当归,4两,人参,2两,厚朴,2两,葱白1虎口,None,胶,2两,芎?,2两
#13051#,当归,30g,红花,20g,丹参,15g,月季花,15g,米酒,1500ml
#13101#,当归,1钱,川芎,1钱,芍药,1钱,红花,1钱,紫草,1钱,地黄,1钱5分
#13151#,当归,2钱,芍药,1钱半,独活,1钱,防风,1钱,茯苓,1钱,黄芩,1钱,秦艽,1钱,杏仁,8分,甘草,6分,桂心,3分
#13201#,当归,半两,芍药,半两,茯苓,半两,甘草,半两,栀子,半两
#13251#,京楂核,1钱,当归,1钱,川芎,1钱,川木通,1钱,茴香,1钱,川楝,1钱,杭青皮,1钱,猪苓,1钱,宣泽泻,1钱,木香,5分,黑栀仁,5分
#13301#,当归,1两,丹皮,1两,芍药,1两,延胡索,1两,芎?,1两,桂,半两,黄芩,半两,地黄,半两,甘草,半两,水蛭,半两,紫葳,半两
#13351#,当归,1两,京三棱,1两,鳖甲,1两,槟榔,1两,茯苓,2分,芍药,2分,桑白皮,2分,大黄,2两,郁李仁,1两半,牵牛子,3两,桂心,半两,枳壳,半两
#13401#,当归,None,芍药,None,香附,None
#13451#,当归,2两,麻黄,4两,桂心,2两,芎?,1两,海桐皮,1两,干姜,1两,杏仁,1两,独活,2两,甘草,1两
#13501#,当归,1钱,地黄,2钱
#13551#,黄连,None,黄芩,None,黄柏,None,黄耆,None,地黄,None,当归,None,栀子,None,浮小麦,None
#13601#,当归,1两,芎?,1两,芍药,1两,苦楝子,1两,硇砂,1两,蒲黄,半两
#13651#,山栀仁,1钱5分,五灵脂,1钱,草豆仁,1钱,蒲黄,1钱
#13701#,半夏,4两,天南星,1两,枳实,1两,陈皮,None,茯苓,1两
#13751#,茯苓,6克,滑石,6克,知母,9克,泽泻,9克,黄柏,12克
#13801#,半夏,250克,天南星,250克,干姜,500克
#13851#,茯苓,2两,人参,1两,白附子,1两,枣仁,1两半,麝香,1分,辰砂,半两
#13951#,人参,3钱,白术,3钱,阿胶,3钱,干姜,1钱,黑附子,1钱,枣仁,5个,粳米1撮,None
#14001#,人参,1两,白术,1两,茯苓,1两,枳实,1两,石莲肉,1两,陈皮,1两,韭子,1两,半夏,5钱,远志,5钱,枣仁,5钱,牡蛎,3钱,甘草,1钱半
#14051#,肉桂,1钱,陈皮,1钱,红花,1钱,干漆,1钱,当归,1钱,泽兰,1钱,荆芥,1钱,川芎,8分,生地,2钱,蒲黄,1钱5分,赤芍,1钱5分
#14101#,丁香,7个,蝎梢,49条,半夏,3个
#14201#,白矾,None,滑石,None
#14251#,蟾酥,半钱,轻粉,半钱,白矾,1钱,寒水石,1钱,铜绿,1钱,乳香,1钱,没药,1钱,麝香,1钱,朱砂,3钱,蜗牛,20个
#14301#,豉,5合,甘草,2两,桂心,2两,大黄,4两,皮硝,半斤
#14351#,大黄,1两,芫花,1两,蓬莪术,1两,咸消,1两,桃仁,1两,朱粉,半分
#14401#,大黄,3两,麦门冬,1两,栀子,14枚,黄芩,2两,皮硝,2两,甘草,2两
#14451#,大黄,1两半,桔梗,1两,黄芩,1两,玄参,1两,羚羊角,1两,人参,1两,茯苓,1两
#14501#,大黄,2两,木通,2两,葶苈,2两
#14551#,大黄,半两,郁金,半两,黄药,半两,腻粉,半两,猪牙皂荚,半两
#14601#,大黄,半两,诃黎勒,半两
#14651#,大黄,半两,柴胡,半两,茯苓,1分,人参,1分,木香,1分,桂心,1分,枳壳,1分,槟榔,半两,桃仁,2分
#14701#,大胡麻,1斤,苦参,1斤,白蒺藜,1斤,生地,1斤,薏仁,4两,防风,4两,荆芥,4两,当归,6两,威灵仙,8两,苍术,6两,羌活,3两,独活,3两,海风藤,6两,全蝎,4两,乌梢蛇,8两,丹皮,4两,蕲蛇,8两,秦艽,6两,干浮萍,8两,角针,8两,知母,8两,苍耳草,8两,僵蚕,4两,地肤子,6两,白鲜皮,8两,白附子,4两,蝉衣,4两,豨莶草,8两,黄连,2两,夏枯草,8两,川芎,4两,蛇床子,4两,黑芝麻,2升,甘菊,4两,何首乌,6两,杏仁,4两,枫子仁,2斤
#14751#,沉香,半两,鳖甲,1两,柴胡,半两,人参,半两,桔梗,半两,茯苓,半两,川芎,半两,藿香,半两,羌活,半两,木香,半两,陈皮,半两,丹皮,半两,安息香,半两,当归,半两,厚朴,半两,京三棱,半两,官桂,半两,黑附子,半两,牛膝,半两,桃仁,半两,和皮大腹子,1分
#14801#,大青,2两,石膏,3两,香豉,2合,葛根,1两,栀子,1两,地黄,2两,川皮硝,3两,甘草,半两
#14851#,大青,2两,甘草,1两,阿胶,1两,豉,3两,白术,1两,陈皮,1两
#14901#,地黄,45克,丹参,37.5克,杏仁,37.5克,川椒,37.5克,泽泻,15克,黄耆,15克,茯苓,15克,大豆,15克,薯蓣,15克,茯神,15克,前胡,15克,铁精,15克,柏子仁,15克,羌活,60克,桂心,60克,秦艽,60克,芎藭,60克,人参,60克,麦门冬,60克,远志,60克,丹砂,60克,阿胶,60克,甘草,60克,大黄,60克,银屑,60克,螵蛸,12枚,枣仁,40枚,白蔹,60克,当归,60克,干姜,60克,紫石英,60克,防风,60克
#14951#,甘遂,1分,地黄,1两,槟榔,2枚,麦糵,半两,铅白霜,1分
#15001#,桑白皮,3升,大豆1斗,None
#15051#,人参,None,黄耆,None,生地,None,甘草,None,当归,None,川芎,None,白芍,None,桂心,None,木香,None,青皮,None
#15101#,蜈蚣,2条,鱼鳔,5钱,左蟠龙,5钱
#15151#,菟丝子,60克,苁蓉,60克,黑附子,30克,五味子,30克,鹿茸,30克,鸡腿胫,30克,螵蛸,30克
#15201#,大腹皮,5枚,枳壳,1两,芍药,1两,秦艽,半两,羌活,半两,天门冬,3分,地黄,1两,甘草,3分,郁李仁,半两
#15251#,大腹皮,2两,桔梗,3分,枳壳,1两,白术,半两,当归,1两,大黄,2两,桂心,半两,木香,半两,芎?,3分
#15301#,麻黄,1两,人参,1两,黄芩,1两,芍药,1两,芎?,1两,甘草,5钱,杏仁,1两,防风,1两,桂心,1两,黑附子,1两
#15351#,白芷,1升,白术,1升,前胡,1升,茱萸,1升,芎?,2升,川椒,3两,细辛,3两,当归,2两,桂心,2两,苦酒,4升
#15401#,白僵蚕,3钱,蝉蜕,12个,全蝎,3个,当归,2钱,生地,2钱,金银花,2钱,泽兰,2钱,泽泻,1钱,木通,1钱,车前子,1钱,黄连,1钱,黄芩,1钱,栀仁,1钱,五味子,1钱,麦冬,1钱,龙胆草,1钱,丹皮,1钱,知母,1钱,甘草,5分
#15451#,柴胡,1两,秦艽,1两,常山,1两,贝母,1两,甘草,1两,乌梅,1两,山栀,1两,豉心,1两,鳖甲,1两,黄芩,1两,生姜,半两,大黄,半两,桃枝,1握,柳枝,1握,葱白,1握,薤白,1握,糯米,半合
#15501#,蝉蜕,None,白蒺藜,None,羌活,None,荆芥,None,黄耆,None,乌蛇皮,None
#15551#,天麻,3两,羚羊角,3分,羌活,1两,防风,1两,芎?,1两,菊花,3分,茱萸,3分,薯蓣,3分,细辛,3分,藁本,3分,独活,1两,秦艽,3分,麻黄,1两,枳壳,1两,白蒺藜,1两,蔓荆子,3分,黄耆,3分,鹿角胶,3分,枣仁,3分,丹参,半两,莽草,半两,地骨皮,半两,白鲜皮,半两,防己,3分,桂心,3分,黑附子,3分,牛膝,3分,薏仁,3分,杜仲,半两,石南,半两,当归,3分,地黄,3分,萆薢,半两,侧子,3分,苍耳苗,半两,干姜,3分,阿胶,3分,犀角屑,3分,人参,3分,白术,3分,川椒,3分,白芷,3分,茵芋,3分,甘草,半两,杏仁,半两
#15601#,荜茇,120克,肉桂,120克,干姜,180克,良姜,180克
#15651#,川乌,1两,当归,1两,赤芍,1两,苏木,1两,没药,1两,乳香,1两,穿山甲,2两,独活,2两
#15751#,肉豆蔻,1两,丁香,1两,厚朴,1两,白术,1两,半夏,1两,陈皮,1两,丹参,1两,黑附子,1两,干姜,1两,桂,1两
#15801#,白术,6钱,枳壳,6钱,黄芩,6钱,厚朴,5钱,香附,5钱,苍术,5钱,草果,5钱,木瓜,5钱,赤曲,5钱,三棱,5钱,蓬术,7钱,青皮,1两,川芎,1两,芍药,1两,神曲,1两,枳实,1两,菖蒲,1两,茴香,1两,肉桂,1两,甘草,1两,乳香,1两
#15851#,天雄,None,沉香,None,防风,None,天南星,None,薄荷,None,地龙,None,木香,None,全蝎,None
#15951#,生地,None,熟地,None,枸杞,None,地骨皮,None,黄芩,None,天门冬,None,芍药,None,黄耆,None,甘草,None
#16001#,地黄汁,5升,当归,500克,芍药,250克,甘杞子,250克,天门冬,180克,川芎,60克,麦门冬,180克,莲肉,120克,丹皮,60克,知母,90克,地骨皮,90克,人参,30克,甘草,30克
#16051#,地黄,5斤,巨胜子,3两,牛膝,2两,威灵仙,2两,生黄精,3斤,鹿角胶,2两,桂心,2两,黑附子,3两,干漆,2两,破故纸,3两
#16101#,地黄,1斤,白蜜,5两,马牙消,3两
#16151#,地黄,1两,葱白,5茎,白茅根,1两
#16201#,绿豆粉,1两,滑石,1两,地黄,2两,甘草,半两
#16301#,菖蒲,4两,蜜,半两,地黄汁1中盏,None
#16351#,地骨皮,1两,白杨皮,1握,地黄汁,1合,细辛,1分,川椒,1分,杏仁,20枚,盐,2钱,苍耳,半两
#16401#,地骨皮,1分,荆芥,2两,石膏,2两,白花蛇,1两,天南星,1两
#16451#,地黄,4两,天门冬,4两,枳壳,2两,菊花,2两
#16501#,当归,5钱,生地,3钱,地榆,2钱,花粉,2钱,黄芩,1钱,甘草,1钱,苏叶,1钱,大黄,1钱
#16551#,地榆,1两,芍药,1两,阿胶,3分,甘草,1分,艾叶,1两,小蓟根,1两
#16601#,熟地,60g,玄参,60g,菊花,60g,石膏,30g,升麻0.,5g,蜂蜜,60g
#16751#,大黄,None,杏仁,None
#16801#,当归,3钱,生地,3钱,乳香,2钱,没药,2钱,苏木,2钱,川芎,1钱,枳壳,1钱,穿山甲,1钱,甘草,1钱
#16851#,丹砂,半两,粉霜,3钱,腻粉,4钱,铅丹,4钱,白矾灰,3钱,皮硝,2钱,砒霜,2钱
#16901#,丹砂,1分,麝香,半钱,陈石灰,1分,铅丹,1分,猪筒骨,1枚
#16951#,丹砂,2两,柴胡,4两
#17001#,白芍,2钱,生地,3钱,熟地,2钱,乌梅,5个,丹皮,3钱,当归,5钱,地骨皮,3钱
#17051#,丹参,2两,桑白皮,2两,菊花,1两,莽草,1两
#17101#,丁香,1钱半,草果,3个,麦门冬,半两,人参,2钱,茯苓,2钱半,半夏,2钱,甘草,2钱,淡竹叶数叶,None
#17151#,丁香,2两,白术,4两,甘草,1两,干姜,半两,枇杷叶,7片,草豆蔻,5枚
#17201#,丁香,7粒,肉豆蔻,1个,木香,1钱,藿香,半钱,桂心,半钱
#17251#,丁香,半两,半夏,半两,人参,3分,甘草,1分,柴胡,3分,陈皮,3分,干木爪,1两,厚朴,2两,白豆蔻,3分,诃黎勒,1两,黑附子,1两,高良姜,3分
#17301#,丁香,1两,红豆,2两,半夏,2两,白术,2两,陈皮,3两
#17351#,丁香,1钱,丹参,1钱,胡椒,1钱,桂,1钱,陈皮,1分,黑附子,1分,肉豆蔻,1枚
#17401#,公丁,2两,木香,2两,沉香,2两,白术,8两,香附,4两,砂仁,4两,党参,4两,草蔻,2两,麦芽,2两,陈皮,3两,豆蔻,2两,厚朴,5两,藿香,3两,青皮,2两,半夏,4两,甘草,2两,神曲,4两,草果,2两,茯苓,4两
#17451#,羚羊角,1两,木香,半两,青橘,半两,半夏,半两,羌活,半两,独活,半两,川芎,半两,藿香,半两,全蝎,半两,白花蛇,半两,白附子,半两,天麻,半两,槟榔,1两,朱砂,1两,麝香,半两,丹参,None,龙脑,None
#17501#,阿胶,2两,赤小豆1钟,None
#17551#,阿胶,3分,茯苓,3分,白术,3分,当归,1两,陈皮,1两,芎?,3分,甘草,1分
#17601#,阿胶,1两,龙骨,1两,当归,1两,细辛,1两,桂心,1两,蒲黄,5合,乱发,3两
#17651#,阿胶,6分,鳖甲,6分,续断,5分,龙骨,1两,芎?,6分,地胆,4分,鹿茸,5分,乌鱼骨,8钱,丹参,6钱,龟甲,1钱
#17701#,当归,1钱,白术,1钱,贝母,1钱,陈皮,8分,砂仁,5分,栀子,8分,香附,1钱,藿香,8分
#17751#,黄连,None,黄柏半,None
#17801#,木香,3克,当归,3克,香附,3克,川芎,3克,青皮,3.6克,丹皮,3.6克,枳壳3.,6克,生地,3.6克,蓬莪术,3.6克
#17851#,麻黄,None,杏仁,None,桔梗,None
#17901#,龙骨,1两,枯龟壳,半枚,1两
#17951#,石膏,3钱,猪苓,3钱,槐米,3钱,茯苓,5钱,防己,5分,黄芩,1钱
#18001#,大黄,None,朴消,None
#18051#,黑附子,None,半夏,None
#18101#,雄黄,2钱,明矾,2两
#18151#,知母,None,贝母,None,半夏,None,茯苓,None,陈皮,None,甘草,None
#18201#,苏子,半合,火麻子,半合
#18251#,棉花子,1斤,朴消,4两
#18301#,大黄,120克,牙皂,60克
#18351#,丹皮,1两,黑附子,1两,牛膝,1两,龙骨,2两,五味子,1两,官桂,1两,人参,1两,槟榔,2两,白术,1两,茯苓,1两,当归,1两,续断,1两,木香,1两,泽泻,1两,延胡索,半两,羌活,2两,藁本,1两,地黄,2两,芍药,1两,干姜,半两,茱萸,半两,干薯蓣,1两,缩砂仁,半两,石斛,3两,萆薢,1两,白芷,1两
#18401#,蓬术,1两半,玄胡索,1两,蛤粉,3两,陈皮,1两
#18451#,玄精石,2两,白矾,2两,皂矾,2两,火消,2两,硼砂,3钱,硇砂,3钱
#18501#,竹沥,4钱,地黄汁,4钱,龙脑,4钱,生姜,4钱,防风,4钱,麻黄,4钱,防已,3钱,黑附子,3钱,石膏,5钱
#18551#,黑附子,None,木香,None
#18601#,黑附子,2两,五味子,3两
#18651#,黑附子,None,人参,None,白术,None,干姜,None,肉桂,None,陈皮,None,茯苓,None,甘草,None,减半,None
#18701#,白术,2两,苍术,2两,芍药,1两,茯苓,2两,甘草,1两,黑附子,1两
#18751#,黑附子,1两,桂心,1两,五味子,1两,木香,1两,桃仁,1两,白蒺藜,1两
#18801#,黑附子,1两,沉香,1两,桂心,1两,木瓜,1两半,高良姜,1两
#18851#,黑附子,15克,大黄,18克,益母草,30克,黄芪,45克,皮硝粉,10克
#18901#,黑附子,1枚,菖蒲,1分,麝香,1钱,杏仁,1分,白矾,1分,蓖麻子,30粒
#18951#,防风,半两,鸡冠花,半两,续断,半两,甘草,半两,天麻,半两,人参,半两
#19001#,当归,1两,川乌,1两,羌活,1两,防风,1两,栝楼,1两,荆芥,1两,木贼,1两,甘草,半两,乌贼鱼骨,1两半
#19051#,防风,None,远志,None,桔梗,None,羚羊角,None,甘草,None,芍药,None,细辛,None,人参,None,黄芩,None
#19101#,防风,3分,菊花,3分,芎?,半两,芍药,半两,黄芩,1两,羚羊角,半两,细辛,3分,枳壳,半两,黄连,3分,甘草,半两,石膏,1两,人参,半两
#19151#,防风,1两,防己,1两,升麻,1两,桂,1两,麻黄,1两,芎?,1两,羚羊角,1两半
#19201#,防风,2两,泽泻,1两,细辛,1两,黑附子,1两,薯蓣,1两,茯苓,1两,天雄,1两,白术,2两半,桂心,1两半,干姜,半两
#19251#,防风,1两,茯苓,1两,白芷,1两,桔梗,1两,远志,半两,甘草,半两,人参,1两,芎?,1两,当归,1两,黄耆,1两,黑附子,半两,桂心,1两,赤小豆,1合,厚朴,2两
