夜交藤,15g,合欢花,9g,酸枣仁,12g,龙齿,9g,茯神,9g,麦冬,9g,石斛,12g,珍珠母,30g,白芍,9g,夏枯草,9g,朱砂,1g,琥珀,1.5g
丹参,300g,五味子,150g,石菖蒲,100g,安神膏,560g
丹参,30两,五味子,15两,石菖蒲,10两,珍珠母,200两,夜交藤,50两,旱莲草,30两,合欢皮,30两,生地,25两,菟丝子,30两,女贞子,40两
龙齿,3钱,石菖蒲,1钱
酒地,4两,圆肉,2两,当归,2两,白术,1两5钱,川芎,1两,石菖蒲,8钱,茯神,8钱,远志,8钱,酸枣仁,1两,黄芪,2两,白芍,1两,党参,1两,甘草,1两
莲子,2两,当归,1两,金樱子,1两,芡实,8钱,茯神,8钱,龙骨,8钱,锁阳,8钱,牡蛎,8钱,肉桂,4钱,黄连,3钱,远志,6分,酸枣仁,6分,莲须,6分,生地,5钱,黄柏,5钱,知母,5钱
茯神,None,远志,None,陈皮,None,半夏,None,杏仁,None,石菖蒲,None,麦冬,None,桔梗,None,甘草,None
人参,None,茯苓,None,远志,None,天麻,None,白附子,None,麦冬,None,全蝎,None,莲子,None,茯神,None,朱砂,None
茯苓,2两,甘草,1分,犀角,1分,人参,1两,远志,1两,石菖蒲,1两,白鲜皮,1两,石膏,0.5两
人参,3克,莲子,12克,莲须,3克,麦冬,6克,远志,6克,芡实,6克,甘草,3克
黄连,1钱半,龙胆草,1钱半,当归,1钱半,石菖蒲,1钱半,茯神,1钱半,全蝎,7个
朱砂,1两,酒黄连,1两半,生地,5两,当归,2两,甘草,5钱,人参,1两,白术,1两,茯神,1两,酸枣仁,1两,麦冬,8钱
合欢花,16两,土地黄,8两,玄参,8两,女贞子,16两,合欢皮,32两,丹参,48两,夜交藤,32两,桑椹子,40两
人参,2钱,天麻,2钱,防风,2钱,山药,2钱,地黄,2钱,甘草,2钱,琥珀,1钱,全蝎,20个,僵蚕,1钱半,朱砂,1钱半,金箔,10片
黄连,4.5克,朱砂,3克,酒生地黄,1.5克,酒当归身,1.5克,甘草,1.5克
当归,1两,人参,1两,茯苓,1两,酸枣仁,1两,生地,1两,黄连,1两,陈皮,1两,天南星,1两,天竺黄,5钱,牛黄,2钱,珍珠,2钱,琥珀,2钱
琥珀,6g,莲子,24g,党参,15g,白芍,15g,生地,9g,山药,15g,黄芪,9g,酸枣仁,9g,三七,3g,元胡,6g,乳香,4.5g,制没药,4.5g,茯神,9g,远志,6g,甘草,3g,双钩藤,9g
朱砂,1两,磁石,1两,赤石脂,1两,代赭石,1两,人中黄,1两,禹余粮,1两,乳香,1两,没药,1两
沉香,180g,广枣,180g,檀香,90g,紫檀香,90g,红花,90g,肉豆蔻,60g,天竺黄,60g,北沙参,60g
沉香,180g,广枣,180g,檀香,90g,紫檀香,90g,红花,90g,肉豆蔻,60g,天竺黄,60g,北沙参,60g
麦冬,1两,远志,1两,石菖蒲,1两,茯神,1两,茯苓,1两,白术,0.5两,人参,1两,牛黄,2钱
茯苓,1两,人参,1两,麦冬,1两,酸枣仁,1两,甘草,3分,朱砂,3分,生龙脑,1分
白矾,90克,郁金,210克
鲜百合,50克,杏仁,10克,粳米,50克,白糖,None
百合,30克,浮小麦,30克,莲子,15克,夜交藤,15克,大枣,10克,甘草,6克
山楂,5两,滑石,5两,苍术,2两5钱,胆南星,2两5钱,天竺黄,2两5钱,木香,2两5钱,砂仁,1两5钱,神曲,1两5钱,麦芽,1两5钱,钩藤,1两5钱,薄荷,1两5钱,僵蚕,1两5钱,茯苓,1两,桔梗,1两,甘草,1两,陈皮,2两5钱,朱砂,1两,牛黄,2钱
大黄,8两,皂角,2两,当归,4两,全蝎,1两,黄土,5钱,神曲,4两,天麻,4两,僵蚕,2两,赤金,150张,朱砂,4两
人参,1两,防风,1两,天麻,1两,麦冬,None,白附子,0.5两,僵蚕,0.5两,川羌,0.5两,石菖蒲,0.5两,朱砂,2钱,麝香,1钱
柏子仁,15克,党参,15克,白术,10克,半夏,6克,五味子,10克,牡蛎,20克,麻黄根,10克,浮小麦,15克,大枣,5枚
柏子仁,10～15克,粳米,50～100克,蜂蜜,None
柏子仁,10-15g,蜂蜜,None,粳米,50-100g
柏子仁,2钱5分,黄芪,1两,茯苓,2两,酸枣仁,2钱5分,川芎,1两,当归,1两,半夏曲,1两,甘草,1钱,人参,2钱5分,肉桂,2钱5分,五味子,2钱5分,远志,2钱5分
柏子仁,25g,党参,25g,炙黄芪,100g,川芎,100g,当归,100g,茯苓,200g,远志,25g,酸枣仁,25g,肉桂,25g,五味子,25g,半夏曲,100g,甘草,10g,朱砂,30g
柏子仁,None,枸杞子,3两,麦冬,1两,当归,1两,石菖蒲,1两,茯神,1两,熟地,2两,玄参,2两,甘草,5钱
鹿角胶,10两,鹿角霜,10两,菟丝子,None,酒浸两宿,None,柏子仁,10两,熟地,None,酒浸,None,蒸焙,10两
半夏,150克,白矾,90克,朱砂,90克,樟丹,60克
朱砂,1两,胆南星,1两,巴豆,3钱,神曲,1两5钱
全蝎,14个,防风,2钱,天南星,2钱,蝉蜕,2钱,僵蚕,2钱,天麻,2钱,琥珀,2钱,白附子,1钱,朱砂,1钱,麝香,5分
犀角,2钱,琥珀,2钱,甘草,2钱,人参,2钱,天麻,3钱,茯神,3钱,全蝎,12个,僵蚕,1钱,朱砂,1钱,防风,1钱,麝香,1字
苣胜子,None,破故子,None,牛膝,None,甘菊花,1两,天冬,1两,菟丝子,None,湿杵作饼,1两,枸杞子,1两,人参,1两,肉苁蓉,None,茯苓,1两,巴戟天,1两,酸枣仁,1两,柏子仁,1两,山药,1两,覆盆子,1两,五味子,1两,楮实子,1两,天雄,1两,肉桂,4两,生干地黄,8两
牛黄,3钱,天竺黄,1两,朱砂,1两,雄黄,3钱,麝香,5分,冰片,5分,琥珀,1两,珍珠,5钱,代赭石,3钱,蛇含石,3钱,金箔,4帖,银箔,4帖,天麻,3钱,防风,3钱,甘草,3钱,茯神,3钱,人参,3钱,僵蚕,5钱,血竭,5钱,远志,3钱,陈皮,1两,牛胆南星,1两
防风,1两2钱,天麻,1两2钱,天竺黄,1两2钱,川贝,1两2钱,桑叶,1两2钱,胆南星,1两,薄荷,1两,茯苓,1两,钩藤,1两,橘红,8钱,甘草,8钱,桔梗,8钱,僵蚕,4钱,远志,4钱,川羌,6钱,活蝎,20个,琥珀,8钱,犀角,1钱,羚羊粉,1钱,牛黄,1钱,麝香,1钱,冰片,4钱,珍珠,5分
杜仲,2两,贡白术,2两半,白芍,2两,故纸,2两,熟地,2两,远志,2两,当归,1两5钱,枸杞子,1两5钱,核桃仁,3两,牛膝,2两,黄芪,2两,海狗鞭,1具,川楝子,2两,川芎,1两5钱,人参,1两5钱,沉香,5钱,木香,1两,小茴香,1两5钱,甘草,1两,茯神,1两
柴胡,12克,龙骨,4.5克,黄芩,4.5克,干姜,4.5克,樟丹,4.5克,人参,4.5克,桂枝,4.5克,茯苓,4.5克,半夏,6克,大黄,6克,牡蛎,4.5克,大枣,6枚
石菖蒲,5分,远志,5分,人参,5分,桔梗,5分,牛膝,5分,肉桂,3分,茯苓,7分,附子,4分
酸枣仁,1两,代赭石,None,醋淬,1两,乳香,1两,茯神,1两半,朱砂,0.5两,麝香,1钱
白矾,0.5两,朱砂,0.5两,天南星,1两,半夏,3两
朱砂,0.5两,天南星,0.5两,白矾,0.5两,半夏,3两,作饼,None
石菖蒲,1两,远志,None,人参,1两,茯神,1两,川芎,1两,山药,1两,铁粉,1两,麦冬,1两,天麻,1两,半夏曲,1两,天南星,1两,白附子,1两,细辛,0.5两,朱砂,0.5两
石菖蒲,30克,远志,30克,人参,30克,茯神,30克,川芎,30克,山药,30克,铁粉,30克,麦冬,30克,天麻,30克,半夏曲,30克,天南星,30克,白附子,30克,细辛,15克,朱砂,15克
知母,30克,黄连,30克,天冬,30克,麦冬,45克,朱砂,9克
人参,15克,茯苓,15克,甘草,30克,僵蚕,7.5克,白术,15克,桔梗尾,7.5克,朱砂,15克,全蝎,5个,金银箔,6片,麦冬,15克,木香,15克,酸枣仁,30克,壳,None,大赭石,15克
人参,0.5两,茯苓,0.5两,甘草,1两,僵蚕,2钱半,白术,0.5两,桔梗尾,2钱半,朱砂,0.5两,全蝎,5个,金箔,6片,银箔,6片,麦冬,0.5两,木香,0.5两,酸枣仁,1两,蚌粉,0.5两,大赭石,0.5两
黄芪,1两,茯神,1两,人参,1两,酸枣仁,1两,熟地,1两,远志,0.5两,五味子,0.5两,柏子仁,0.5两
黄芪,30克,茯神,30克,人参,30克,酸枣仁,30克,熟地,30克,远志,15克,五味子,15克,柏子仁,15克
茯神,2两,远志,2两,人参,5钱,白术,4两,水洗,None,茯苓,2两,橘红,1两5钱,川贝,1两5钱,甘草,3钱,紫菀,1两,阿胶,1两,五味子,5钱,当归身,3两,生地,1两5钱,白芍,2两,熟地,1两5钱,天冬,1两5钱,麦冬,1两5钱,菟丝子,2两,枸杞子,3两,黄柏,2两,山萸肉,2两,知母,1两
茯苓,None,麦冬,None,香附,None,陈皮,None,厚朴,None,黄芪,None,紫苏,None,茯神,None,黄芩,None,黄连,None,川芎,None,当归,None,白芍,None,地黄,None,人参,None,白术,None,木香,None,甘草,None
大枣,27枚,茯神,0.5两,粟米,2合
丹参,300g,米酒,None
丹参,4.5克,当归,4.5克,白术,4.5克,天冬,4.5克,麦冬,4.5克,川贝,0.6克,陈皮,0.6克,知母,0.6克,甘草,0.6克,石菖蒲,3克,黄连,1.5克,五味子,9粒
朱砂,3钱,牛黄,1钱,冰片,1钱,真珠末,1钱,白附子,1钱,犀角,1钱,麝香,1钱,天麻,4钱,人参,1分,天南星,None,干蝎,None
朱砂,30克,茯神,30克,人参,30克,天麻,30克,僵蚕,30克,天竺黄,15克,真珠末,15克,琥珀,15克,石菖蒲,15克,远志,15克,铅霜,7.5克,麝香,7.5克,水银沙子,7.5克,干蝎,7.5克,牛黄,7.5克
朱砂,30克,牛黄,3克,生龙脑,3克,麝香,3克,铅白霜,6克,天竺黄,6克,天麻,60克,人参,15克,茯苓,15克,甘草,15克
鲜生地,18克,辰茯神,6克,细木通,1.5克,原麦冬,3克,丹皮,6克,益元散,9克,淡竹叶,4.5克,莲心,30支,辰砂染灯心,20支,莹白童便,150毫升
生地,1两,人参,0.5两,白芍,0.5两,当归,0.5两,甘草,1分
公丁香,3钱,沉香,3钱,雄黄,3钱,青皮,3钱,黄芩,3钱,胡连,3钱,乳香,2钱5分,麝香,2钱5分,熊胆,2钱5分,檀香,3两,轻粉,4钱半,黄连,1两,黑丑,1两,三棱,1两,甘草,1两,莪术,1两,陈皮,1两,雷丸,None,鹤虱,1两,大黄,1两半,赤小豆,3两,巴豆,7个
熟地,12克,当归,9克,酒炒白芍,4.5克,川芎,2.4克,炒酸枣仁,9克,炒茯神,6克,远志,4.5克
人参,1钱,熟地,3钱,当归,2钱,茯神,2钱,附子,5分,肉桂,3分,泽兰,3钱,郁金,1钱,龙齿,8分,橘红,8分
公丁香,21枚,全蝎,49条,半夏,3个
生葛根,None,半合,None,干葛锉细,None,水浸,None,竹沥半合,None,火麻仁,1分,绿豆粉,1两,朱砂,0.5两,牛黄,1钱,麝香,1钱
人参,1两5钱,石菖蒲,1两,远志,1两,茯苓,1两,茯神,1两,朱砂,1钱,白术,5钱,麦冬,5钱
枸杞子,None,甘菊花,None,远志,None,捶破,None,车前子,None,生地,None,巴戟天,None,覆盆子,None,白术,None,肉苁蓉,None,酒浸,None,石菖蒲,9节,续断,None,菟丝子,None,昼夜,None,牛膝,None,用酒浸,None,细辛,None,何首乌,None,地骨皮,None
紫贝齿,None,龙齿,None,磁石,None,朱砂,None,琥珀末,None,丹参,None,石菖蒲,9节,半夏,None
丹参,45克,朱砂,6克,远志,15克,茯神,30克,人参,15克,石菖蒲,15克,熟地,45克,天冬,45克,麦冬,30克,甘草,30克
丹参,1两半,朱砂,2钱,远志,0.5两,茯神,1两,人参,5钱,石菖蒲,5钱,熟地,1两半,天冬,1两半,麦冬,1两,甘草,1两
菟丝子,120g,肉苁蓉,120g,天冬,60g,麦冬,60g,茯苓,60g,枸杞子,60g,五味子,60g,石菖蒲,30g,车前子,45g,山萸肉,60g,远志,30g,柏子仁,60g,覆盆子,45g,地骨皮,45g,牛膝,60g,生地,60g,熟地,60g,山药,60g,人参,60g,木香,60g,花椒,30g,泽泻,30g,杜仲,60g,巴戟天,60g,白酒,3000ml
生地,6～9克,麦冬,6～9克,酸枣仁,6克,生甘草,3克,玄参,4.5克,黄连,3～6克,茯苓,4.5克,川木通,4.5克
生玳瑁,0.5两,朱砂,0.5两,雄黄,0.5两,白芥子,0.5两
防风,1两,人参,1两,远志,1两,肉桂,1两,独活,1两,甘草,1两,茯神,1两半,细辛,0.5两,干姜,0.5两,白术,0.5两,酸枣仁,0.5两
大黄,56克,干姜,56克,龙骨,56克,桂枝,42克,甘草,28克,牡蛎,28克,寒水石,84克,滑石,84克,赤石脂,84克,白石脂,84克,紫石英,84克,石膏,84克
生地,6克,麦冬,6克,白芍,6克,石菖蒲,6克,石斛,6克,川丹皮,6克,茯神,6克,陈皮,3克,川木通,4.5克,知母,4.5克
茯苓细粉,None,米粉,None,白糖,None
朱砂,None,石菖蒲,None,人参,None,远志,None,茯神,None,真铁粉,None,半夏曲,None,天南星,None
朱砂,None,石菖蒲,None,人参,None,远志,None,茯神,None,茯苓,None,真铁粉,None,半夏曲,None,天南星,None
茯苓粉,30克,粳米,100克,大枣,20枚
茯神,1两,防风,3分,人参,1两,远志,3分,甘草,0.5两,龙骨,1两,肉桂,1分,独活,3分,细辛,3分,干姜,0.5两,白术,3分,酸枣仁,1两
龙骨,1两,干姜,1两半,细辛,1两半,白术,1两,茯神,3两,人参,2两,远志,2两,甘草,2两,肉桂,2两,独活,2两,酸枣仁,1两,防风,2两
茯神,1两,人参,1两,白鲜皮,1分,麦冬,3分,枳实,0.5两,羚羊角屑,0.5两,甘草,0.5两,龙齿,0.5两,防风,3分,黄芩,1分
益母草,10kg,槲寄生,1kg,风仙花全草,2株,五味子,150g,泽兰,1kg
甘草,3两,小麦,1升,大枣,10枚
甘草,9克,小麦,9～15克,大枣,10枚
小麦,50克,大枣,10克,甘草,15克
地黄,None,泽泻,None,麦冬,None,熟地,None,玄参,None,茯苓,None,仙茅酒,None,磁石,None,丹皮,None,珍珠母,None,五味子,None,夜交藤,None,制何首乌,None,浮小麦,None,钩藤,None
山萸肉,4两,莲须,2两5钱,茯神,2两,山药,2两,黄柏,1两5钱,远志,1两,五味子,1两
桑螵蛸,30g,石菖蒲,9g,远志,9g,五味子,9g,山萸肉,12g,龟板,15g,五倍子,9g,当归,9g,茯苓,9g,人参,9g
丹参,20g,旋覆花,10g,杏仁,10g,茯苓,10g,茜草,10g,干地龙,10g,薤白,10g,半夏,10g,山楂炭,10g,五灵脂,10g,生蒲黄,15g,陈皮,5g,建菖蒲,5g,远志,5g,琥珀末,3g,甘草,3g
党参,80g,白术,160g,炙黄芪,80g,甘草,40g,茯苓,160g,远志,160g,酸枣仁,80g,桂圆肉,160g,当归,160g,木香,40g,大枣,40g
颗块大朱砂,2两,灯心缠缚,None,用无灰酒蒸,None,炊久,None,金箔,20片,真银箔,10片,深红琥珀,1两,酸枣仁,2两,大远志,1两,白茯神,2两,罗参,2两,大当归,2两,龙齿,1两
颗块朱砂,2两,獖猪心,2个,灯心草,3两
肉桂,12克,牡蛎,12克,白芍,12克,龙骨,12克,甘草,12克,大枣,12枚,干姜,15克
桂枝,1两,甘草,2两,牡蛎,2两,龙骨,2两
拣人参,1两半,天冬,3两,麦冬,3两,生地,3两,熟地,1两,当归,1两,川芎,7钱,茯苓,1两,山药,1两,菟丝子,1两,枸杞子,1两半,肉苁蓉,1两半,川牛膝,1两半,杜仲,1两半,石斛,1两半,五味子,7钱,黄连,7钱,川黄柏,1两,知母,2两,杏仁,1两半,枳壳,1两,防风,8钱,菊花,1两,青葙子,1两,草决明,1两,蒺藜,1两,羚羊粉,1两,乌犀角,8钱,甘草,7钱
干山药,45克,牛膝,45克,山萸肉,30克,茯苓,30克,五味子,30克,肉苁蓉,30克,石菖蒲,30克,巴戟天,30克,远志,30克,杜仲,30克,用生姜汁并酒合和,30克,楮实子,30克,舶上茴香,30克,枸杞子,15克,熟干地黄,15克
何首乌,60克,枸杞子,30克,牛膝,30克,茯苓,30克,黄精,30克,甘桑椹,30克,天冬,30克,麦冬,30克,生地,120克,熟地,30克
琥珀,0.5两,朱砂,0.5两,京墨,0.5两,血苗灰,0.5两,新罗白附子,0.5两,百草霜,0.5两,黑衣,None,倒挂者亦得,None,又谓之乌龙尾,0.5两,麝香,1分,僵蚕,1分,川当归,None,去芦须,None
川朴消,5千克,羚羊角屑,90克,川升麻,90克,黄芩,90克,枳壳,60克,赤芍,60克,人参,60克,淡竹叶,60克,甘草,60克,木香,60克,槟榔,60克,葛根,45克,大青叶,45克,桑根白皮,45克,蓝叶,45克,川木通,45克,栀子,45克,朱砂,30克,苏木,90克,麝香,15克
黄连,8两,当归身,3两,玄参,4两,远志,2两,生地,3两,生甘草,1两,琥珀,1两,犀角,1两,酸枣仁,1两,白茯神,4两,朱砂,1两
牛黄,7.5克,琥珀,7.5克,雄黄,1.5克,赤苓,15克,胆南星,30克,全蝎,4.5克,朱砂,4.5克,天竺黄,10.5克,麝香,0.6克,僵蚕,9克
甘草,5钱,天竺黄,1两2钱,防风,1两2钱,天麻,1两5钱,茯苓,1两5钱,川羌,1两5钱,川贝,1两5钱,白附子,1两5钱,蝉蜕,1两5钱,胆南星,1两5钱,桔梗,1两5钱,全蝎,9钱,僵蚕,9钱,钩藤,9钱,人参,9钱,牛黄,5钱,珍珠,5钱,琥珀,1两,明雄黄,6钱,朱砂,6钱,麝香,9钱
山药,256g,朱砂,80g,甘草,48g,琥珀,24g,天竺黄,24g,檀香,24g,枳壳,16g,茯苓,24g,胆南星,16g,枳实,16g,人参,24g
琥珀,3钱4分,龙齿,3钱4分,远志,2钱7分,节菖蒲,2钱7分,酸枣仁,2钱,当归,2钱7分,茯神,2钱4分,沉香,2钱7分,香附,2钱7分,麦冬,2钱7分,天冬,2钱7分,柏子仁,2钱7分,生地,2钱,朱砂,2钱
琥珀,1两,天南星,1两,天麻,1两,朱砂,1两,僵蚕,0.5两,白附子,0.5两,白芷,0.5两,冰片,1钱
天南星,250克,用炭火,9千克,在坑内烧红,90克,去炭尽,90克,再将好酒,5千克,左右,90克,倾入在坑内,90克,大瓦盆盖覆周围,90克,以炭火拥定,90克,勿令泄气,90克,真琥珀,30克,人乳,90克,茯苓,90克,人参,90克,白茯神,90克,远志,60克,大辰砂,60克,用线缚住,None,再用酒,400毫升,石菖蒲,60克
真琥珀,None,真羚羊角,None,人参,None,白茯神,None,远志,None,甘草,None
琥珀,None,人参,None,茯神,None,远志,None,石菖蒲,None,乳香,None,酸枣仁,None,朱砂,None
人参,2钱,白芍,2钱,磁石,2钱,琥珀,2钱,朱砂,1钱,远志,8分,石菖蒲,8分,牛黄,4分
人参,1斤,用井水,3升,银锅内熬去水一半,None,取人参汁再熬成膏,None,附子,1枚,龙骨,1两,远志,1两,沉香,1两,安息香,None,滤去砂石,1两,琥珀,1两,巴戟天,0.5两,防风,0.5两,半夏曲,0.5两,莲心,0.5两,紫石英,0.5两,茯苓,0.5两,石菖蒲,0.5两,熟干地黄,0.5两,茯神,0.5两,柏子仁,0.5两,乳香,0.5两,麦冬,0.5两,牡蛎,0.5两,朱砂,0.5两,酸枣仁,0.5两
琥珀,1钱3分,乳香,1钱3分,没药,1钱3分,朱砂,1钱3分,麝香,None
黄芪,15克,当归,15克,熟地,15克,茯神,15克,白芍,30克,人参,30克,白术,30克,酸枣仁,30克,半夏,30克,陈皮,30克,北五味子,30克,肉桂,30克,天台,30克,乌药,30克,甘草,30克,麦冬,30克,木香,3克,沉香,3克
黄芪,1两,麦冬,1两,人参,3分,黄芩,3分,枸杞子,3分,茯神,1两,百合,0.5两,枳壳,0.5两,秦艽,0.5两,酸枣仁,3分,柴胡,1两,赤芍,0.5两,知母,0.5两,鳖甲,3两,炙令黄,None,杏仁,3分,尖双仁,None,甘草,0.5两,生干地黄,1两,郁李仁,3分
黄芪,1两,覆盆子,1两,牛膝,1两,山药,1两,五味子,1两,天冬,1两,人参,1两,茯苓,1两,牡丹,1两,泽泻,1两,附子,1两,鹿角胶,1两,山萸肉,1两,熟干地黄,1两,肉苁蓉,None
川朴消,5斤,大黄,2两,黄芩,3两,栀子,2两,犀角屑,1两,紫石英,2两,甘草,3两,竹茹,3两,麝香,0.5两,朱砂,1两,羚羊角屑,3两,郁金,2两
犀角粉,1g,羚羊角粉,1g,麝香,0.3g,牛黄,0.3g,冰片,0.3g,龙涎香,0.3g,珍珠,0.3g,琥珀,3g,朱砂,3g,薄荷脑,0.15g
黄芪,1钱,人参,1钱,砂仁,2钱,白茯神,2钱半,益智仁,6钱,莪术,3钱,山药,2钱半,远志,1钱半,桔梗,1钱,香附,1两,甘松,8钱半,牛黄,1分,麝香,3厘,金箔,10片,滑石,6两,去水,None,樟丹,None,煮水干为度,None,滑石用青色者佳,None,朱砂,1两,水煮半日,None,甘草,1两,木香,1钱,茯苓,2钱半
壁虎,1个,朱砂,None,冰片,None,麝香,None
丹参,1两,丹皮,1两,当归,3两,生地,2两,熟地,4两,桔梗,1两,生白芍,2两,天冬,2两,麦冬,2两,元胡,2两,川木通,1两,红花,2两,生阿胶,5钱,酸枣仁,5钱,远志,5钱,川楝子,4钱,陈皮,8钱,乌药,8钱,炒稻芽,1两,泽兰,3两,茯苓,2两,莲子,4两,龙胆草,2两,广木香,8钱,蝉蜕,1两,草蔻,5钱,香附,4两,枳壳,1两,生于术,8钱,青皮,1两5钱,厚朴,2两,炒益智仁,1两
丹参,30克,益智仁,30克,川木通,30克,当归,90克,桔梗,30克,生地,60克,龙胆草,60克,远志,15克,天冬,60克,酸枣仁,15克,麦冬,90克,草蔻,15克,川楝子,120克,乌药,24克,茯苓,60克,白芍,60克,白术,24克,建曲,120克,阿胶,15克,丹皮,30克,青木香,24克,藏红花,60克,枳壳,30克,陈皮,24克,熟地,120克,香附,12克,谷芽,30克,元胡,90克,青皮,45克
当归,1钱,白芍,8分,茯苓,8分,白术,1钱,陈皮,8分,知母,8分,川贝,8分,香附,8分,柴胡,3分,薄荷,3分,地骨皮,8分,甘草,3分,麦冬,8分
生地,None,白芍,None,丹皮,None,酸枣仁,None,麦冬,None,茯神,None,远志,None,石斛,None
鹿茸,2两,茯神,2两,菟丝子,None,酒浸,2两,大附子,2两,山萸肉,None,沉香,None,巴戟天,None,公丁香,None,人参,None,当归,None,阳起石,0.5两,橘红,3两,川厚朴,1两半,干姜,1两,肉苁蓉,1两,肉桂,1两,肉豆蔻,1两,牛膝,1两,杜仲,None,姜汁浸,1两,小茴香,1两,破故子,1两
白茯神,None,当归,None,远志,None,麦冬,None,知母,None,羚羊粉,None,犀角,None
白附子,2两,天南星,2两,半夏,2两,川姜,2两,天麻,1两,僵蚕,1两,干蝎,1两,川乌头,0.5两
熟地,15克,山萸肉,15克,茯神,15克,石菖蒲,9节,琥珀,12克,酸枣仁,30克,白人参,12克,甘草,9克,龙骨,30克,当归,12克,枸杞子,15克,肉苁蓉,12克
人参,90克,白茯神,60克,远志,60克,石菖蒲,60克,酸枣仁,60克,柏子仁,60克
茯苓,30克,人参,30克,远志,30克,石菖蒲,30克,黄连,30克,酸枣仁,30克,柏子仁,30克,当归,24克,生地,24克,木香,12克,朱砂,37.5克
白附子,2-1两,天南星,2-1两,半夏,2-1两,川姜,2-1两,僵蚕,1-2两,天麻,1-2两,干蝎,1-2两,川乌头,0.5两
代赭石,5钱,丹参,3钱,玄参,4钱,远志,2钱,石菖蒲,2钱,茯神,5钱,川贝,3钱,胆南星,2钱,橘红,1钱半,麦冬,3钱,钩藤,3钱
半夏,75克,茯苓,45克,厚朴,45克,茯神,30克,苏叶,30克,远志,15克,甘草,15克
半夏,10.5克,竹茹,4.5克,枳实,4.5克,陈皮,6.6克,茯苓,3.2克,甘草,3.2克,酸枣仁,3克,远志,3克,五味子,3克,人参,3克,熟地,3克
黄连,None,黄芩,None,山栀仁,None,黄柏,None,朱砂,None,雄黄,None
枇杷叶,30克,涂姜汁,30克,薏苡仁,30克,茯苓,30克,人参,30克,砂仁,30克,槟榔,22.5克,随风子,22.5克,可用楝实,22.5克,杜仲,22.5克,用姜汁与酒合和涂炙,22.5克,石斛,22.5克,酒拌,22.5克,藿香叶,22.5克,木香,22.5克,沉香,22.5克,陈皮,22.5克,谷蘖,15克,槟榔,15克,公丁香,15克,五味子,15克,白豆蔻,15克,青皮,15克,桑白皮,15克,白术,60克,神曲,7.5克,半夏,7.5克,干姜,7.5克,与半夏同捣烂,7.5克,甘草,45克
香附,1两,茯苓,4两,琥珀,5钱
合欢花,6克,郁金,6克,沉香,1.5克,当归,6克,白芍,3克,丹参,6克,柏子仁,6克,栀子,4.5克,柴胡,3克,薄荷,3克,茯神,6克,大枣,5枚,橘饼,12克
金箔,30片,银箔,30片,朱砂,1两,牛黄,1分,铁粉,1两,胡连,1分,铅霜,1分,天竺黄,0.5两,龙齿,0.5两,麝香,1分,冰片,2钱,虎睛,1对
金箔,50片,银箔,50片,石膏,1两,龙齿,1两,铁粉,1两,人参,1两,茯神,1两,远志,1两,朱砂,1两,防风,1两,黄芩,1两,生干地黄,1两,川升麻,1两,地骨皮,1两,玄参,1两,犀角屑,1两,虎睛,1对,牛黄,0.5两,麦冬,1两半,枳实,0.5两,甘草,0.5两
雄黄,5钱,朱砂,3钱,天竺黄,5钱,胆南星,1两,茯神,5钱,防风,3钱,全蝎,14个,僵蚕,20条,白附,3钱,牛黄,1钱,真麝香,1钱,山药,3钱,蝉蜕,14个,冰片,2钱,金箔,50片
全蝎,10个,天麻,1钱,防风,1钱,川羌,1钱,牛黄,1钱,赤苓,1钱,犀角,1钱,甘草,1钱,麝香,1钱,朱砂,1钱,金箔,20片
金箔,5片,人参,1钱,茯神,1钱,犀角,1钱,牛黄,7分,天竺黄,7分,龙齿,7分,龙胆草,7分,生地,7分,远志,7分,朱砂,7分,铁粉,7分
人中黄,1两,乌梅,1两,茯神,1两,胡连,1两,五味子,1两,石菖蒲,3钱,朱砂,3钱,雄黄,3钱,远志,3钱,火硝,3钱,牛黄,1钱,冰片,1钱,金箔,20张
川羌,1两,人参,1两,茯苓,1两,川芎,1两,山药,1两,天南星,1两,蛇含石,None,醋淬,None,蜈蚣,3分,樟脑,1钱,乳香,1分,全蝎,1分,雄黄,1分,蝉蜕,0.5两,僵蚕,0.5两,铁粉,0.5两,麝香,1钱,朱砂,0.5两
皂荚仁,1两,天竺黄,1两,白矾,None,放石铁器内熬汁尽,None,放冷,1两,铅白霜,1两,半夏,None,用生姜,2两,同捣细作饼子,4两,生白龙脑,0.5两,朱砂,2两,金箔,20片
皂荚仁,1两,天竺黄,1两,白矾,1两,铅白霜,1两,半夏,4两,生白龙脑,0.5两,朱砂,2两,金箔,None
茯苓,1两,白茯神,1两,白芍,1两,远志,1两,乳香,0.5两,当归,1两,酸枣仁,None,人参,1两,没药,1两,朱砂,0.5两,石菖蒲,1两
石灰华,100g,红花,80g,牛黄,4g,红景天,80g,榜嘎,100g,甘草,80g,高山辣根菜,80g,檀香,100g,洪连,100g
石灰华,100g,红花,80g,牛黄,4g,红景天,80g,榜嘎,100g,甘草,80g,高山辣根菜,80g,檀香,100g,洪连,100g
西洋参,2钱,钩藤,4钱,僵蚕,5钱,全蝎,3钱,朱砂,2钱,天麻,1钱半,胆南星,3钱,黄连,5钱,甘草,2钱,大黄,6钱,槟榔,3分,牛黄,4分,冰片,3分,黑丑,6钱,琥珀,3钱
半夏,None,天南星,3两,白矾,1两半,朱砂,5钱
地黄,200g,女贞子,60g,当归,60g,太子参,60g,续断,60g,菟丝子,60g,山药,100g,五味子,60g,夜交藤,100g,地骨皮,100g,珍珠母,100g,滑石,None
龟板,None,龙骨,None,远志,None,石菖蒲,None
大猪肚,1个,黄连,3两,蜜,2两,干姜,2两,先将猪肚净洗,None,复以葱,None,面,None,醋,None,椒等洗,None,控干,None,用药同水酒入银石器内煮半日,None,漉出黄连,None,洗去蜜酒令尽,None,研为细末,None,再用酒调成膏,None,入先洗猪肚内,None,缝定,None,入银石器内水熬烂,None,研为膏,None,搜下项药,None,人参,2两,黄芪,4两,五味子,2两,山药,2两,山萸肉,2两,杜仲,None,姜汁淹,2两,石斛,2两,车前子,2两,鳖甲,2两,熟地,2两,新莲肉,2两,当归,2两,槐角子,1两,茯苓,1两,磁石,1两,川芎,1两,沉香,0.5两,麝香,1钱,菟丝子,5两,阳起石,1两
琥珀,3克,丹参,6克,朱砂,1.5克,茯神,9克,柏子仁,6克,沉香,1.5克,陈皮,3克,青皮,2克,郁金,6克,灯心草,100厘,米,None,姜皮,1.5克
僵蚕,1钱,姜汁浸,None,朱砂,1钱,蜈蚣,1条,刮去腹中物,None,酒浸,None,全蝎,1钱,半夏,1钱,沸汤洗,None,真麝香,1字,甘草,1钱,人参,1钱,藿香叶,1钱
龙齿,180克,远志,180克,天冬,180克,熟地,180克,山药,180克,茯神,150克,麦冬,150克,车前子,150克,茯苓,150克,肉桂,150克,地骨皮,150克,五味子,150克
龙骨,2两,琥珀,1两,玄武板,4两,生鳖甲,2两,桂枝,1两,磁石,None,赤芍,1两,远志,5钱,酸枣仁,1两,牡蛎,4两,石菖蒲,4钱
桂圆肉,15g,大枣,14.0g,粳米,2两
赤芍,3克,川贝,5克,防风,15克,桔梗,9克,天麻,5克,钩藤,10克,枳壳,9克,薄荷,9克,胆南星,21克,陈皮,9克,天竺黄,9克,茯神,6克
酸枣仁,30克,远志,30克,黄芪,30克,莲子,30克,罗参,30克,当归,30克,茯苓,30克,茯神,30克,陈皮,15克,甘草,15克
当归,45克,生地,45克,川芎,30克,甘草,30克,人参,30克,柏子仁,90克,酸枣仁,90克,远志,75克,朱砂,15克,胆南星,15克,金箔,20片,麝香,3克,琥珀,9克,石菖蒲,18克,茯神,21克
人参,3克,半夏,3克,酸枣仁,3克,茯神,3克,当归,2.1克,橘红,2.1克,赤芍,2.1克,五味子,5粒,甘草,0.9克
麝香,1钱,木香,2两半,山药,1两,茯神,1两,茯苓,1两,黄蓍,1两,远志,1两,人参,0.5两,桔梗,0.5两,甘草,0.5两,朱砂,3钱
甘草浸膏,35.4g,大枣,125g,小麦,416g
磁石,200g,代赭石,350g,珍珠母,100g,半夏,200g,酒曲,200g,酒曲,200g,牛膝,200g,薄荷脑,50g,冰片,50g,猪胆汁,350g
天麻,15克,人参,15克,陈皮,15克,白术,15克,当归,15克,茯神,15克,荆芥,15克,僵蚕,15克,独活,15克,远志,15克,犀角,15克,麦冬,15克,酸枣仁,15克,朱砂,15克,半夏,30克,天南星,30克,石膏,30克,甘草,9克,白附子,9克,川芎,9克,郁金,9克,牛黄,9克,珍珠,9克,生地,15克,黄连,15克,金箔,30片
川芎,3克,当归,9克,干姜,1.2克,甘草,1.2克,茯神,3克,桃仁,12个,人参,6克,益智仁,2.4克,柏子仁,3克,陈皮,0.9克
茯苓,2.4克,陈皮,2.4克,瓜蒌,2.4克,黄芩,1.8克,远志,1.8克,酸枣仁,1.8克,半夏,3克,川贝,3克,甘草,1.5克
朱砂,7.5克,酸枣仁,7.5克,人参,7.5克,茯神,7.5克,琥珀,7.5克,乳香,3克
人参,15克,茯苓,15克,茯神,15克,柏子仁,15克,琥珀,15克,当归,15克,酸枣仁,15克,远志,15克,新布裹,15克,乳香,7.5克,朱砂,7.5克,石菖蒲,7.5克
人参,30克,酸枣仁,30克,朱砂,15克
牛黄,0.5两,冰片,0.5两,干蝎,0.5两,僵蚕,0.5两,白附子,0.5两,雄黄,1两,朱砂,2两,天麻,1两,甘草,1两,半夏,None,琥珀,3分,麝香,1分,天南星,None,乌梢蛇,None
黄连,15克,黄芩,9克,山栀仁,9克,郁金,6克,朱砂,4.5克,牛黄,0.75克
牛黄,80g,全蝎,300g,僵蚕,100g,珍珠,100g,麝香,40g,朱砂,100g,雄黄,100g,天麻,200g,钩藤,100g,防风,20g,琥珀,60g,胆南星,100g,白附子,100g,半夏,100g,天竺黄,100g,冰片,40g,薄荷,100g,甘草,400g
酸枣仁,7.5克,车前子,37.5克,茯苓,37.5克,五味子,37.5克,肉桂,37.5克,麦冬,37.5克,茯神,37.5克,天冬,45克,龙齿,45克,熟地,45克,山药,45克,人参,15克,朱砂,15克,远志,45克,甘草,45克
芡实,60克,莲须,60克,茯神,30克,山萸肉,30克,龙骨,30克,五味子,30克,枸杞子,30克,熟地,30克,韭菜子,30克,肉苁蓉,30克,川牛膝,30克,酒浸,30克,紫石英,30克
黄芩,None,黄连,None,麦冬,None,天花粉,None,茯神,None,丹参,None,牛黄,None,石菖蒲,None,远志,None
钩藤,15-30克,丹参,30克,合欢皮,12克,生珍珠母,20克,夏枯草,15克,酸枣仁,15克,甘草,3克
甘草节,15克,真豆粉,30克,大朱砂,9克,梅花片,1.5片,牛黄,0.9克
人参,15克,茯苓,15克,茯神,15克,酸枣仁,15克,远志,15克,益智仁,15克,牡蛎,15克,朱砂,7.5克
乌梅,3两,熟干地黄,5两,当归,2两,人参,1两,川芎,1两,赤芍,1两,石菖蒲,1两
菟丝子,30g,肉苁蓉,60g,山萸肉,30g,五味子,35g,川牛膝,30g,熟地,30g,巴戟天,30g,山药,25g,茯苓,30g,泽泻,30g,杜仲,40g,远志,30g,白酒,2000ml
神曲,120克,磁石,60克,光明砂,30克
没药,30克,琥珀,30克,木香,30克,当归,30克,朱砂,3克,麝香,3克,乳香,0.3克
天冬,9克,麦冬,9克,川贝,9克,胆南星,3克,橘红,3克,远志,3克,石菖蒲,3克,连翘,3克,茯苓,3克,茯神,3克,玄参,4.5克,钩藤,4.5克,丹参,4.5克,朱砂,0.9克
熟地,30克,茯苓,30克,白茯神,30克,人参,30克,酸枣仁,30克,柏子仁,30克,紫石英,30克,肉桂,30克,阿胶,30克,当归,30克,黄芪,30克,远志,30克,朱砂,7.5克,龙齿,60克
公丁香,60克,木香,60克,乳香,60克,藿香,60克,苏合香,60克,降香,60克,海沉香,60克,安息香,30克,麝香,30克,香附,60克,诃子,60克,僵蚕,60克,天麻,60克,郁金,60克,萎仁,60克,磺石,60克,甘草,120克,建莲心,60克,檀香,60克,朱砂,60克,琥珀,60克,京牛黄,30克,冰片,15克,大赤金箔,300张
沉香,30g,公丁香,30g,檀香,30g,青木香,30g,香附,30g,降香,30g,广藿香,30g,乳香,30g,天麻,30g,僵蚕,30g,郁金,30g,莲心,30g,瓜蒌,30g,金礞石,30g,诃子,30g,甘草,60g,苏合香,30g,安息香,30g,麝香,15g,冰片,7.5g,朱砂,30g,琥珀,30g,牛黄,15g
白术,6～9克,当归,6克,山药,6克,甘草,3克,酸枣仁,4.5克,远志,None,干姜,6～9克,莲子,20粒,人参,3～6克,急者用,30克
姜远志,None,人参,None,黄芪,None,白术,None,甘草,None,当归,None,生地,None,白芍,None,茯苓,None,陈皮,None,肉桂,None,胆南星,None,琥珀,None,朱砂,None,五味子,None
天南星,500克,去炭,None,以酒,3.3升,倾坑内,None,候渗酒尽,None,下南星在坑内,None,以盆复坑,None,周围用火拥定,None,勿令走气,None,朱砂,60克,琥珀,30克
酸枣仁,24克,炒柏子仁,15克,夜交藤,15克,龙骨,15克,生地,9克,赤丹参,6克
蛇含石,None,天南星,None,茯苓,None,铁粉,None,使君子仁,None
酸枣仁末,15克,粳米,100克
酸枣仁,18克,甘草,3克,知母,6克,茯苓,6克,川芎,6克
川芎,2两,白芷,2两,桔梗,None,檀香,3两,甘草,6两
人参,15克,五味子,15克,当归,15克,天冬,15克,麦冬,15克,柏子仁,15克,酸枣仁,15克,玄参,15克,白茯神,15克,丹参,15克,桔梗,15克,远志,15克,黄连,60克,生地,120克,石菖蒲,30克
人参,15克,茯苓,15克,玄参,15克,丹参,15克,桔梗,15克,远志,15克,当归,30克,五味子,30克,麦冬,30克,天冬,30克,柏子仁,30克,酸枣仁,30克,生地,120克,朱砂,None
丹参,25g,当归,50g,石菖蒲,25g,党参,25g,茯苓,25g,五味子,50g,麦冬,50g,天冬,50g,地黄,200g,玄参,25g,远志,25g,酸枣仁,50g,柏子仁,50g,桔梗,25g,甘草,25g,朱砂,10g
党参,60克,山萸肉,120克,山药,60克,五味子,30克,茯苓,60克,益智仁,60克,破故子,None,宽,None,大枣,60克,川芎,60克,菊花,60克
真铁粉,60克,半夏,60克,天南星,60克,白附子,60克,川羌,60克,生川乌,45克,朱砂,30克,琥珀,30克,僵蚕,30克,枯矾,15克,全蝎,50个,金箔,30片
铁粉,15克,牛黄,15克,金箔,3～7片,银箔,0.5000000074505799g,麝香,7.5克,远志,15克,马牙消,22克,僵蚕,7.5克,丹参,15克,茯神,15克,川升麻,15克,白附子,7.5克
青皮,1两,车前子,1两,巴戟天,1两,杜仲,1两,威灵仙,1两,远志,1两,牛膝,1两,苁蓉,1两,熟地,1两,菟丝子,1两
牛黄,10g,朱砂,60g,黄连,200g,黄芩,120g,栀子,120g,郁金,80g
半夏,60g,竹茹,60g,枳实,60g,陈皮,90g,甘草,30g,茯苓,45g,干姜,5片,大枣,1枚
犀角屑,15克,人参,15克,茯神,15克,龙齿,30克,麦冬,30克,黄芩,15克,甘草,15克
琥珀,3克,朱砂,0.3克,龙齿,15克,川木通,3-6克,大腹皮,12克,桑白皮,12克,赤芍,9克,桃仁,12克,党参,15-30克,枸杞子,15克,芥穗,6克,柴胡,6克,白芍,15克,香附,6克
牛黄,0.6克,天竺黄,6克,煅青礞石,6克,制半夏,6克,黄连,6克,胆南星,6克,川贝,6克,胡连,6克,朱砂,6克,石菖蒲,9节,珍珠,1.5克,麝香,0.6克
朱砂,30克,胆南星,15克,人参,15克,茯苓,15克,珍珠,15克,半夏,15克,麝香,None
生珍珠母,30克,钩藤,15克,丹参,15克,夏枯草,15克,茯神,10克,合欢皮,10克
玄参,90克,丹皮,30克,酸枣仁,30克,丹参,15克,柏子仁,9克,莲心,9克
黄芪,30克,当归,30克,肉桂,30克,甘草,30克,陈皮,30克,白术,30克,人参,30克,白芍,90克,熟地,None,五味子,None,茯苓,None,远志,15克
当归身,60克,大热地,90克,枸杞子,60克,上白茯苓,60克,山药,60克,薏苡仁,30克,木香,15克,酸枣仁,30克,续断,30克,麦冬,30克,公丁香,6克,建莲肉,60克,大茴香,15克,桂圆肉,240克
远志,21克,当归,30克,熟地,30克,阿胶,30克,柏子仁,30克,酸枣仁,30克,黄芪,30克,茯神,30克,龙齿,30克,茯苓,30克,紫石英,30克,朱砂,15克
茯神,15克,柏子仁,12克,丹参,12克,白芍,12克,丹皮,12克,当归,15克,川芎,6克,干生地,12克,醋柴胡,9克,香附米,12克,栀子,9克,酒条芩,9克,陈皮,9克,野于术,6克,枳壳,12克,酸枣仁,12克
夜交藤,60克,粳米,50克,大枣,2枚,白糖,None
合欢皮,105g,木灵芝,50g,夜交藤,105g,大枣,75g,女贞子,105g,甘草,30g,浮小麦,300g
人参,4.5克,白术,9克,茯苓,9克,朱砂,2.4克,钩藤,6克,甘草,1.5克
当归,3.6克,黄连,3克,生地,3克,麦冬,3克,酸枣仁,3克,远志,3克,茯苓,3.6克,人参,3克,黄芪,3克,胆南星,3克,淡竹叶,3克,甘草,1.8克
人参,None,黄芪,None,当归,None,白芍,None,甘草,None,茯神,None,酸枣仁,None,远志,None,紫石英,None,木香,None,柏子仁,None
远志,60克,牡蛎,60克,茯苓,30克,人参,30克,干姜,30克,朱砂,30克,肉苁蓉,None
人参,3克,茯神,3克,当归,3克,生地,3克,羚羊粉,2.4克,甘草,2.4克,酸枣仁,2.4克,远志,2.4克
紫石英,60克,朱砂,30克,柏子仁,60克,龙骨,60克,人参,60克,桑螵蛸,60克,麝香,15克,肉苁蓉,30克
黄金,3千克,寒水石,1.5千克,石膏,1.5千克,磁石,1.5千克,滑石,1.5千克,玄参,500克,羚羊粉,150克,犀角,150克,升麻,270克,沉香,150克,公丁香,30克,青木香,150克,甘草,250克,芒硝,500克,硝石,2千克,麝香,1.5克,朱砂,90克
朱砂,15克,黄连,18克,生地,4.5克,当归,7.5克,甘草,16.5克
酸枣仁,15克,茯苓,6克,知母,6克,川芎,6克,生甘草,3克
犀角,None,麝香,None,牛黄,None,冰片,None,安息香,None,玳瑁,None,朱砂,None,琥珀,None,金箔,None,银箔,None,雄黄,None
肿足蕨,30.0g,白术,12.0g,泽泻,40.0g,葛根,30.0g,钩藤,30.0g
甘草,20.0g,大枣,30.0g,小麦,60.0g,五味子,12.0g
人参,9.0g,白术,9.0g,茯神,3.0g,甘草,3.0g,石菖蒲,3.0g,半夏,9.0g,菟丝子,9.0g,附子,0.3g
百合,12.0g,党参,12.0g,龙齿,30.0g,浮小麦,30.0g,琥珀,3.0g,五味子,3.0g,甘草,6.0g,大枣,5枚,麦冬,12.0g
五味子,9.0g,当归,9.0g,炒酸枣仁,15.0g,山药,15.0g,桂圆肉,15.0g
当归,12.0g,党参,12.0g,麦冬,9.0g,五味子,4.5g,准小麦,30.0g,大枣,5枚,甘草,9.0g,珠茯神,9.0g,珠远志,4.5g,磁珠丸,9.0g
生铁塔,60.0g,丹参,30.0g,天南星,12石,石菖蒲,9.0g,远志,4.5g,炙地龙,6.0g,甘草,9.0g
雄黄,75.0g,钩藤,25.0g,乳香,25.0g,琥珀,19.0g,天竺黄,19.0g,天麻,19.0g,芥穗,13.0g,朱砂,5.0g,白矾,13.0g,全蝎,19.0g,胆南星,19.0g,郁金,19.0g,黄连,19.0g,珍珠,2.0g,木香,13.0g,冰片,2.0g,绿豆,200粒
柴胡,0.0g,黄芩,0.0g,龙骨,0.0g,牡蛎,0.0g,人参,0.0g,茯苓,0.0g,干姜,0.0g,大枣,0.0g,桂枝,0.0g,大黄,0.0g
桑寄生,30.0g,杜仲,30.0g,夜交藤,30.0g,白芍,20.0g,代赭,20.0g,钩藤,20.0g,酸刺仁,20.0g,淫羊藿,15.0g,牛膝,15.0g
附子,9.0g,白术,9.0g,茯苓,15.0g,白芍,9.0g,干姜,9.0g,桃仁,9.0g,红花,6.0g,琥珀,9.0g
苦参,None,黄连,None,酸枣仁,None,茯苓,None,党参,None,木灵芝,None,丹参,None,赤勺,None,瓜蒌,None,三七,None
紫草,30.0g,巴戟天,18.0g,白芍,18.0g,淫羊藿,15.0g,麦冬,15.0g,五味子,15.0g,当归,10.0g,知母,10.0g,竹叶,10.0g
柴胡,20.0g,黄芩,15.0g,半夏,15.0g,龙骨,20.0g,牡蛎,20.0g,大黄,7.5g,生甘草,10.0g,桂枝,15.0g
附子,10.0g,五味子,10.0g,党参,15.0g,麦冬,15.0g
当归,15.0g,赤芍,15.0g,蒺藜,15石,石菖蒲,15.0g,酸枣仁,15.0g,僵蚕,15.0g,元胡,15.0g,川芎,30.0g,夜交藤,30.0g,菊花,12.0g,白芷,9.0g
人参,5.0g,丹参,30.0g,当归,10.0g,桂枝,10.0g,甘草,10.0g,薤白,10.0g,苦参,20.0g,茯苓,20.0g,麦冬,20.0g,五味子,6.0g,酒常山,15.0g
甘草,9.0g,浮小麦,40.0g,酸枣仁,15.0g,丹参,15.0g,茯苓,12.0g,远志,6.0g
甘草,10.0g,准小麦,30.0g,大枣,5枚,农吉利,10.0g,生地,10.0g
甘草,15.0g,党参,9.0g,桂枝,9.0g,阿胶,9.0g,干姜,9.0g,生地,15.0g,麦冬,9.0g,火麻仁,12.0g,大枣,12个
生地,30.0g,何首乌,30.0g,尤齿,30.0g,珍珠母,30.0g,赤芍,15.0g,白芍,15.0g,柏子仁,15.0g,丹皮,12.0g,茯苓,12.0g,菊花,10合,观皮,10.0g,秦艽,10.0g,蝉蜕,6.0g
龙骨,30.0g,珍珠母,30.0g,夜交藤,30.0g,酸枣仁,20.0g,五味子,15.0g,白芍,10.0g,生地,15.0g
柴胡,10.0g,桃仁,10.0g,白术,10.0g,山药,10.0g,当归,10.0g,熟地,20.0g,鸡内金,12.0g,山萸肉,12.0g,白芍,15.0g,酸枣仁,30.0g,干姜,2片,甘草,6.0g,薄荷,6.0g
熟地,15.0g,肉苁蓉,10.0g,巴戟天,10.0g,牛膝,10.0g,枸杞子,10.0g,山萸肉,10.0g,五味子,10.0g,山药,10.0g,茯苓,10.0g,远志,10石,石菖蒲,10.0g,半夏,10.0g,大枣,10.0g,三七,3.0g
人参,9.0g,五味子,9.0g,麦冬,15.0g,茯神,15.0g,酸枣仁,15.0g,浮小麦,30.0g,龙齿,30.0g,百合,20.0g,甘草,10.0g,大枣,10.0g
紫诃车,30.0g,阳起石,30.0g,炒酸枣仁,30.0g,山药,30.0g,菟丝子,20.0g
茯苓,20.0g,桂枝,10.0g,白术,12.0g,甘草,9.0g,泽泻,30.0g,法夏,18.0g,干姜,12.0g,陈皮,12.0g,龙骨,30.0g,牡蛎,30.0g
人参,9.0g,丹参,6.0g,麦冬,9.0g,甘草,3.0g,茯神,9.0g,生酸枣仁,15.0g,熟酸枣仁,15石,石菖蒲,3.0g,当归,9.0g,五味子,3.0g
生地,5.0g,川木通,3.0g,黄芩,3.0g,竹叶,3.0g,蝉蜕,3.0g,钩藤,3.0g,麦冬,10.0g,灯心草,1.5g
柴胡,9.0g,半夏,9.0g,黄芩,6.0g,党参,6.0g,桂枝,6.0g,白芍,12.0g,甘草,3.0g,干姜,2.0g,大枣,4.0g
龟板,20.0g,龙骨,20.0g,远志,10石,石菖蒲,10.0g
金银花,15.0g,连翘,15.0g,荆芥,10.0g,薄荷,6.0g,牛蒡子,10.0g,桔梗,10.0g,芦根,10.0g,竹叶,6.0g,黄芩,10.0g,当归,10.0g,生地,20.0g,酸枣仁,10.0g
三七,10.0g,丹参,15.0g,桃仁,15.0g,川芎,10.0g,黄芪,12.0g,太子参,20.0g,天麻,15.0g,当归,12.0g,茯神,12石,石菖蒲,12.0g,甘草,6.0g
党参,15.0g,甘草,10.0g,北沙参,20.0g,麦冬,15.0g,五味子,15.0g,生龙牡,30.0g,磁石,20.0g,大枣,5枚,苦参,10.0g
熟地,24.0g,茯苓,15.0g,山药,15.0g,山萸肉,15.0g,泽泻,12.0g,丹皮,15.0g,柴胡,15.0g,白芍,15.0g
黄连,5.0g,苦参,30.0g,丹参,20.0g,酸枣仁,20.0g,五味子,10.0g,甘草,5.0g,朱砂,1.0g,珍珠,3.0g
桂圆肉,30.0g,酸枣仁,15.0g,山萸肉,15.0g,柏子仁,10.0g,龙骨,15.0g,牡蛎,15.0g,乳香,5.0g,没药,5.0g
生地,12.0g,女贞子,12.0g,墨旱莲,12.0g,茯苓,12.0g,酸枣仁,12.0g,煅紫贝齿,20.0g,莲心,10合,欢皮,10.0g,浮小麦,10.0g
黄连,3.0g,生地,15.0g,莲子,3.0g,朱灯芯,3.0g,当归,12.0g,白芍,12.0g,五味子,9.0g,浮小麦,50.0g,茯苓,12.0g,夜交藤,30.0g,大枣,12.0g,甘草,9.0g
太子参,30.0g,熟地,15.0g,酸枣仁,20.0g,炙半夏,15.0g,茯苓,30.0g,陈皮,12.0g,枳实,15.0g,远志,8.0g,五味子,10.0g,甘草,10.0g
丹皮,10.0g,栀子,10.0g,柴胡,10.0g,当归,10.0g,茯神,15.0g,白芍,10.0g,薄荷,10.0g,夜交藤,30.0g
人参,4.0g,生地,30.0g,百合,30.0g,山药,30.0g,龙齿,30.0g,麦冬,15.0g,北沙参,15.0g,酸枣仁,20.0g,丹参,20.0g,甘草,10.0g
生黄芪,12.0g,党参,10.0g,制附子,5.0g,细辛,4.0g,丹参,10.0g,郁金,10.0g,麦冬,10.0g,五味子,10.0g,甘草,10.0g
浮小麦,20.0g,甘草,12.0g,大枣,10.0g,熟枣仁,15.0g,郁金,10.0g,茯苓,18.0g,女贞子,12.0g,丹参,15.0g,麦冬,12.0g,龙齿,24.0g,香附,12.0g
酸枣仁,90.0g,五味子,9.0g,泽泻,30.0g,白术,15.0g,茯苓,9.0g,女贞子,9.0g,川芎,9.0g,怀牛膝,9.0g
百合,15.0g,生地,20.0g,甘草,15.0g,小麦,12.0g,大枣,10.0g,茯神,12.0g,白芍,15.0g,酸枣仁,10.0g,莲心,10.0g
菟丝子,25.0g,枸杞子,15.0g,太子参,20.0g,麦冬,12.0g,五味子,12.0g,浮小麦,25.0g,炙何首乌,15.0g,白芍,10.0g,菊花,12.0g,牡蛎,30.0g,龙骨,30.0g
党参,15.0g,黄芪,18.0g,熟地,20.0g,何首乌,12.0g,黄精,10.0g,丹参,12.0g,赤芍,10.0g,远志,6石,石菖蒲,6.0g,地龙,6.0g,僵蚕,6.0g,郁金,10.0g
西洋参,20.0g,当归,20.0g,酸枣仁,20.0g,远志,15.0g,琥珀,10.0g,苦参,20.0g,元胡,20.0g,甘草,5.0g
黄芪,30.0g,党参,30.0g,太子参,20.0g,苦参,20.0g,麦冬,10.0g,白术,10.0g,甘草,10.0g,五味子,10.0g,百合,15.0g,酸枣仁,15.0g,茯苓,15.0g
柴胡,15.0g,白芍,15.0g,五味子,15.0g,酸枣仁,15.0g,茯苓,15.0g,知母,10.0g,当归,15合,欢皮,15.0g,夜交藤,20.0g
玉竹,18.0g,白芍,12.0g,知母,9.0g,丹参,9.0g,白薇,6.0g,郁金,6.0g,酸枣仁,9.0g,远志,3.0g,山药,12.0g,甘草,3.0g
太子参,15.0g,麦冬,15.0g,五味子,5.0g,生黄芪,20.0g,丹参,15.0g,酸枣仁,10.0g,苦参,15.0g,生地,15.0g,金银花,15.0g,板蓝根,15.0g,甘草,5.0g
酸枣仁,30.0g,茯苓,15.0g,川芎,15.0g,甘草,15.0g,知母,10.0g,元胡,30.0g,麦冬,40.0g,丹皮,15.0g,半夏,15.0g
人参,10.0g,麦冬,10.0g,炙五味子,5.0g,丹参,15.0g,郁金,15.0g,三七粉,3.0g
泽泻,20.0g,白术,15.0g,制半夏,15.0g,干姜,10.0g,茯苓,15.0g,天麻,10.0g,川芎,5.0g,龙骨,30.0g
黄芪,30.0g,白术,10.0g,柴胡,6.0g,白芍,10.0g,泽泻,12.0g,陈皮,6.0g,钩藤,20.0g,防风,6.0g,制半夏,15.0g
丹参,20.0g,黄芪,30.0g,当归,20.0g,麦冬,20.0g,桂圆肉,30.0g,桂枝,10.0g,酸枣仁,20.0g,琥珀,3.0g
丹参,2.0g,降香饱和液,2.0g
黄连,15.0g,黄芪,50.0g,甘草,20.0g,麦冬,20.0g,五味子,15.0g,生地,15.0g,酸枣仁,20.0g
琥珀,0.0g,胆南星,0.0g,山豆根,0.0g,葛根,0.0g,常山,0.0g,甘松,0.0g,苦参,0.0g,甘草,0.0g
百合,12.0g,生地,15.0g,甘草,6.0g,浮小麦,15.0g,大枣,0.0g
柴胡,10.0g,丹皮,10.0g,栀子,10.0g,佛手,10.0g,珍珠母,30.0g,磁石,30.0g,丹参,10.0g,苦参,30.0g,黄连,6合,欢皮,10.0g,夜交藤,30.0g,酸枣仁,20.0g
熟地,25.0g,山萸肉,12.0g,琥珀,2.0g,菟丝子,12.0g,党参,12.0g,杜仲,12.0g,女贞子,12.0g,当归,12.0g,淡竹叶,15.0g,竹远志,15.0g,生龙齿,30.0g
党参,15.0g,茯苓,12.0g,熟地,20.0g,当归,10.0g,白芍,10.0g,炒酸枣仁,30.0g,远志,6.0g,五味子,10.0g,肉桂,3.0g,甘草,6.0g,干姜,10.0g,大枣,5枚
党参,15.0g,炙黄芪,15.0g,生地黄炭,15.0g,熟地黄炭,18.0g,阿胶,10.0g,白芍,12.0g,龙骨,15.0g,牡蛎,15.0g,龟板,15.0g,旱莲草,12.0g,赤石脂,15.0g,茜草炭,15.0g
知母,6.0g,黄柏,6.0g,生地,9.0g,山萸肉,6.0g,山药,9.0g,泽泻,9.0g,茯苓,9.0g,丹皮,9.0g,蒺藜,9.0g,沙苑子,9.0g,磁石,30.0g,生石决明,12.0g
朱砂,1.0g,珍珠母,30.0g,栀子,12.0g,黄芩,12.0g,川牛膝,30.0g,丹参,20.0g,川芎,15.0g,郁金,12.0g,半夏,12石,石菖蒲,15.0g,香附,15合,欢皮,15.0g
当归,1.0g,五味子,1.0g,山药,1.0g,酸枣仁,1.0g,桂圆肉,1.0g
龙齿,15.0g,全瓜萎,15.0g,朱麦名,15.0g,制半夏,10.0g,己椒丸,10.0g,远志,5.0g,陈皮,5.0g,降香片,5.0g
党参,15.0g,川楝子,15.0g,桂圆肉,10.0g,石菖蒲,10.0g,生山楂,10.0g,炒表芽,10.0g,当归,10.0g,龙骨,20.0g,牡蛎,20.0g,酸枣仁,20.0g,熟地,6.0g
炙全蝎,12.5g,辰州朱砂,12.5g,白僵,12.5g,黄连,12.5g,琥珀,12.5g,天麻,12.5g,正梅片,7.5g,牛胆星,7.5g,甘草,7.5g,牛黄,2.5g,苏珍珠,2.5g,金箔,25张
羊肉,500.0g,干姜,100.0g,当归,60.0g,大枣,10.0g
人参,5.0g,丹参,15.0g,苦参,15.0g,当归,15.0g,麦冬,15.0g,五味子,15.0g,薤白,15.0g,三茯苓,15.0g,柏子仁,15.0g,甘草,15.0g,酸枣仁,20.0g,琥珀,3.0g
巴豆,10.0g,朱砂,5.0g,桃仁,20.0g
党参,15.0g,黄芪,15.0g,丹参,15.0g,酸枣仁,15.0g,当归,9.0g,川芎,9.0g,柏子仁,9.0g,枸杞子,9.0g,甘草,9.0g
天麻,10.0g,桃仁,10.0g,赤芍,10.0g,半夏,10.0g,龙骨,20.0g,牡蛎,20.0g,川芎,6.0g,葛根,12.0g
柴胡,20.0g,白芍,24.0g,枳实,20.0g,郁金,12.0g
骨碎补,15.0g,破故子,10.0g,茯苓,20.0g
生地,0.0g,当归,0.0g,麦冬,0.0g,柏子仁,0.0g,酸枣仁,0.0g,太子参,0.0g,玄参,0.0g,丹参,0.0g,茯苓,0.0g,远志,0.0g,五味子,0.0g,百合,0.0g,珍珠母,0.0g
甘草,12.0g,小麦,60.0g,大枣,60.0g
山药,960.0g,赤小豆,360.0g,鸡内金,30.0g,酸枣仁,480.0g,柏子仁,360.0g
石菖蒲,15.0g,酸枣仁,30.0g,远志,10.0g,龙齿,30.0g,陈皮,10.0g,半夏,10.0g,茯苓,15.0g,竹茹,10.0g,枳实,10.0g,琥珀,6.0g,麦芽,15.0g,甘草,6.0g
生地,0.0g,当归,0.0g,麦冬,0.0g,柏子仁,0.0g,酸枣仁,0.0g,太子参,0.0g,玄参,0.0g,丹参,0.0g,茯苓,0.0g,远志,0.0g,五味子,0.0g,百合,0.0g
当归,10.0g,白芍,10.0g,酸枣仁,15.0g,茯神,15.0g,柴胡,12.0g,香附,10.0g,郁金,10.0g,薄荷,6.0g,防风,6.0g
当归,10.0g,白芍,10.0g,生地,15.0g,酸枣仁,15.0g,茯神,15.0g,远志,6.0g,柴胡,10.0g,薄荷,6.0g,龙胆草,6.0g,栀子,10.0g,连翘,10.0g,天竺黄,0.0g
生地,10.0g,熟地,15.0g,山萸肉,12.0g,枸杞子,12.0g,白芍,12.0g,酸枣仁,15.0g,茯神,15.0g,远志,6.0g,龙骨,15.0g,牡蛎,15.0g,知母,10.0g,丹皮,10.0g
骨碎补,15.0g,破故子,10.0g,茯苓,20.0g
熟地,15.0g,山萸肉,10.0g,枸杞子,10.0g,山药,10.0g,茯苓,10.0g,甘草,6.0g,蜂蜜,None
柴胡,10.0g,丹皮,12.0g,元胡,15.0g,珍珠母,30.0g,佛手,10.0g,丹参,30.0g,降香,6.0g,黄芩,10.0g,磁石,30.0g,栀子,10.0g,钩藤,20.0g,香附,10.0g
龙骨,10.0g,牡蛎,30.0g,茯苓,12.0g,丹参,30.0g,酸枣仁,30合,欢皮,12.0g,夜交藤,30.0g
大马宝,21.0g,飞琥珀,6.0g,玛瑙石,9.0g,朱砂,3.0g,明玳瑁,6.0g
甘草,0.0g,麦冬,0.0g,生地,0.0g,阿胶,0.0g,大枣,0.0g,火麻仁,0.0g,丹参,0.0g
陈皮,15.0g,半夏,15.0g,茯苓,12.0g,胆南星,12.0g,郁金,12.0g,全蝎,12.0g,枳实,10石,石菖蒲,10.0g,生远志,10.0g,沉香,6.0g,朱砂,6.0g,蜈蚣,3条,海浮石,30.0g,青礞石,30.0g
柴胡,12.0g,五灵脂,12.0g,太子参,12.0g,茯苓,12.0g,黄芩,10.0g,半夏,10.0g,干姜,10.0g,桂枝,6.0g,大黄,6.0g,蒲黄,6.0g,龙骨,15.0g,牡蛎,30.0g
黄连,30.0g,丹参,30.0g,元胡,30.0g,肉桂,6.0g,麦冬,40.0g,当归,15.0g,甘草,15.0g,防己,15.0g,半夏,15.0g
酸枣仁,15.0g,柏子仁,15.0g,茯神,15.0g,远志,10.0g,益智仁,25.0g,紫贝齿,25.0g,枸杞子,25.0g,龟板,20.0g,鳖甲,20.0g,党参,20.0g
羚羊粉,12.0g,白矾,300.0g,枯矾,300双,钩藤,600.0g,陈年死狗颅骨,1具
阴地蕨,24.0g,柏子仁,9.0g,大枣,7枚
蚂蚁,250.0g,枸杞子,50.0g,人参,10.0g,大枣,30.0g
人参,100.0g,麦冬,37.5g,五味子,50.0g,知母,75.0g,当归,25石,石菖蒲,50.0g
黄芪,30.0g,全蝎末,3.0g,龙骨,30.0g,柴丹参,20.0g,川芎,10.0g,当归,10.0g,益智仁,10.0g,五味子,10.0g,肉苁蓉,10.0g,淫羊藿,10.0g,熟地,15.0g,枸杞子,15.0g
甘草,0.0g,小麦,0.0g,大枣,0.0g,百合,0.0g,酸枣仁,0.0g,柏子仁,0.0g,茯苓,0.0g,远志,0.0g,龙齿,0合,欢花,0.0g,玫瑰花,0.0g,绿梅花,0.0g
黄连,3.0g,阿胶,9.0g,白芍,9.0g,龙齿,9.0g,牡蛎,212.0g,酸枣仁,9.0g,陈皮,6.0g,鸡子黄,1个
珍珠母,10.0g,僵蚕,6.0g,天麻,6.0g,蝉蜕,8.0g,金虫,5.0g,胆南星,5.0g,朱砂,2.0g
琥珀,15.0g,朱砂,15.0g,龙齿,15.0g,菊花,10.0g,桑叶,10.0g,荆芥蕙,10.0g
琥珀,10.0g,朱砂,10.0g
党参,15.0g,丹参,15.0g,麦冬,12.0g,知母,12.0g,川芎,12.0g,五味子,10.0g,桂枝,10.0g,白芍,10.0g,远志,6.0g,甘草,6.0g,茯苓,15.0g
熟地,30.0g,紫河车,15.0g,续断,15.0g,牛膝,15.0g,白芍,15.0g,柏子仁,12.0g,卷柏,12.0g,泽兰,12.0g
瓜蒌仁,30.0g,冬瓜子,30.0g,柏子仁,30.0g,酸枣仁,30.0g,菟丝子,30.0g,杏仁,30.0g,苏子,30.0g
人参,10.0g,麦冬,10.0g,生地,15.0g,酸枣仁,10.0g,桂枝,6.0g,瓜蒌壳,10.0g,夜交藤,20.0g,丹参,15.0g,甘草,10.0g
功劳叶,20.0g,太子参,15.0g,玄参,15.0g,生地,15.0g,地骨皮,15.0g,糯稻米根,15.0g,龙骨,25.0g,生甘草,5.0g
生地,15.0g,熟地,15.0g,山萸肉,10.0g,牛膝,10.0g,桑寄生,15.0g,枸杞子,10.0g,远志,10.0g,五味子,10.0g,党参,15.0g,当归,15.0g
龙骨,1000.0g,巴戟天,1000.0g,肉苁蓉,1000.0g,枸杞子,1000.0g,紫河车,1000.0g,党参,1000.0g,菟丝子,1500.0g,海龙,100条,蜈蚣,50条,黄獍角,5对,牛鞭,30条,仙茅,500.0g,熟枣仁,500.0g
竹茹,20.0g,枳实,10.0g,陈皮,10.0g,半夏,10.0g,茯苓,16.0g,生甘草,10.0g,朱砂,3合,欢皮,12.0g
黄芪,35.0g,白术,15.0g,党参,15升,柴胡,10.0g,甘草,15.0g,茯苓,25.0g,山药,20.0g,香附,15.0g,当归,15.0g,何首乌,20.0g,远志,15.0g
熟地,15.0g,山萸肉,12.0g,山药,12.0g,丹皮,8.0g,女贞子,12.0g,旱连草,12.0g,肥知母,10.0g,盐炒黄柏,8.0g,淡竹叶,9.0g,莲子,9.0g,龙骨,12.0g,磁石,12.0g
羚羊粉,0.5g,黄芩,0.5g,犀角,0.5g,茯苓,0.5g,甘草,0.5寸
独活,40.0g,酸枣仁,30.0g,朱砂,6.0g,琥珀,6.0g
牛黄,0.5g,天麻,15.0g,磁石,30.0g,青黛,10.0g,栀子,10.0g,郁金,12.0g,天竺黄,15.0g
浮小麦,30.0g,柏子仁,10.0g,五味子,10石,石菖蒲,3.0g,生地,19.0g
党参,0.0g,麦冬,0.0g,五味子,0.0g,生地,0.0g,鳖甲,0.0g,玄参,0.0g,远志,0.0g,茯神,0.0g
酸枣仁,0.0g,知母,0.0g,川芎,0.0g,茯神,0.0g,五味子,0.0g,麦冬,0.0g,何首乌,0.0g,丹参,0.0g
龙骨,0.0g,牡蛎,0.0g,白芍,0.0g,白芨,0.0g,白芷,0.0g,枳壳,0.0g,黄芪,0.0g,当归,0.0g,桂圆肉,0.0g,百合,0.0g,甘草,0.0g
铁落花,30.0g,龙骨,30.0g,磁石,30.0g,青礞石,30.0g,朱砂,1.0g,琥珀,3.0g,丹参,30.0g,酸枣仁,30.0g,生白芍,30.0g,远志,10.0g,黄连,10.0g,大黄,10.0g,甘草,10.0g,山楂,15.0g
甘草,9.0g,小麦,9.0g,大枣,10枚
当归,100.0g,生地,50.0g,茯苓,100.0g,玄参,75寸,柏子仁,25.0g,丹参,75.0g,五味子,62.5g,党参,100.0g,桔梗,50.0g,夜交藤,50.0g,珍珠母,125.0g,远志,50.0g,朱砂,12.5g
茯苓,0.0g,山楂,0.0g
绞股蓝,30.0g,生地,10.0g,磁石,30.0g,龙骨,30.0g,五味子,3.0g,酸枣仁,15.0g,远志,10.0g,生甘草,5.0g
柴胡,12.0g,半夏,9.0g,党参,9.0g,桂枝,9.0g,干姜,9.0g,茯苓,15.0g,丹参,15.0g,大黄,10.0g,龙骨,30.0g,牡蛎,30.0g,大枣,0.0g,甘草,6.0g
当归,10.0g,白术,10.0g,党参,10.0g,黄芪,10.0g,茯苓,10.0g,远志,10.0g,酸枣仁,10.0g,柏子仁,10.0g,丹参,10.0g,甘草,6.0g
生首乌,30.0g,生地,30.0g,赤芍,15.0g,丹皮,10.0g,荆芥,10.0g,防风,10.0g,苦参,10.0g,川木通,10.0g,酸枣仁,10.0g,蒺藜,20.0g,地肤子,20.0g,大风子,3.0g,甘草,5.0g
苦参,20.0g,大枣,50.0g,小麦,50.0g,柴胡,30.0g,甘草,30.0g
茯苓,15.0g,半夏,10.0g,竹茹,10.0g,枳实,10.0g,陈皮,10.0g,党参,10.0g,柴胡,10.0g,干姜,5.0g,黄连,5.0g,甘草,5.0g
阿胶,30.0g,黄连,30.0g,白芍,30.0g,五味子,20.0g,生地,20.0g
太子参,30.0g,酸枣仁,30.0g,法夏,15石,丹参,15.0g,桂圆肉,15.0g,茯苓,12.0g,枳实,12.0g,竹茹,12.0g,陈皮,10.0g,麦冬,10.0g,干姜,3.0g,鹿角霜,6.0g,甘草,6.0g
生地,3.0g,黄芩,3.0g,黄连,3.0g,当归,3.0g,知母,3.0g,人参,3.0g,紫石英,3.0g,酸枣仁,3.0g,柏子仁,3.0g
芦荟,6.0g,青黛,6.0g,琥珀,6.0g,朱砂,3.0g
川芎,None,酸枣仁,None,知母,None,琥珀,None,白芍,None,合欢花,None,牡蛎,None,龙骨,None,百合,None,紫苏,None
山楂,15.0g,茯苓,10.0g,酸枣仁,5.0g
党参,15.0g,白术,15.0g,茯苓,15.0g,陈皮,10.0g,半夏,15.0g,远志,10.0g,酸枣仁,15.0g,丹参,15.0g,建曲,20.0g,木条,10.0g,川芎,15.0g,甘草,3.0g
丹参,None,乙醇提取物,None
人参,None,鹿茸,None,广狗鞭,None,肉桂,None,杜仲,None,金樱子,None,牛膝,None,茯苓,None,酸枣仁,None,当归,None,远志,None,龙骨,None,牡蛎,None,白芍,None,白术,None,砂仁,None,豆蔻,None,桂枝,None,山药,None,连翘,None,金银花,None,牛蒡子,None,金牛草,None,甘草,None
磁石,None,朱砂,None,神曲,None
丹皮,10.0g,栀子,10.0g,酸枣仁,10.0g,夜交藤,10.0g,柴胡,3.0g,龙骨,30.0g,牡蛎,30.0g
党参,15.0g,炙黄芪,30.0g,茯苓,30.0g,甘草,10.0g,当归,15.0g,酸枣仁,15.0g,白芍,20.0g,夜交藤,30.0g,柏子仁,30.0g
生地,30.0g,麦冬,30.0g,玄参,30石,知母,15尾,地骨皮,30.0g,酸枣仁,20.0g,琥珀,3.0g
桃仁,15.0g,红花,10.0g,丹参,30.0g,赤勺,30.0g,牛膝,12.0g,柴胡,10.0g,香附,12.0g,青皮,10.0g,陈皮,15.0g,川木通,10.0g
大黄,30.0g,黄连,15.0g,黄芩,15.0g,石膏,60.0g,生石决明,30.0g,龙胆草,15.0g,栀子,12.0g,朱砂,1.5g,琥珀,3.0g
党参,15.0g,生黄芪,30.0g,茯苓,30.0g,白芍,30.0g,当归,15.0g,酸枣仁,15.0g,陈皮,15.0g,胆南星,6石,石菖蒲,10.0g,麦冬,30.0g,法夏,10.0g
柴胡,12.0g,当归,12.0g,白芍,12.0g,白术,15.0g,丹皮,9.0g,栀子,9.0g,薄荷,6.0g,干姜,6.0g,茯神,15.0g,酸枣仁,12合,欢皮,12.0g
川芎,0.0g,三七,0.0g,元胡,0.0g,柴胡,0.0g,牛膝,0.0g,冰片,0.0g,甘草,0.0g
生黄芪,30.0g,何首乌,20.0g,蒺藜,15.0g,熟地,15.0g,女贞子,30.0g,白花蛇舌草,30.0g,山药,20.0g,柏子仁,30.0g
酸枣仁,0.0g,左旋延胡索乙素,0.0g
人参,9.0g,黄芩,12.0g,法夏,12.0g,桂枝,12.0g,龙骨,20.0g,牡蛎,20.0g,甘松,10.0g,甘草,10.0g
莱菔子,25.0g,香附,15.0g,柴胡,15.0g,麦冬,15.0g,天冬,15.0g,五味子,15.0g,远志,15.0g,钩藤,15.0g,大枣,5枚,生甘草,15.0g
白芍,10.0g,当归,10.0g,人参,10.0g,远志,6.0g,麦冬,10.0g,黄芩,6.0g,山药,10.0g,苋实,10.0g,莲须,6.0g,酸枣仁,10.0g,茯神,6石,莲子,10.0g
钩藤,10.0g,蝉蜕,5.0g,川木通,5.0g,灯心草,2.0g
党参,30.0g,麦冬,15.0g,五味子,10.0g,当归,10.0g,香附,15.0g,枸杞子,10.0g,蝉蜕,6.0g,木瓜,10.0g,蔓荆子,10.0g,菊花,10.0g,草决明,None,甘草,10.0g
白术,0.0g,黄精,0.0g,麦芽,0.0g,龙骨,0.0g,莪术,0.0g
麦冬,15.0g,白芍,15.0g,石菖蒲,15合,欢,15.0g,茯苓,15.0g,淫羊藿叶,15.0g,枸杞子,20.0g,知母,20.0g,山药,10.0g,蛤蚧,1对
麦冬,20.0g,玉竹,20.0g,北沙参,20.0g,酸枣仁,30.0g,珍珠母,35.0g,柏子仁,35.0g,夜交藤,25合,欢花,30.0g,甘草,20.0g,龙骨,25.0g,牡蛎,25.0g,磁石,25.0g,苦参,25.0g,何首乌,30.0g,淫羊藿,25.0g
丹参,12.0g,赤芍,10.0g,红花,6.0g,黑枣仁,30.0g,珍珠母,30.0g,半夏,10.0g,降香,6.0g,白术,10.0g
川贝,15.0g,石膏,9.0g,硼砂,3.0g,朱砂,0.3g
鹰不扑,200.0g,松石蕊,150.0g,香菇,50.0g,白芍,50.0g,陈皮,50.0g,西洋参,100.0g,酸枣仁,100.0g,枸杞子,100.0g,山楂,200.0g
当归,6.0g,云茯苓,10.0g,甘草,6.0g,炙黄芪,12.0g,广木香,6.0g,干姜,3片,西党参,15.0g,酸枣仁,12.0g,白术,10.0g,桂圆肉,12.0g,大枣,3枚
柴胡,9.0g,半夏,9.0g,甘草,9.0g,准小麦,30.0g,大枣,6.0g,党参,15.0g,栀子,9.0g,珍珠母,30.0g,淫羊藿,12.0g
珍珠母,30石,石菖蒲,6.0g,太子参,12.0g,女贞子,15.0g,夜交藤,18合,欢皮,18.0g,远志,12.0g,酸枣仁,15.0g,花生叶,30.0g
北沙参,10.0g,麦冬,10.0g,当归,10.0g,生地,10.0g,枸杞子,10.0g,甘草,10.0g,小麦,20.0g,大枣,20.0g
党参,30.0g,茯苓,30.0g,麦冬,15.0g,甘草,15.0g,五味子,10.0g,桂枝,6.0g,肉桂,6.0g
白合,30.0g,龙骨,30.0g,牡蛎,30.0g,生地,15.0g,淫羊藿,10.0g,巴戟天,10.0g,五味子,10.0g,丹参,12.0g
生地,15.0g,川木通,6.0g,桑螵,6.0g,竹叶,10.0g
大黄,30.0g,甘草,30.0g,石膏,15.0g,滑石,60.0g,朱砂,7.5g
党参,20.0g,丹参,20.0g,麦冬,10.0g,五味子,6.0g,琥珀,15.0g
合欢皮,30.0g,夜交藤,30.0g,柴胡,10.0g,白芍,10.0g,枳壳,10.0g,辰茯苓,10.0g,马齿苋,30.0g,枯萝卜,15.0g
桂枝,6.0g,龙骨,30.0g,牡蛎,30.0g,白芍,15.0g,浮小麦,30.0g,甘草,5.0g,大枣,5枚,钩藤,10.0g,生地,15.0g,淡竹叶,10.0g,川木通,4.0g,全蝎,3.0g,干姜,3片
芍,12.0g,党参,30.0g,茯苓,12.0g,桂枝,12.0g,柴胡,10.0g,枳壳,10.0g,川羌,12.0g,麦芽,20.0g,甘草,6.0g,山药,15.0g,五味子,10.0g
芍,12.0g,熟地,12.0g,桃仁,12.0g,川牛膝,12.0g,柴胡,None,枳壳,10.0g,酸枣仁,15.0g,合欢皮,12.0g,五味子,12.0g,麦冬,15.0g,明沙参,30.0g,黄芪,20.0g,竹茹,15.0g
柴胡,10.0g,白芍,12.0g,枳壳,10.0g,当归,20.0g,熟地,15.0g,川芎,12.0g,佛手,12.0g,麦芽,20.0g,干姜,10.0g,大枣,12.0g,酸枣仁,20.0g,桂枝,12.0g
北沙参,30.0g,麦冬,15.0g,五味子,None,丹参,15.0g,桔便,12.0g,山药,12.0g,枳壳,12.0g,麦芽,15.0g,柴胡,10.0g,桂枝,6.0g,黄芪,15.0g,当归,15.0g
熟地,20.0g,当归,20.0g,白芍,15.0g,川芎,15.0g,黄芪,40.0g,桂枝,12.0g,附片,12.0g,太子参,30.0g,茯苓,15.0g,百合,20.0g,黄柏,6.0g,酸枣仁,30.0g,何首乌,20.0g
熟地,20.0g,当归,20.0g,白芍,15.0g,川芎,15.0g,黄芪,40.0g,桂枝,12.0g,太子参,30.0g,茯苓,15.0g,百合,15.0g,黄芩,10.0g,杏仁,12.0g,五味子,10.0g
柴胡,10.0g,白芍,15.0g,枳壳,12.0g,川芎,15.0g,当归,20.0g,刺力,15.0g,川羌,15.0g,桃仁,12.0g,薄荷,10.0g,白芷,12.0g,甘草,6.0g
川芎,18.0g,防风,15.0g,川羌,15.0g,细辛,3.0g,白芷,12.0g,荆芥,12.0g,薄荷,10.0g,川乌,12.0g,当归,20.0g,白芍,15.0g,蜈蚣,1.0g,黄柏,6.0g,甘草,6.0g,茶,5.0g
熟地,20.0g,当归,20.0g,白芍,15.0g,川芎,15.0g,黄芪,40.0g,桂枝,10.0g,太子参,30.0g,百合,15.0g,麦冬,15.0g,黄柏,6.0g,五味子,10.0g,藿香,20.0g,陈皮,10.0g,甘草,None
熟地,20.0g,当归,20.0g,白芍,15.0g,川芎,15.0g,黄芪,40.0g,桂枝,10.0g,党参,30.0g,百合,15.0g,麦冬,15.0g,五味子,10.0g,陈皮,10.0g,柴胡,10.0g,茯苓,12.0g,甘草,6.0g
柴胡,10.0g,白芍,20.0g,枳壳,12.0g,川芎,15.0g,牡蛎,20.0g,郁金,15.0g,丹参,20.0g,茯苓,12.0g,草决明,15.0g,栀子,10.0g,薄荷,10.0g,代赭石,15.0g,半夏,15.0g,甘草,6.0g
北沙参,20.0g,五味子,12.0g,麦冬,15.0g,白芍,20.0g,生地,18.0g,牡蛎,20.0g,栀子,12.0g,黄连,6.0g,远志,12.0g,刺力,12.0g,甘草,6.0g
酸枣仁,30.0g,川芎,15.0g,知母,10.0g,茯神,12.0g,黄连,10.0g,丹皮,10.0g,竹叶,6.0g,龙骨,20.0g,五味子,10.0g,合欢皮,12.0g
柴胡,10.0g,白芍,20.0g,枳壳,12.0g,川芎,15.0g,郁金,15.0g,丹参,20.0g,赤芍,15.0g,草决明,15.0g,栀子,10.0g,牡蛎,20.0g,代赭石,15.0g,薄荷,10.0g,川羌,15.0g,甘草,6.0g
柴胡,10.0g,白芍,20.0g,枳壳,12.0g,川芎,15.0g,郁金,15.0g,丹参,20.0g,栀子,10.0g,檀香,10.0g,佛手,12.0g,川羌,15.0g,生地,20.0g,半夏,12.0g,甘草,6.0g
柴胡,10.0g,白芍,20.0g,枳壳,12.0g,川芎,15.0g,牡蛎,20.0g,丹参,20.0g,茯苓,12.0g,半夏,15.0g,南沙参,30.0g,当归,15.0g,佛手,15.0g,甘草,6.0g
柴胡,10.0g,白芍,20.0g,枳壳,12.0g,川芎,15.0g,牡蛎,20.0g,丹参,20.0g,茯苓,12.0g,半夏,15.0g,陈皮,10.0g,南沙参,30.0g,防风,12.0g,佛手,15.0g,甘草,6.0g
柴胡,10.0g,白芍,20.0g,枳壳,12.0g,川芎,15.0g,牡蛎,20.0g,白术,15.0g,半夏,15.0g,党参,30.0g,防风,12.0g,佛手,15.0g,天麻,12.0g,元胡,15.0g,甘草,6.0g
当归,20.0g,白芍,15.0g,柴胡,10.0g,茯苓,15.0g,白术,12.0g,薄荷,10.0g,枳壳,12.0g,川芎,15.0g,陈皮,10.0g,明参,20.0g,甘草,6.0g
党参,30.0g,白术,15.0g,茯苓,15.0g,黄芪,30.0g,茯神,12.0g,远志,12.0g,酸枣仁,30.0g,当归,20.0g,川芎,15.0g,白芍,15.0g,桂枝,12.0g,阿胶,10.0g,陈皮,10.0g,砂仁,10.0g,甘草,10.0g
酸枣仁,20.0g,茯神,12.0g,川芎,12.0g,知母,10.0g,白芍,15.0g,龙骨,20.0g,牡蛎,20.0g,五味子,10.0g,太子参,20.0g,黄连,6.0g,益母草,20.0g
当归,20.0g,白芍,15.0g,生地,18.0g,川芎,15.0g,瓜蒌,15.0g,半夏,15.0g,桂枝,12.0g,薤白,12.0g,党参,30.0g,远志,12.0g,桃仁,12.0g,陈皮,10.0g,甘草,6.0g
当归,20.0g,白芍,15.0g,生地,18.0g,川芎,15.0g,瓜蒌,15.0g,薤白,12.0g,桃仁,12.0g,酸枣仁,30.0g,阿胶,10.0g,三七,6.0g,北沙参,30.0g,麦冬,15.0g,五味子,10.0g
生地,20.0g,北沙参,30.0g,枸杞子,12.0g,麦冬,15.0g,龙骨,20.0g,牡蛎,20.0g,丹参,15.0g,白芍,15.0g,酸枣仁,30.0g,五味子,10.0g,石菖蒲,6.0g,三七,6.0g,甘草,6.0g
当归,20.0g,川芎,18.0g,生地,18.0g,白芍,15.0g,桃仁,12.0g,红花,10.0g,柴胡,10.0g,枳壳,12.0g,黄连,10.0g,酸枣仁,30.0g,半夏,12.0g,陈皮,12.0g,桂枝,12.0g
当归,18.0g,白芍,18.0g,生地,18.0g,麦冬,15.0g,五味子,10.0g,北沙参,30.0g,黄连,10.0g,茯神,12.0g,麦芽,20.0g,薄荷,10.0g,夜交藤,20.0g,甘草,10.0g
党参,30.0g,白术,15.0g,茯苓,15.0g,当归,20.0g,川芎,15.0g,白芍,15.0g,益母草,20.0g,柴胡,12.0g,远志,12.0g,酸枣仁,30.0g,木香,12.0g,砂仁,10.0g,甘草,10.0g,大枣,12.0g
当归,30.0g,白芍,15.0g,熟地,18.0g,川芎,18.0g,黄芪,30.0g,白晒参,30.0g,柴胡,12.0g,枳壳,12.0g,黄连,10.0g,陈皮,12.0g,白术,15.0g,大黄,12.0g,甘草,10.0g
酸枣仁,30.0g,知母,12.0g,白芍,15.0g,北沙参,24.0g,麦冬,15.0g,黄连,10.0g,当归,18.0g,陈皮,10.0g,牡蛎,30.0g,龙骨,30.0g,甘草,6.0g
当归,18.0g,白芍,15.0g,生地,15.0g,阿胶,10.0g,北沙参,30.0g,麦冬,15.0g,黄连,10.0g,竹茹,15.0g,半夏,12.0g,酸枣仁,30.0g,丹皮,12.0g,牡蛎,24.0g,甘草,6.0g
党参,30.0g,茯苓,15.0g,白术,15.0g,半夏,15.0g,陈皮,15.0g,木香,12.0g,砂仁,10.0g,黄连,10.0g,酸枣仁,24.0g,远志,12.0g,夜交藤,30.0g,建曲,15.0g,山楂,15.0g
酸枣仁,3.0g,茯神,2.0g,川芎,2.0g,知母,2.0g,黄连,1.5g,白芍,2.0g,麦冬,2.0g,竹叶,1.0g,川木通,1.0g,甘草,1.0g
酸枣仁,2.0g,茯神,1.0g,川芎,2.0g,白芍,2.0g,当归,2.0g,刺力,1.5g,天麻,1.0g,龙骨,2.0g,大枣,1.0g,甘草,1.0g
柴胡,1.0g,白芍,2.0g,枳壳,1.5g,赤芍,2.0g,川芎,1.5g,生地,2.0g,郁金,1.5g,知母,1.5g,川楝子,1.5g,琥珀,0.5g,酸枣仁,2.0g,龙骨,2.0g
柴胡,1.5g,白芍,2.0g,枳壳,2.0g,当归,1.5g,川芎,1.5g,生地,2.0g,合欢皮,2.0g,远志,1.5g,五味子,1.5g,琥珀,0.2g,酸枣仁,2.0g,甘草,1.0g
当归,2.0g,白芍,2.0g,川芎,1.5g,熟地,2.0g,阿胶,1.0g,人参,2.0g,合欢皮,1.5g,酸枣仁,2.0g,茯神,1.5g,柴胡,1.0g,牡蛎,2.0g
山萸肉,1.5g,熟地,2.0g,山药,2.0g,茯神,1.0g,丹皮,1.0g,枸杞子,1.5g,菊花,1.0g,杜仲,1.5g,白芍,1.5g,酸枣仁,2.0g,牡蛎,2.0g
桂枝,1.5g,茯苓,2.0g,赤芍,1.5g,桃仁,1.0g,当归,2.0g,香附,1.5g,益母草,2.0g,薏苡仁,2.0g,红花,1.0g,莪术,1.0g,熟地,1.5g,川芎,1.5g,黄芪,1.5g
金银花,2.0g,菊花,1.5g,连翘,1.5g,竹叶,1.0g,薄荷,1.0g,蝉蜕,1.0g,刺力,1.5g,黄连,0.25g,酸枣仁,2.0g,白芍,1.5g,生地,1.5g,丹皮,1.5g,牡蛎,2.0g
当归,1.5g,白芍,1.5g,生地,1.5g,人参,1.5g
茯神,1.5g,川芎,1.5g,知母,1.5g,酸枣仁,2.0g,黄连,1.0g,牡蛎,2.0g,竹叶,1.0g,川木通,1.0g,麦冬,1.5g,生地,1.5g,白芍,1.5g,甘草,1.0g
酸枣仁,2.0g,茯神,1.5g,川芎,1.5g,知母,1.5g,五味子,1.0g,白芍,1.5g,生地,2.0g,钩藤,1.5g,川牛膝,1.5g,丹皮,1.5g,丹参,2.0g,琥珀,0.25g
酸枣仁,None,三七,None,当归,1.5g,白芍,1.5g,川芎,1.5g,熟地,1.5g,阿胶,1.0g,人参,1.5g,合欢皮,1.5g,茯神,1.5g,柴胡,1.0g,牡蛎,2.0g,三七,1.0g
白芍,1.5g,川芎,1.5g,生地,1.5g,丹参,1.5g,酸枣仁,2.0g,合欢皮,1.5g,牡蛎,2.0g,知母,1.0g,天麻,1.5g
柴胡,1.0g,枳壳,1.5g,白芍,1.5g,当归,1.5g,川芎,1.5g,合欢皮,1.5g,紫苏,2.0g,佛手,1.5g,栀子,1.0g,远志,1.0g,牡蛎,1.5g,甘草,1.0g
川芎,1.5g,白芍,1.5g,生地,1.5g,鸡血藤,2.0g,桑叶,2.0g,菊花,1.5g,刺力,1.5g,薄荷,1.0g,川羌,1.0g,酸枣仁,1.5g,人参,1.0g
柴胡,1.0g,白芍,1.5g,枳壳,1.5g,合欢皮,1.5g,当归,1.5g,川芎,1.5g,郁京,1.5g,酸枣仁,1.5g,远志,1.5g,牡蛎,2.0g,甘草,1.0g
柴胡,1.0g,白芍,1.5g,枳壳,1.5g,合欢皮,1.5g,川芎,1.5g,郁金,1.5g,莪术,1.0g,远志,1.5g,牡蛎,2.0g,龙骨,1.5g,人参,1.0g,夜交藤,2.0g,甘草,1.0g
柴胡,1.0g,枳壳,1.5g,白芍,1.5g,当归,1.5g,川芎,1.5g,桃仁,1.5g,红花,1.0g,益母草,2.0g,黄柏,1.0g,薏苡仁,2.0g,鱼腥草,1.5g,合欢皮,1.5g,远志,1.0g,甘草,1.0g
半夏,1.5g,陈皮,1.0g,茯苓,1.5g,竹茹,2.0g,枳壳,1.5g,甘草,1.0g,黄连,1.0g,酸枣仁,2.0g,合欢皮,1.5g,丹参,1.5g
半夏,1.5g,茯苓,1.5g,陈皮,1.0g,枳壳,1.5g,竹茹,1.5g,甘草,1.0g,黄连,1.0g,柴胡,1.0g,白芍,1.5g,远志,1.5g,合欢皮,1.5g
当归,1.5g,川芎,1.5g,白芍,1.5g,熟地,1.5g,黄芪,2.0g,桂枝,1.5g,远志,1.5g,龙骨,2.0g,牡蛎,2.0g,槲寄生,2.0g,牛膝,1.5g
柴胡,1.0g,枳壳,1.5g,白芍,1.5g,当归,1.5g,川芎,1.5g,蒲黄,1.5g,阿胶,1.0g,益母草,2.0g,合欢皮,1.5g,血竭,0.2g,甘草,0.5g
柴胡,1.0g,白芍,1.5g,枳壳,1.5g,合欢皮,1.5g,当归,1.5g,川芎,1.5g,酸枣仁,2.0g,茯神,1.5g,远志,1.5g,佛手,1.5g,牡蛎,2.0g,甘草,0.5g
酸枣仁,2.0g,茯神,1.5g,川芎,1.5g,知母,1.0g,白芍,1.5g,柴胡,1.0g,枳壳,1.0g,川楝子,1.0g,元胡,1.5g,丹皮,1.5g,浮小麦,2.0g,牡蛎,2.0g,大枣,1.5g,炙草.,5.0g
当归,2.0g,熟地,2.0g,川芎,1.5g,白芍,1.5g,桂枝,1.5g,黄芪,2.0g,龙骨,1.5g,牡蛎,1.5g,酸枣仁,2.0g,远志,1.5g,柴胡,1.0g,大枣,1.5g,干姜,1.0g,甘草,1.0g
竹茹,2.0g,枳实,1.0g,橘红,1.0g,半夏,1.0g,茯神,1.5g,麦冬,1.5g,酸枣仁,1.5g,胆南星,1.0g,黄连,1.0g,石菖蒲,0.5g,远志,1.0g,牡蛎,1.5g
白术,2.0g,茯苓,2.0g,党参,2.0g,甘草,2.0g,黄芪,3.0g,当归,2.0g,川芎,1.5g,酸枣仁,2.0g,远志,1.5g,夜交藤,2.0g
酸枣仁,2.0g,茯神,1.5g,川芎,1.5g,白芍,1.5g,当归,2.0g,柴胡,1.0g,远志,1.5g,合欢皮,1.5g,龙骨,2.0g,甘草,1.0g
当归,2.0g,牛膝,2.0g,红花,1.0g,生地,2.0g,桃仁,1.5g,枳壳,1.5g,赤芍,2.0g,柴胡,1.0g,甘草,0.5g,桔梗,1.5g,川芎,2.0g,黄芪,2.0g
黄连,1.5g,栀子,1.5g,连翘,2.0g,生地,1.5g,白芍,1.5g,菊花,2.0g,桑叶,3.0g,薄荷,1.5g,竹茹,2.0g,丹参,2.0g,酸枣仁,2.0g,甘草,0.5g
酸枣仁,3.0g,茯神,1.5g,川芎,1.5g,知母,1.5g,丹参,1.5g,当归,1.5g,黄连,1.0g,竹茹,1.5g,百合,1.5g,甘草,1.0g
当归,2.0g,白芍,2.0g,生地,2.0g,川芎,2.0g,桃仁,1.5g,红花,1.0g,人参,2.0g,桂枝,1.5g,干姜,1.0g,大枣,1.5g,防风,1.5g,甘草,1.0g
水芹,0.0g,甜瓜蒂,0.0g,龙胆草,0.0g,五味子,0.0g,木灵芝,0.0g
公丁香,4.5克,良姜,4.5克,肉桂,4.5克
熟干地黄,1两,附子,1两,当归,1两,人参,3分,柴胡,3分,茯苓,3分,川芎,3分,肉苁蓉,None,酒洗,1两,黄芪,1两,白芍,3分
黄连,2两,白芍,2两,黄芩,2两,木香,2两,大黄,2两,青皮,2两,枳壳,2两
鲤鱼皮,3两,白芍,2两,蒲黄,2两,当归,1两,没药,1两,肉桂,1两,好墨,1两,卷柏,1两,青木香,1两,麝香,1两,金生墨,0.5两,丈夫发灰,0.5两
人参,6克,台白术,4.5克,茯苓,15克,当归,3.6克,川芎,3.6克,白芍,3克,怀生地黄,3克,熟地,3克,天南星,3克,半夏,3克,陈皮,2.4克,川羌,1.8克,防风,1.8克,天麻,3克,牛膝,2.4克,川红花,None,柳枝,None,黄芩,2.4克,黄柏,0.9克,酸枣仁,2.4克,乌药,1.2克,甘草,1.2克
当归身,5钱,生地,5钱,生白芍,3钱,乌梅,3个,知母肉,3钱,怀牛膝,3钱
白术,30克,干姜,30克,当归,9克
黑驴粪,1钱5分,血余炭,1钱5分
赤芍,2钱,麝香,5分,没药,2钱,乳香,2钱
熟干地黄,3两,当归,3两,川羌,2两,苦参,2两,续断,4两
代赭石,30.0g,牡蛎,30.0g,川牛膝,10.0g,川楝子,10.0g,白术,10.0g,白芍,10.0g,太子参,12.0g,半夏,6.0g,金钱草,15.0g,黄芩,10.0g,广郁金,10.0g,麦芽,12.0g
人参,None,麦冬,None,五味子,None,天冬,None,黄柏,None,川归,None,牛膝,None,红花,None,枸杞子,None,生地,None
艾叶,50克,鸡蛋,2个,白糖,None
当归,1.5g,白芍,1.5g,阿胶,1.0g,蒲黄,1.5g,海螵蛸,1.5g,仙鹤草,1.5g,三七,1.0g,艾叶,1.0g,柴胡,1.0g,甘草,1.0g
鸡血藤,30克,鸡蛋,2个
大黄,2两,槟榔,2两,牛膝,1两,芎?,1两,枳壳,1两,独活,1两,防风,1两,肉桂,1两,火麻仁,2两,郁李仁,2两,桃仁,1两
磁石,2两,干姜,2两,防风,2两,肉桂,2两,甘草,1两,五味子,2两,附子,1两,玄参,2两,丹皮,3两,大豆,24枚
蛇含石,1块,煅七次,None,川郁金末,None
乌梅,32.0g,川楝子,15.0g,花椒,10.0g,木香,10.0g,枳壳,10.0g
当归,1钱,陈皮,1钱5分,枳壳,1钱5分,桔梗,1钱5分,大腹皮,1钱5分,槟榔,1钱5分,苍术,1钱5分,厚朴,1钱5分,玄参,1钱5分,黄柏,1钱,甘草,3分
肉桂,None,赤芍,None,牛蒡子,None,防风,None,蝉蜕,None
香薷,4钱,厚朴,2钱,黄连,2钱,甘草,1钱,川羌,2钱
淡豆豉,1合,黄连,1两
黄芩,None,牛蒡子,None,当归,None,酒栀仁,None,连翘,None,山豆根,None,甘草,None,桔梗,None,升麻,None,葛根,None,地骨皮,None
双防己,2两,木防己,3两,赤芍,1两半,秦艽肉,2两,薏苡仁,5两,木瓜,3两,续断,3两,杜牛膝,3两
细辛,5分,川芎,5分,石膏,5分,皂角末,5分,雄黄,7分,焰消,7分
当归,2钱,生耆,2钱,柴胡,1钱半,牛蒡子,1钱,连翘,1钱,肉桂,1钱,升麻,5分,黄柏,5分,甘草,5分
黄芪,0.5两,鸡内金,1两,五味子,0.5两
生黄芪,15.0g,党参,10.0g,生地,15.0g,白术,10.0g,茯苓,15.0g,山萸肉,10.0g,枸杞子,15.0g,泽泻,10.0g,桑寄生,15.0g,制大黄,8.0g,益母草,15.0g,陈皮,10.0g
山药,None,芡实,4斤,万年青,None
磁石,6两,分为,20贴,每煎时取,1贴,黄芪,1两半,杜仲,1两半,人参,1两半,五味子,1两半,熟干地黄,2两
小茴香,8两,川乌,8两,砂仁,8两,厚朴,1斤,益智仁,0.5斤,干姜,4两,甘草,6两
生地,3斤,干漆,1两,牛膝,0.5两
黄连,3g,栀子,6g,黄芩,9g,大黄,6g,桔梗,6g,知母,9g,玄参,6g,赤芍,9g,当归,6g,荆芥,1.5g
桂枝,1.5g,茯苓,2.0g,赤芍,1.5g,桃仁,1.5g,当归,1.5g,香附,1.5g,蒲公英,2.0g,薏苡仁,2.0g,青皮,1.5g,丹皮,1.5g
麻黄,12.0g,杏仁,12.0g,前胡,15.0g,桔梗,12.0g,苏子,12.0g,紫菀,12.0g,百部,12.0g,地龙,15.0g,丹参,15.0g,明参,30.0g,五味子,10.0g,甘草,6.0g
厚朴,0.5斤,干姜,0.5斤,青卅枣,4两,同煮水尽为度,None,去生姜,None,大枣,None,锉细,None,附子,None,炮裂,4两,肉桂,4两,白术,None,青皮,None,人参,2两,赤苓,2两,甘草,1两
柏子仁,1两,白芍,1两,防风,1两,茯神,1两,当归,1两,芎?,1两,附子,1两,细辛,0.5两,肉桂,0.5两,甘草,0.5两
桑叶,24.0g,菊花,15.0g,薄荷,10.0g,荆芥,12.0g,蝉蜕,12.0g,杏仁,12.0g,连翘,15.0g,芦根,24.0g,板兰根,15.0g,鱼腥草,20.0g,桔梗,12.0g,甘草,6.0g
桃仁,10.0g,红花,6.0g,当归,10.0g,赤芍,10.0g,鸡血藤,15.0g,香附,10.0g,益母草,20.0g,牛膝,15.0g,甘草,6.0g
黄芩,None,黄连,None
狼毒,1两,醋拌,None,鼠李根皮,1两,昆布,3分,连翘,1两,沉香,1两,乳香,1两,母丁香,1两,詹糖香,1两,公丁香,1两,薇衔,3分,斑蝥,20枚,炒米黄为度,None,玄参,3分
乌鸡骨,1具,大黄,1两,枳实,0.5两,鳖甲,1两,泽泻,1两,柴胡,1两,桔梗,1两,人参,1两,赤芍,1两,黄芩,1两,防葵,3分,杏仁,3分,尖双仁,None
代赭石,3钱,青皮,3钱,莪术,3钱,木香,3钱,山棱,3钱,辣桂,3钱,大黄,3钱,巴豆,1钱
人参,1两,甘草,0.5两,白术,3分,干姜,0.5两,赤苓,0.5两,麦冬,0.5两
闹杨花,5分,胡茄子,1钱,姜黄,1钱,麻绒,1钱,生川,1钱,草乌,1钱
代赭石,0.0g,人参,0.0g,半夏,0.0g,当归,0.0g,知母,0.0g,天冬,0.0g
大黄,2钱,人参,5钱,柴胡,3分,甘草,1钱,丹皮,2钱
柴胡,1.0g,枳壳,1.5g,白芍,1.5g,青皮,1.0g,赤芍,1.5g,丹皮,1.5g,生地,1.5g,莪术,1.0g,地骨皮,1.5g,川楝子,1.0g,僵蚕,1.0g,甘草,1.0g
陈皮,1两,槟榔,0.5两,木香,1分,川羌,0.5两,防风,0.5两,青皮,0.5两,枳壳,0.5两,不蛀皂角两挺,None,郁李仁,1两,黑丑,None,杵细,2两
百草霜,1两,干姜,2两,姜黄,0.5两
羚羊粉,1两,肉桂,1两,茯苓,1两,细辛,1两,杏仁,1两,麻黄,1两,防风,1两,防己,1两,麦冬,1两
茯神,0.5两,川升麻,0.5两,犀角屑,0.5两,代赭,1分,钩藤,1分,大黄,1分
人参,1钱,白术,2钱,茯苓,5钱,香薷,1钱,藿香,1钱,苏叶,1钱,厚朴,5分,陈皮,3分,枳壳,3分,砂仁,1粒,天花粉,1钱
母丁香,1分,墨,1分,麝香,1分,牛黄,1分,犀角,1分,铁铧粉,1分,大枣,5枚,荆三棱,1钱,乌梅,1分,巴豆,15枚,浆水煮,None,再入麸炒,None,令赤色,None
柴胡,None,削去黄薄皮,None,拭净,1两,黄芩,None,用流水润透,None,蒸半炷香,None,人参,3钱,甘草,None,酒润,None,炙令黄色,4钱,干姜,6钱,半夏,1合,酽醋,2合,搅浊令匀,None,投半夏洗数次,None,再以水漂晒干,None,大枣,4枚,细辛,1根,只,1叶,茎柔根细,None,端直而长,None,色紫味辛,None,嚼之细细如椒者始真,None,修事拣去双叶者,None,切去头上子,None,以瓜水浸,None
生地,2.0g,丹皮,1.5g,紫草,1.0g,刺力,1.5g
大黄,None,厚朴,None,槟榔,None,陈皮,None,甘草,None,青皮,None,当归,None,白芍,None
麦冬,30克,陈皮,30克,半夏,30克,茯苓,30克,白术,30克,人参,15克,甘草,15克,小麦,10克
琥珀,0.5两,鲤鱼皮,0.5两,赤芍,0.5两,姜黄,0.5两,蒲黄,0.5两,牡丹,0.5两,当归,0.5两,大黄,0.5两,肉桂,0.5两,莪术,0.5两,牛膝,None,酒浸,None
当归,10克,川芎,8克,白芍,12克,熟干地黄,12克,附子,3克,肉桂,3克
小茴香,None,桃仁,None,干姜,None,甘草,None,肉桂,None,熟干地黄,None,石斛,None,杜仲,None
当归,None,白芍,None,生地,None,熟地,None,天冬,None,麦冬,None,百合,None,川贝,None,茯苓,None,山药,None,白术,None,黄芩,None,杜仲,None,续断,None,阿胶,None,龟板胶,None,款冬花,None,梨汁,None
大黄,1两,芒消,3钱,苍术,3钱,乳香,2钱,瞿麦,2钱,篇蓄,3钱,滑石,1钱,制没药,2钱,川木通,1钱半,栀仁,2钱,石膏,1钱,水灯芯,5茎,桔梗,1钱,金银花,3钱,皂角刺,3个
人参,0.0g,白术,0.0g,川芎,0.0g,当归,0.0g,白芍,0.0g,地黄,0.0g,半夏,0.0g,陈皮,0.0g,甘草,0.0g,干姜,0.0g,大枣,0.0g
当归,3克,茯苓,3克,白术,3克,炙黄芪,3克,桂圆肉,3克,远志,3克,炒酸枣仁,3克,木香,1.5克,甘草,0.9克,人参,3克,柴胡,2克,栀子,2克
破故子,None,小茴香,None,辣桂,None
柴胡,45克,白术,30克,茯苓,22克,甘草,22克,五味子,30克,干姜,22克,附子,22克,防风,22克,肉桂,15克
羚羊粉,None,夜明砂,None,草决明,None,木贼,None,桑白皮,None,川木通,None,丹皮,None,赤芍,None,当归,None
真阿胶,1两,干姜,1两,白芍,0.5两,当归,0.5两,黄连,0.5两,肉豆蔻,0.5两
鲤鱼,1头,干姜,1两,淡豆豉,1合,葱白,1握
半夏,None,干桑叶,6两,干姜,1分
人参,1两,五味子,8株,茯苓,1两,白术,1两,藿香叶,0.5两,黄芪,0.5两,陈皮,6铢,肉豆蔻,4个,干姜,6铢,甘草,0.5两
高良姜,0.5两,粳米,2合,陈皮,0.5分
醋制香附,10.0g,柴胡,10.0g,陈皮,10.0g,半夏,10.0g,白芥子,10.0g,旋覆花,10.0g,葶苈子,20.0g,大枣,4枚,薏苡仁,25.0g,茯苓,25.0g
茯神,5两,天麻,5两,轻粉,5两,天竺黄,5两,胡连,5两,朱砂,2两,麝香,3两,白附子,3两,天南星,3两,青黛,7两,使君子,100个,五谷虫,40个
胡桐泪,1两,波斯盐绿,1分,胆矾,0.5两,公丁香,1两,生干地黄,2两
赤苓,3分,旋覆花,3分,枳壳,1两,细辛,3分,甘草,0.5两,蔓荆子,3分,桔梗,3分,羚羊角屑,3分,蒺藜,3分
冰片,1两,牛黄,1两,乳香,1两,没药,1两,龙骨,1两,血竭,1两,赤石脂,1两,麝香,1两,轻粉,1两,麻黄,1两,川芎,1两,白芷,1两,薄荷,1两,草乌,1两,全蝎,1两,连翘,3两,防风,3两,黄芩,3两,黄连,3两,大黄,3两,知母,3两,川贝,3两,当归,3两,苍术,3两,川羌,3两,栀子仁,3两,桔梗,3两,柴胡,3两,荆芥,3两,五倍子,3两,海螵蛸,3两,白芨,3两,穿山甲,3两,木鳖子,3两,大风子,3两,樗白皮,3两,桑枝,3两,槐枝,3两,乱发,3两,蛇蜕,3条,柳枝长,1尺7条
牛膝,None,麦芽,None
好人参,2两,干姜,5钱
白术,15克,茯神,9克,远志,6克,柴胡,1.5克,郁金,3克,白芍,30克,当归,9克,巴戟天,6克,陈皮,1.5克,白芥子,6克,神曲,1.5克,麦冬,9克,丹皮,9克
当归,5钱,黄芪,1两,荆芥,3钱,人参,3钱,白术,5钱,生地,5钱
白豆蔻,12克,川厚朴,12克,半夏,12克,滑石,30克,生苡米,30克,郁金香,12克,珍珠母,30克,甘草,5克
防风,None,荆芥,None,甘草,None
红花,1钱,桃仁,1钱,香附,1钱,砂仁,1钱,陈皮,1钱,甘草,5分,乌药,None,青皮,None,草蔻,None,干姜,None
雷公藤,25.0g,麻黄,9.0g,射干,9.0g,苦参,9.0g,黄芩,12.0g,瓜蒌,15.0g,葶苈子,15.0g,破故子,15.0g,黄芪,15.0g,鱼腥草,30.0g,沉香,0.6g,大枣,6枚
败鼓皮,3分,苦参,1两,蘘荷根,1两
阿胶,None,桑寄生,None,吴白术,None,人参,None,茯苓,None
葛根,15.0g,黄芩,10.0g,黄连,6.0g,麦冬,15.0g,半夏,12.0g,明参,30.0g,乌梅,10.0g,谷芽,20.0g,陈皮,10.0g,茯苓,12.0g
半夏,45克,厚朴,None,涂生姜汁,30克,赤苓,30克,苏叶,30克,诃黎勒皮,45克,枳壳,90克
苦参,5钱,花椒,1钱5分,黄柏,1钱5分,地肤子,3钱
防己,1两,百合,1两,郁李仁,1两,川木通,1两半,吴茱萸,None,海,None,陈皮,3分,当归,3分,赤苓,3分
生芦根,5合,淡竹青皮,8分,人参,8分,桔梗,5分,知母,10分,粟米,3合
黄连,2两,黄芩,1两,生地,1两
麻子仁,30克,桃仁,30克,川羌,15克,当归尾,15克,大黄,15克,皂角仁,15克,秦艽,15克
干姜,4两,草果,7钱半,甘草,7钱半,半夏曲,2钱半,白盐,1两
吴茱萸,15克,肉豆蔻仁,15克,干姜,15克,甘草,15克,陈皮,60克,厚朴,60克,高良姜,60克,砂仁,30克,神曲,30克,白术,30克
羚羊血,5钱,没药,5钱,漏芦,3钱,红花,3钱,大黄,2钱,麝香,3钱,升麻,3钱,白芨,5钱,生栀子,2钱,甘草,2钱,明雄黄,5钱,白敛,3钱
半夏,None,陈皮,None,香附,None,川芎,None,苍术,None,白芷,None,白术,None,川羌,None,当归,None,桔梗,None,黄芩,None,玄参,None,黄连,None,石膏,None,连翘,None,川贝,None,枳壳,None,桑螵蛸,None,海浮石,None,青黛,None,昆布,None,甘草,None,天花粉,None
黄柏,3两,北五味子,1两,知母,3两,人参,1两半,龟板,3两,枸杞子,3两,天冬,2两,琐阳,2两,白芍,1两半,当归,1两半,牛膝,2两,杜仲,2两,故纸,1两,沉香,5钱,熟地,5两,干姜,2钱,山茱萸肉,1两半
连翘,1钱,瞿麦,1钱,荆芥,1钱,川木通,1钱,车前子,1钱,赤芍,1钱,当归,1钱,防风,1钱,柴胡,1钱,滑石,1钱,蝉蜕,1钱,甘草,1钱,山栀仁,0.5钱,黄芩,0.5钱
川芎,1两半,黄连,1两半,当归,1两半,蒺藜,1两半,川羌,7钱,花椒,7钱,柏子仁,7钱,芥穗,1两,密蒙花,1两,甘菊花,1两,蝉蜕,1两,瓜蒌,2钱,薄荷,2两,蔓荆子,2两,地骨皮,None,蛇蜕皮,None,木贼,2两,童便浸,None
麻油,4两,马钱子,1两
白信石,0.5两,绿豆,0.5两,大黄,1两,麝香,1分
当归,1.5g,川芎,1.5g,白芍,1.5g,乳香,1.0g,没药,1.0g,元胡,1.5g,姜黄,1.0g,香附,1.5g,川羌,1.5g,防风,1.5g,威灵仙,1.5g,甘草,1.0g
金银花,20.0g,连翘,15.0g,薄荷,10.0g,桔梗,10.0g,杏仁,10.0g,藿香,15.0g,滑石,20.0g,石菖蒲,5.0g,射干,12.0g,浙贝,12.0g,明参,20.0g,黄芩,10.0g,芦根,30.0g,甘草,3.0g
赤苓,3两,桑根白皮,3两,防己,3两,木香,3两,黄芩,3两,郁李仁,2两半,川木通,2两,大腹,7颗
黄雄鸡,1只,净洗去血脉,None,于沸汤中掠过,None,良姜,1两,桑白皮,1两半,黄芪,1两
防风,5钱,黑丑,3钱,大黄,3钱,斑蝥,1钱,麝香,3分,雄黄,2钱半
石榴枝,90.0g,五倍子,30.0g,白矾,15.0g
黑豆,0.5升,干姜,4两
真藿香梗,3两,檀香末,6钱,真茅山术,6两,真蟾酥,6钱,顶上沉香,6钱,明雄黄,6钱,麝香,6钱,木香,6钱,漂净朱砂,6钱,公丁香,6钱
乌药,7.5克,香附,6克,当归,3克,木香甘草,1.5克
莲子草汁,2升,松叶,4两,青桐白皮,4两,枣根白皮,3两,防风,2两,川芎,2两,白芷,2两,辛夷仁,2两,藁本,2两,沉香,2两,秦艽,2两,商陆根,2两,犀角屑,2两,青竹皮,2两,细辛,2两,杜若,2两,蔓荆子,2两,零陵香,1两,甘松,1两,白术,1两,天雄,1两,柏白皮,1两,枫香,1两,生地黄汁,5升,生麻油,4升,猪鬃脂,1升,马鬐膏,1升,熊脂,2升,蔓荆子油,1升
黄连,1钱,葛根,1钱,赤苓,1钱,白术,1钱,猪苓,7分,泽泻,8分,苍术,1钱,川厚朴,7分,甘草,2分,生炙,2分,陈皮,5分
绿豆粉,1两,乳香,5钱,没药,5钱,朱砂,1钱,甘草,1钱
当归,5分,生地,5分,熟地,5分,黄芪,5分,人参,5分,白术,5分,甘草,5分,茯苓,5分,天冬,1钱,麦冬,1钱,白芍,1钱,黄柏,1钱,知母,1钱,五味子,1钱,柴胡,1钱,地骨皮,1钱,陈皮,1钱,莲心,5分
硫黄,2两,明雄黄,2两,朱砂,2两,赤石脂,2两,紫石英,2两,阳起石,None,醋淬,None
生地,30.0g,生芪,12.0g,防风,12.0g,鸡血藤,30.0g,川芎,10.0g,赤芍,12.0g,白芍,12.0g,丹皮,10.0g,蒺藜,12.0g,广郁金,12.0g,炙僵蚕,15.0g,荆芥,12.0g,乌梢蛇,15.0g,飞来鹤,30.0g,薅田藨,30.0g
当归,18.0g,白芍,15.0g,柴胡,10.0g,白术,15.0g,茯苓,12.0g,陈皮,10.0g,枳壳,12.0g,大腹皮,15.0g,麦冬,15.0g,黄连,10.0g,木香,12.0g,乌梅,10.0g,甘草,6.0g
川升麻,2两,黄芩,5两,钩藤,5两,犀角屑,5两,大青叶,5两,青黛,2两,虎睛,1对,天竺黄,0.5两,麝香,1分,冰片,1分,川朴消,1斤,竹沥,3合
浮萍草,None,白芷,None
白茅根,10.0g,车前子,6.0g,赤小豆,10.0g,玉米须,10.0g,连翘,10.0g,茯苓,10.0g,蝉蜕,3.0g,山药,10.0g,甘草,3.0g
大黄,4两,甘遂,2两,阿胶,2两
党参,10克,白术,10克,茯苓,10克,丹参,15克,香附,10克,良姜,5克,甘草,5克,青黛,1克
樟丹,4两,炉甘石,4两,黄连水飞,None,大青盐,0.5钱,硇砂,0.5钱,乳香,0.5钱,雄黄,0.5钱,川芎,0.5钱,黄连,0.5钱,枯白矾,0.5钱,轻粉,0.5钱,甘草,0.5钱,密陀僧,0.5钱,麝香,0.5钱,冰片,0.5钱,当归,0.5钱,白丁香,0.5钱,朱砂,3钱,没药,3钱,海螵蛸,3钱
真香油,1斤,樟丹,0.5斤,巴豆,70粒,木鳖子,5枚,穿山甲,5片
夏枯草,30克,香附,60克,甘草,9克
川黄柏,12.0g,没食子,12.0g,蛇床子,12.0g,白矾,12.0g
防风,8分,白鲜皮,8分,赤芍,8分,连翘,8分,黄芩,8分,牛蒡子,1钱,金银花,3分,栀子,5分,当归,5分,荆芥,4分,槐花,4分,僵蚕,2分,甘草,2分
茯苓,1两,当归,5钱,川芎,5钱,肉桂,5钱,白芍,5钱,黄芪,5钱,人参,5钱,熟地,5钱
枸杞子,2.0g,菊花,1.5g,熟地,2.0g,山萸肉,2.0g,山药,2.0g,泽泻,1.0g,丹皮,1.5g,茯苓,1.5g,当归,2.0g,白芍,2.0g
益智仁,2两半,石菖蒲,1两,白龙骨,3分,川乌头,1两,用牡蛎粉,1两
七气罂口,None,年深者良,None,用纯钢锉生锉末,None,研之无声,1钱,古文钱,None,500,None,年者良,None,火煅,None,醋淬,None,研之无声,5分
龙骨,1两,赤石脂,3两,当归,1两,肉豆蔻,1两,紫参,2两,干姜,1两
川乌,1.5g,草乌,1.5g,何首乌,1.0g,.仙茅,10.0g,淫羊藿,10.0g,威灵仙,10.0g
陈皮,1钱,半夏,1钱,当归,1钱,葛根,1钱,玄参,1钱,黄芩,8分,茯苓,8分,黄连,7分,甘草,5分
艾青,5两,干姜,2两,附子,1两
熟地,2两,当归,1两,人参,1两,白术,1两,肉桂,2钱
肉桂,6.0g,干姜,15.0g,黄药子,12.0g,黄连,12.0g,地榆,12.0g,槐花,12.0g,苍术,20.0g
茯苓,0.0g,猪苓,0.0g,茵陈蒿,0.0g,栀子,0.0g,大黄,0.0g,白茅根,0.0g,泽泻,0.0g,大腹皮,0.0g,赤芍,0.0g
附子,1枚,草果,5粒
陈皮,12克,枳实,2.5克,干姜,6克
杏仁,15.0g,薏苡仁,30.0g,半夏,15.0g,陈皮,12.0g,茯苓,15.0g,瓜壳,15.0g,石菖蒲,6.0g,川羌,15.0g,葛根,24.0g,苍术,18.0g,川芎,18.0g,麻黄,15.0g,紫苏,20.0g
火麻仁,1两半,川贝,1两,黄芩,1两,大豆卷,1两,粳米,1两,甘草,1两,干姜,1两,肉桂,1两,石斛,1两,石膏,1两,当归,0.5两,花椒,1两
陈皮,90克,杏仁,90克,火麻仁,90克,郁李仁,15克
五倍子,100.0g,诃子,100.0g,白矾,100.0g,白芨,100.0g,麻黄,100.0g,细辛,50.0g
连翘,0.0g,黄芩,0.0g,薄荷,0.0g,牛蒡子,0.0g,柴胡,0.0g,玄参,0.0g,射干,0.0g,川贝,0.0g,甘草,0.0g,荆芥,0.0g
半夏,18.0g,蒲公英,20.0g
蕤仁,18铢,秦皮,18铢,黄连,18铢,萤火虫,7枚,草决明,1合
山萸肉,120克,柏子仁,15克,远志,15克,覆盆子,30克,山药,30克
黑丑,45克,甘遂,15克,海金砂,15克
龙胆草,None,薄荷,1.0g
龙胆草,12.0g,茵陈蒿,20.0g,丹皮,15.0g,生地,30.0g,白芍,20.0g,川楝子,15.0g,郁金,15.0g,元胡,15.0g,柴胡,15.0g,刺力,15.0g,防风,15.0g,连翘,30.0g,板兰根,30.0g,荆芥,12.0g,大黄,6.0g
杜仲,None,大斤,None
麻黄,0.0g,益智仁,0.0g,肉桂,0.0g,五倍子,0.0g,干姜,0.0g
槟榔,3分,小茴香,3分,附子,1两,肉桂,3分,当归,3分,芎?,3分,公丁香,0.5两,白豆蔻,3分,吴茱萸,0.5两,木香,3分,青皮,3分
山萸肉,30.0g,龙骨,30.0g,牡蛎,30.0g,五味子,15.0g
熟地,1两,白芍,5钱,当归,5钱,川芎,3钱,白术,5钱,丹皮,3钱,元胡,1钱,甘草,1钱,柴胡,1钱
化橘红,None,川贝,None,半夏,None,杏仁霜,None,远志,None,桔梗,None,甘草,None,天花粉,None,木香,None,肉桂,None,枇把叶,None,款冬花,None,紫菀,None,前胡,None,苏子,None,麻黄,None
黄连,18克,附子,3克
川芎,1钱,白芍,1钱,当归,1钱,茯苓,1钱,熟地,1钱,陈皮,1钱,桔梗,1钱,香附,1钱,白术,1钱,人参,5钱,甘草,5钱,海粉,5钱,昆布,5钱,川贝,5钱,升麻,3钱,红花,3钱,夏枯草,None,再加红蜜,4两
人参,None,白术,None,茯神,None,当归,None,生地,None,酸枣仁,None,麦冬,None,半夏,None,枳实,None,黄连,None,竹茹,None,栀子,None,甘草,0.9克,朱砂,None
柴胡,12.0g,白芍,20.0g,枳壳,12.0g,藿香,20.0g,厚朴,12.0g,半夏,12.0g,干姜,10.0g,陈皮,10.0g,槟榔,15.0g,建曲,15.0g,麦芽,20.0g,茯苓,12.0g,白术,12.0g
轻粉,5分,麝香,5分,白信石,5分,白矾,1钱,朱砂,1钱,血竭,1钱,蟾酥,2钱,铜绿,2钱,寒水石,2钱,乳香,2钱,没药,2钱,雄黄,2钱,蜗牛,21个
鹿茸,3钱,葫芦巴,3钱,破故子,3钱,韭菜子,1钱,大茴香,2钱,附子,2钱,苍术,2钱,茯苓,3钱,菟丝子,3钱
地榆,None,甘草,None,干姜,None,葛根,None,罂粟,None,当归,None,白芍,None,茯苓,None
芥穗,30克,僵蚕,30克,天麻,30克,甘草,30克,川羌,15克,川芎,15克,白附子,15克,川乌头,15克,细辛,15克,全蝎,15克,藿香叶,15克,薄荷,90克,防风,30克
刘寄奴,1钱,骨碎补,5钱,元胡,5钱
当归身,9g,白芍,6g,酒生地,15g,玄参,9g,丹皮,6g,车前子,9g,酒茺蔚子,3g
丹皮,2两,川芎,2两,蒲黄,2两,肉桂,0.5两,大豆卷,2两
金银花,None,重楼,None,赤芍,None,细辛,None,蝉蜕,None,黄连,None,僵蚕,None,防风,None,泽兰,None,川羌,None,独活,None,青皮,None,甘草,None
木香,12.0g,砂仁,10.0g,半夏,18.0g,茯苓,12.0g,白术,15.0g,陈皮,10.0g,党参,30.0g,枳实,12.0g,槟榔,15.0g,元胡,15.0g,白芨,15.0g,白芍,15.0g,当归,20.0g,甘草,10.0g
桑叶,18.0g,菊花,15.0g,杏仁,12.0g,浙贝,12.0g,北沙参,30.0g,麦冬,12.0g,百部,12.0g,黄芩,12.0g,乌梅,12.0g,玄参,15.0g,荆芥,12.0g,甘草,6.0g
龙胆草,0.5两,犀角屑,1分,川升麻,0.5两,槟榔,1分,大黄,1分,甘草,1分,鳖甲,1分
柴胡,10克,黄芩,8克,海金砂,15克,金钱草,15克,鸡内金,10克,郁金,8克,炒金铃子,10克,白芍,10克,枳实,10克,赤苓,15克,车前子,10克
人参,3两,干姜,3两,甘草,3两,白术,3两,当归,2两,白芍,2两
鲜墨旱莲,8000.0g,白矾,75.0g,凡士林,None
人参,None,白芍,None,大黄,None,枳实,None,厚朴,None,槟榔,None,沉香,None
黄连,None,木香,None
杜仲,2两,蛇床子,2两,当归,2两,川芎,2两,干姜,2两,秦艽,2两,附子,2两,石斛,2两,肉桂,2两,细辛,2两,茵芋,2两,天雄,2两,花椒,2两,防风,2两,独活,2两
肉豆蔻,5个,木香,0.5两,人参,0.5两,厚朴,0.5两,赤苓,0.5两,肉桂,0.5两,甘草,0.5两,槟榔,5钱,诃黎勒皮,0.5两,青皮,0.5两,陈皮,0.5两,郁李仁,0.5两,半夏,None,同生姜捣如泥堆,0.5两
山萸肉,1斤,破故子,None,当归,4两,麝香,1钱
附子,None,炮裂,2钱半,甘草,2钱半,人参,7钱半,细辛,1钱半,桔梗,5钱,厚桂,2钱,茯苓,2钱,独活,2钱,半夏,None,滤,None,仍锉,3钱
大黄,4两,山奈,4两,天南星,4两,姜黄,4两,半夏,4两,白芨,3两,人中白,3两,白芷,3两,天花粉,3两,重楼,1两
肥葱,3升,麦麸,3升,沧盐,2两
乳香,12.0g,没药,12.0g,雄黄,10.0g,当归,20.0g,炙甲片,20.0g,僵蚕,20.0g,香附,20.0g,蟾酥,1.0g,甘草,1.0g
川乌,1两,草乌,1两,川羌,1两,独活,1两,穿山甲,1两,防风,1两,荆芥,1两,大黄,1两,黄芩,1两,黄柏,1两,蛇蜕半条,None,皂角刺,1两,管仲,1两,元武版,1两,连翘,1两,五倍子,5钱,蝉蜕,1两,蜈蚣,5条,甘草节,5钱,桔梗,5钱,当归,1两,川芎,1两,赤芍,1两,杜仲,1两,白芷,1两,金银花,1两,僵蚕,1两
桂枝,9克,白芍,9克,甘草,9克,干姜,9克,大枣,12枚,附子,6克
黄连,None,款冬花,None
防风,1两半,黄芩,1两,人参,1两,甘草,1两,芎?,1两,天冬,1两
雄黄,None,胭脂,None
羚羊粉,1两,赤苓,1两,川木通,0.5两,桑根白皮,1两,生干地黄,1两,薏苡仁,0.5两
生黄芪,0.0g,太子参,0.0g,土茯苓,0.0g,薏苡仁,0.0g,六月雪,0.0g,海螵蛸,0.0g
桂枝,9克,干姜,9克,甘草,6克,皂角,1挺,大枣,12枚
防风,2两,白术,1两,白鲜皮,2两,肉桂,1两3分,黄芪,2两,薏苡仁,3两
甘草,2钱,茯苓,3钱,半夏,3钱,桂枝,3钱,白芍,3钱,龙骨,2钱,牡蛎,3钱
小茴香,30克,乌药,30克,高良姜,30克,青皮,30克
白蔹,None,当归,None,白芍,None,大黄,None,莽草,None,川芎,None
藿香,2.0g,茵陈蒿,2.0g,滑石,2.0g,川木通,1.5g,石菖蒲,0.5g,赤苓,2.0g,连翘,2.0g,金钱草,2.0g,杏仁,1.5g,知母,1.5g,苍术,1.5g,龙胆草,1.5g
杏仁,15.0g,白豆蔻,10.0g,薏苡仁,30.0g,半夏,12.0g,通草,10.0g,桑叶,20.0g,芦根,30.0g,荆芥,12.0g,蝉蜕,12.0g,连翘,20.0g,前胡,15.0g,茵陈蒿,15.0g,桔梗,15.0g
当归,1.5g,川芎,1.5g,白芍,1.5g,乳香,1.0g,没药,1.0g,元胡,1.5g,姜黄,1.0g,香附,1.0g,川羌,1.0g,防风,1.5g,威灵仙,1.5g,甘草,1.0g
麻黄,None,杏仁,None,苏叶,None,桔梗,None,甘草,None
大黄,4两,饭熟为度,None,土瓜根,2两,牛膝,2两,桃仁,2两,尖双仁,None
牛黄,15克,琥珀,3克,朱砂,3克,雄黄,3克,胆南星,30克,礞石,15克,沉香,4.5克,犀角,4.5克,黄芩,60克,大黄,60克,天麻,15克,石菖蒲,30克,僵蚕,21克,蝉蜕,15克,猪心,2具
黄芪,30.0g,党参,30.0g,赤芍,9.0g,葛根,20.0g,川芎,9.0g,丹参,20.0g,当归,12.0g,地龙,6.0g,桃仁,9.0g,红花,6.0g,杜仲,24.0g,川牛膝,18.0g,砂仁,9.0g,怀牛膝,18.0g,天麻,10.0g,全蝎,10.0g,白芍,30.0g,生地,15.0g,熟地,15.0g,甘草,5.0g
胆矾,9克,僵蚕,18克,去丝,None
川升麻,1.5克,生甘草,1.5克,连翘,6克,炙僵蚕,9克,葛根,4.5克,桔梗,3克,金银花,9克,干荷叶,1角,薄荷,2.4克,京赤芍,6克,净蝉衣,2.4克,陈莱菔,9克
陈皮,10.0g,茯苓,30.0g,白扁豆,10.0g,防风,3.0g,白术,10.0g,山药,30.0g,藿梗,10.0g,白芍,10.0g,柴胡,10.0g,莲子,10.0g,浮小麦,30.0g,苏梗,10.0g
茯苓,1两,甘草,5钱,枳壳,3钱
厚朴,4两,苍术,4两,大枣,1升,剥核,None,研取枣汁约,5升,以来,None,同煮厚朴,None,苍术,None,候水尽为度,None,陈皮,3两,茯苓,2两半,人参,2两,甘草,3两
紫贝齿,15g,紫石英,9g,磁石,30g,生石决明,30g,夏枯草,15g,菊花,9g,钩藤,12g,白芍,12g,生地,9g,玄参,18g,栀子,9g,牛膝,12g
大黄,2两,杏仁,2两,枳实,1两,芒消,1合
核桃仁,None,拧油去滓,None,得油,3克
白豆蔻,60克,甘草,150克,木香,90克,厚朴,500克,砂仁,120克,公丁香,120克,青皮,120克,陈皮,120克,香附,500克
半夏,15.0g,黄连,12.0g,黄芩,15.0g,干姜,6.0g,党参,20.0g,大枣,12.0g,檀香,10.0g,木香,12.0g,白芍,15.0g,白芨,15.0g,乌梅,15.0g,甘草,6.0g
半夏,None,干姜,3分,槟榔,0.5两,肉桂,0.5两,旋覆花,0.5两,高良姜,0.5两,公丁香,1分,木香,1分
菟丝子,1两,五味子,1两,生干地黄,3两
芒硝,30.0g,甘草,9.0g
当归,None,川芎,None,肉桂,None
铅粉,1钱,铅粉,1钱,密陀僧,0.5钱,龙骨,0.5钱,轻粉,3钱,朴消,1钱,铅白霜,1钱,樟脑,0.5两,花碱,6钱,玉霜,1两3钱
赤鲤鱼鳞,2两,虻虫,0.5两,狗胆,0.5两,蒲黄,0.5两,乱发,2两,麝香,2钱
菟丝子,1斤,控干,None,甘菊花,1斤
枇杷叶,10.0g,桑白皮,10.0g,黄芩,10.0g,黄连粉,1.5g,生甘草,6.0g,当归,10.0g,玄参,30.0g,桃仁,10.0g,皂角刺,10.0g,蒲公英,15.0g,党参,15.0g,生黄芪,15.0g
天雄,None,附子,None,大川乌,None
桑叶,9g,桑枝,30g,芦根,30g,菊花,9g,淡豆豉,15g,栀子,9g,连翘,15g,金银花,15g,忍冬藤,24g,蔓荆子,9g,薄荷,6g,甘草,3g
防己,None,人参,None
半夏,15.0g,黄连,10.0g,黄芩,12.0g,干姜,3.0g,党参,30.0g,木香,12.0g,白芍,15.0g,枳壳,12.0g,柴胡,10.0g,甘草,6.0g,陈皮,10.0g,元胡,15.0g,牡蛎,20.0g
石膏,1斤,樟丹,1两
海浮石,90克,胆南星,30克,瓜蒌,90克,栀子,90克,青黛,2.4克,香附,60克,川芎,60克,苍术,None,搓去黑皮,None
人参,None,白术,None,茯苓,None,葛根,None,紫苏,None,半夏,None,芥穗,None,桔梗,None,杏仁,None,麻黄,None,防风,None,陈皮,None,甘草,None,桑白皮,None,枳壳,None,前胡,None
葶苈子,30克,猪苓,30克,防己,30克
沉香,1两,莪术,1两,诃子,1两,花椒,1两,当归,1两,附子,1两,白术,1两,麝香,1分,公丁香,0.5两,肉豆蔻,0.5两,高良姜,0.5两
杏仁,15.0g,白豆蔻,10.0g,薏苡仁,20.0g,半夏,15.0g,厚朴,12.0g,滑石,20.0g,茵陈蒿,15.0g,黄芩,12.0g,黄连,10.0g,藿香,20.0g,大黄,12.0g,陈皮,10.0g,甘草,3.0g
赤苓,2两,川木通,2两,白芍,1两半,吴茱萸,None,倍干,1两,郁李仁,1两,槟榔,3枚,紫菀,1两
钟乳粉,2两,人参,3分,石斛,3分,大麦糱,5钱,干姜,5钱,陈皮,5钱
嫩松香,1000.0g,樟脑,15.0g,冰片,7.5g
当归,2.0g,川芎,2.0g,白芍,2.0g,熟地,2.0g,阿胶,1.0g,蒲黄,2.0g,元胡,1.5g,三七,1.0g,仙鹤草,1.5g,桂枝,1.5g,白术,1.5g,大枣,1.5g,干姜,1.0g,甘草,1.0g
金银花,30.0g,连翘,30.0g,蒲公英,20.0g,苦地丁,20.0g,天花粉,15.0g,川贝,12.0g,当归,15.0g,白芍,15.0g,黄柏,12.0g,韭菜籽,15.0g,锁阳,15.0g,紫河车,15.0g,甘草,10.0g
茯苓,1钱,陈皮,1钱,半夏,1钱,白术,1钱,苍术,1钱,藿香,5分,泽泻,5分,甘草,5分,葛根,5分,柴胡,5分,厚朴,5分,木瓜,5分
紫苏,5分,枳实,5分,陈皮,5分,瓜蒌,5分,葛根,5分,香附,5分,茯苓,5分,甘草,3分
水蛭,15.0g,当归,15.0g,赤芍,15.0g,川芎,15.0g,红花,15.0g,川牛膝,15.0g,黄芪,30.0g
牛黄,45克,石膏,45克,大黄,15克,甘草,15克,僵蚕,15克,去丝,15克,天南星曲,30克,朱砂,9克,樟脑,9克
桔梗,30克,枳壳,30克
苏叶,None,白芍,None,川芎,None,桔梗,None,枳壳,None,乌药,None,白芷,None,川羌,None,独活,None,连翘,None,防风,None,白术,None,桂枝,None,甘草,None
升麻,30克,葛根,30克,柴胡,30克,白芍,30克,防风甘草,15克
茯苓,12克,桂枝,9克,白术,6克,甘草,6克
桑叶,10.0g,杏仁,6.0g,地龙,10.0g,桔梗,3.0g,川贝,5.0g,前胡,10.0g,蝉蜕,6.0g,僵蚕,6.0g,桑白皮,10.0g,远志,3.0g
人参,None,阿胶,None,白术,None,苍术,1.5g,黄柏,1.0g,蒲黄,1.5g
酒归尾,3钱,赤芍,2钱,丹皮,1钱5分,防风,1钱5分,酒红花,1钱,木香,6分
陈皮,1斤,干姜,None,公丁香,4两,人参,4两,甘草,4两,神曲,2两,麦糵,2两
独活,2两,白芍,1两,白术,1两,葛根,1两,茯苓,1两,防风,1两,茵芋,1两,细辛,1两,甘草,1两,防己,1两,芎?,1两,酸枣仁,1两,肉桂,1两,人参,1两,五加皮,2两,麻黄,2两,川乌头,1两
蛇蜕,10.0g,冰片香油,10.0g,紫草,10.0g
大黄,15克,黄芩,15克,莽草,15克,巴豆,15克,野葛,15克,牡丹,15克,踯躅,15克,芫花,15克,花椒,15克,皂角,15克,附子,15克,藜芦,15克
苏叶,None,当归,None
竹叶,12.0g,当归,12.0g,黄芩,12.0g,半夏,12.0g,川芎,6.0g,甘草,6.0g,白芍,15.0g,太子参,15.0g,麦冬,15石,熟地,30.0g,黄芪,30.0g
枳壳,3钱,木香,3钱,川楝子,3钱,黄芩,3钱,金钱草,10钱,大黄,2钱
附子,None,麻黄,None,白术,None,干姜,None,甘草,None,人参,None
健猪肺,1个,川贝,2钱,莲子,4两
麻黄,3克,干姜皮,3克,浮萍草,3克,杏仁,4.5克,丹参,15克,陈皮,9克,丹皮,9克,僵蚕,9克
虎睛,1对,犀角屑,1两,远志,1两,栀子仁,1两,大黄,1两
胡连,1分,升麻,0.5两,铅霜,1分
雄黄,1斤,鸡子,None
枇杷叶,2斤,山药,1斤,枸杞子,None,山萸肉,0.5斤,吴茱萸,1两
破故子,90克,葫芦巴,90克,小茴香,90克,川楝子,90克,续断,90克,桃仁,60克,杏仁,60克,山药,60克,茯苓,60克
薄荷,5钱,山豆根,5钱,青黛,3钱,硼砂,1钱5分,儿茶,1钱
黄花猛,0.0g,猫屎草,0.0g,蒌青,0.0g,闹洋花,0.0g,交龙木,0.0g,大艾,0.0g,红苑布柏,0.0g,洋花参,0.0g,假子素,0.0g,白朴叶,0.0g,三丫虎,0.0g,牛na勒,0.0g
防风,3两,枳实,3两,茯神,4两,麻黄,4两,细辛,2两,芎?,3两,前胡,4两,干姜,4两,半夏,4两,杏仁,3两,竹沥,3升
炭灰,5升,桑灰亦得,None,纱罗罗之,None,蚯蚓粪,1升,红花,None,捻,None
杏仁,10.0g,薏苡仁,20.0g,白豆蔻,6.0g,淡竹叶,10.0g,滑石,10.0g,半夏,10.0g,通草,10.0g,枳实,10.0g,苏梗,10.0g,大腹皮,10.0g,木香,10.0g,厚朴,12.0g,砂仁,3.0g
生绵耆,4钱,炙绵耆,4钱,当归,4钱,川芎,1钱,通草,2钱,白芷,5分,柴胡,4分
葛根,2两,麻黄,2两,桔梗,1两,杏仁,None,尖双仁,1两,甘草,1两,葶苈子,1两,石膏,1两
大黄,10两半,木香,10两半,槟榔,10两半,诃子,10两半,附子,10两半,川羌,10两半,鹤虱,10两半,干姜,10两半
晒参,None,当归,12.0g,血余炭,10.0g,党参,20.0g
独活,1.5g,槲寄生,2.0g,杜仲,1.5g,牛膝,1.5g,防风,1.5g,桂枝,1.5g,熟地,2.0g,白芍,2.0g,当归,2.0g,川芎,2.0g,黄芪,2.0g,甘草,1.0g
古文钱,5钱,乳香,5钱,没药,5钱,轻粉,1分
麦冬,7分,知母,7分,石韦,6分,甘草,None,泽泻,5分,冬葵子,6分,滑石,None,五味子,None
当归,2.0g,川芎,1.5g,生地,1.5g,白芍,1.5g,蒲黄,1.5g,元胡,1.5g,红花,1.0g,柴胡,1.5g,枳壳,1.5g,桂枝,1.5g,黄芪,2.0g
防风,1两,天麻,1两,升麻,1两,白附子,1两,定风草,1两,细辛,1两,川芎,1两,人参,1两,丹参,1两,苦参,1两,玄参,1两,紫参,1两,蔓荆子,1两,威灵仙,1两,穿山甲,1两,何首乌,1两,蜈蚣,1对
黄柏,3两,知母,3两,龟板,3两,熟地,None,锁阳,2两,枸杞子,2两,干姜,2两,五味子,1两,白芍,1两,天冬,1两,覆盆子,2两,菟丝子,2两,于白术,3两,陈皮,1两,牡蛎,1两,山萸肉,1两,虎胫骨,1两,防己,1两,牛膝,1两,当归,2两
柴胡,0.0g,黄芩,0.0g,半夏,0.0g,党参,0.0g,白芍,0.0g,桂枝,0.0g,甘草,0.0g,贯众,0.0g,虎杖,0.0g,干姜,0.0g,大枣,0.0g,饴糖,0.0g
大豆,1两,大黄,1两,生干地黄,1两,肉桂,1两
苍术,60克,川乌,30克,当归,30克,川芎,30克,乳香,9克,没药,9克,公丁香,1.5克
槐角,None,取黑者炒,1合,马牙消,3钱,生地,1合
附片,9克,肉桂,1.5克,续断,9克,焦艾,9克,茯苓,9克,芡实,9克,盐小茴,3克,海螵蛸,15克,金樱子,9克
代赭石,None,醋淬至碎,None,青皮,3钱,木香,3钱,莪术,3钱,五灵脂,3钱,北大黄,3钱,巴豆,1钱
茵陈蒿,9.0g,金钱草,9.0g,生栀子,3.0g,虎仗,5.0g,黄芩,3.0g,丹参,3.0g,车前子,8.0g,陈皮,3.0g
硫黄,1两,火硝,1两,雄黄,0.5两,滑石,0.5两,白矾,0.5两,寒食面,4两
丹皮,12.0g,当归,12.0g,怀牛膝,12.0g,知母,12.0g,栀子,8.0g,抗药,15.0g,白术,10.0g,柴胡,10.0g,茯苓,25.0g,薄荷,6.0g,全蝎,5.0g,甘草,5.0g
瞿麦,0.0g,扁蓄,0.0g,车前子,0.0g,滑石,0.0g,川木通,0石,苇,0.0g,冬葵子,0.0g,野菊花,0.0g
炉甘石,120克,黄连,21克,煮数沸,None,朴消,15克
玄参,5钱,当归,3钱,连翘,1钱,白芍,2钱,丹皮,2钱,荆芥,2钱,甘菊花,2钱,升麻,5分,天花粉,1钱
熟地,240两,茯苓,120两,当归,120两,黄芪,120两,川芎,120两,肉桂,60两,白芍,120两,苁蓉,120两,白术,120两,甘草,30两
大黄,0.5两,茵陈蒿,0.5两,葶苈子,0.5两
白面粉,6克,白糖,6克
荜茇,None,轻粉,None,蕤仁,None,木鳖子,None
青皮,None,当归,2.0g,莪术,1.5g,红花,1.0g,防风,1.5g
冰片,None,傲霜经风雨者,None,炭火中煅红,None,醋淬,None
阿胶,1两,蒲黄,0.5两
当归,20.0g,白芍,18.0g,生地,20.0g,川芎,15.0g,阿胶,10.0g,益母草,20.0g,蒲黄,12.0g,桃仁,12.0g,桂枝,12.0g,香附,15.0g
茯苓,0.0g,泽泻,0.0g,山萸肉,0.0g,丹皮,0.0g,生地,0.0g,赤芍,0.0g
瓜蒌仁,None,杏仁,None,黄连,None
朱砂,1钱,生麝,0.5钱,全蝎,1钱,乳香,0.5钱
沉香,3钱,茯苓,3钱,酸枣仁,2钱,人参,2钱,天麻,2钱,芎?,2钱,陈皮,None,藿香叶,1钱,甘草,1钱,僵蚕,1钱
半夏,8.0g,陈皮,8.0g,茯苓,8.0g,枳实,6.0g,竹茹,6.0g,杏仁,6.0g,苏叶,6.0g,甘草,6.0g,白芥子,6.0g,葶苈子,6.0g,大黄,2.0g
白花蛇舌草,30.0g,山药,15.0g,茯苓,15.0g,半边莲,10.0g,半枝莲,10.0g,陈皮,3.0g,甘草,3.0g
大黄,5.0g,黑丑,3.0g,黄连,3.0g,槟榔,3.0g,淡竹叶,3.0g,党参,6.0g,连翘,6.0g,甘草,6.0g
大青叶,0.0g,贯众,0.0g,重楼,0.0g
羚羊粉,None,柴胡,None,黄芩,None,川当归,None,草决明,None,川羌,None,赤芍,None,甘草,None
赤芍,3钱,当归尾,3钱,川芎,3钱,紫草,3钱,红花,3钱,血竭,1钱
半夏,4两,去滑,None,干姜,3两,蜜,3两,青州枣,2两,同生姜,None,蜜入银石器内与半夏末和熬,None,木香,0.5两,沉香,0.5两,青皮,0.5两,白术,0.5两,陈皮,0.5两,干姜,0.5两,附子,0.5两,肉豆蔻,0.5两,红豆蔻,0.5两
黄芪,0.0g,党参,0.0g,麦冬,0.0g,五味子,0.0g
大黄,2两,黄连,3两,黄柏,1两,黄芩,1两,曲衣,5合
半夏,12.0g,陈皮,10.0g,茯苓,12.0g,五味子,10.0g,太子参,30.0g,枳壳,12.0g,竹茹,15.0g,茵陈蒿,15.0g,黄连,6.0g,牡蛎,20.0g,麦芽,15.0g,甘草,6.0g
硼砂,3钱,樟脑,1钱,通明朴消,0.5两
鱼鳔,2两,丹皮,1两半,白芍,1两,沙菀蒺藜,2两,续断,1两,茯苓,1两半,熟地,4两,黄苓,1两,菟丝子,1两半,山萸肉,2两,杜仲,1两,萆薢,1两,山药,2两,当归,1两,车前子,2两,阿胶,1两5钱,益母草,1两,酒拌,None,饭上蒸过,None,香附米,1两
熟地,3两,白术,3两,苍术,None,山药,1两,独活,5钱,黄柏,5钱,当归,2两,白芍,2两,远志,2两,益智仁,1两,香附,1两,续断,2两,大茴香,5钱,杜仲,2两,黄芩,3两,虎胫骨,1对
当归,2钱,川芎,1钱,白术,1钱,制半夏,8分,陈皮,3分,前胡,4分,砂仁,4分,藿香,4分,干姜,4分,甘草,5分
山楂,None,金银花,None,丹参,None,益母草,None,独活,None,柴胡,None,牛膝,None,桃仁,None,艾叶,None,苏木,None,姜黄,None,香附,None
墨旱莲,1秤,月以后收采,None,拣择无泥土者,None,不用洗,None
生箭耆,2两,当归,8钱,桂圆肉,8钱,杭萸肉,5钱,胡桃肉,5钱,地龙,3钱,生乳香,3钱,生没药,3钱,鹿角胶,6钱,制马钱子末,3分
骨碎补,1钱,香附,1钱,草乌,1钱半,川芎,1钱
大枳壳,120克,大草乌,120克
黑小豆,1升,绿豆,1升,生甘草,2两,连翘,1两,天花粉,1两,黄芩,1两,麝香,2分,金箔,20张,朱砂,5钱,雄黄,5钱,山慈菇,1两,白扁豆,2两
熟地,5钱,油归,5钱,川芎,3钱,苁蓉,3钱,牛膝,2钱,泽泻,1钱半,枳壳,1钱,升麻,7分
秦艽,10.0g,桃仁,6.0g,苍术,6.0g,防风,6.0g,黄柏,10.0g,当归,10.0g,泽泻,10.0g,槟榔,6.0g,熟地,10.0g,地榆,15.0g,槐花,10.0g,芥穗,6.0g
壁虎,6.0g,莪术,10.0g,水蛭,3.0g,海藻,10石,见穿,30.0g,薏苡仁,30.0g,半枝莲,30.0g,破故子,12.0g,木灵芝,3.0g
白术,15克,当归,15克,肉桂,1.5克,甘草,3克
厚朴,3分,龙骨,0.5两,茯苓,3分,人参,3分,白石脂,0.5两,陈皮,None,当归,3分,肉豆蔻,1枚,乌梅,0.5两,干木瓜,0.5两
公丁香,1两,木香,1两,白豆蔻,0.5两,半夏曲,0.5两,神曲,0.5两,白术,1两半,白姜,1两半,陈皮,1两半,人参,3钱,毕澄茄,3钱,肉豆蔻,0.5两,甘草,2钱
葶苈子,5分,草龙胆,5分,山栀子,5分,茵陈蒿,5分,枳实,5分,甘草,5分
黄柏,1斤,分作,4份,用酒,None,蜜,None,人乳,None,糯米泔浸透,None,炙干,None
古铜钱,None,乳香,1两,没药,1两
杨梅皮,None,踯躅花根,None,薄荷,None,白芷,None,甘草,None,细辛,None,皂角,None,麝香,0.5分
砂仁,None,黄连,10.0g
茵陈蒿,15.0g,滑石块,15.0g,生苡米,15.0g,防风,10.0g,防己,10.0g,猪苓,10.0g,老鹳草,15.0g,金银花,15.0g,露蜂房,10.0g,蜈蚣,2条,僵蚕,10.0g,全蝎,4.0g,生甘草,6.0g,雷公藤,10.0g
川芎,0.0g,白芷,0.0g,川羌,0.0g,荆芥,0.0g,防风,0.0g,细辛,0.0g,薄荷,0.0g,甘草,0.0g
冬葵子,2合,滑石末,1两
黄连,5钱,当归,3钱
当归,1钱,白芍,1钱,附子,1钱,黄芪,1钱,虎胫骨,1钱,土茯苓,8钱
白芥子,10.0g,苏子,10.0g,菜菔子,10.0g,陈皮,10.0g,桔梗,10.0g,厚朴,10.0g,枳实,6.0g,瓜蒌,24.0g,蒲公英,24.0g
北五味子,1分,茯苓,1分,桑白皮,1分,紫苏,1分,细辛,1分,陈皮,1分,枳壳,1分,杏仁,1分,阿胶,1分,甘草,1分,罂粟壳,None,截碎,None,蜜,1分,半夏,2分
金银花,6.0g,连翘,6.0g,板蓝根,9.0g,黄芩,6.0g,石膏,15.0g,淡竹叶,6.0g,荆芥,6.0g,建曲,6.0g,防风,6.0g,僵蚕,6.0g
诃子,1两半,附子,1两,当归,3分,桔梗,0.5两,肉豆蔻,3分,木香,0.5两,吴茱萸,1分,甘草,1分,陈皮,1两
磁石,0石,滑石,0.0g,寒水石,0.0g,硝石,0.0g,芒硝,0.0g,栀子,0.0g,竹叶,0升,穿心莲,0.0g,珍珠层粉,0.0g,沉香,0.0g,牛黄,0.0g,冰片,0.0g
半夏,15.0g,黄连,10.0g,黄芩,10.0g,干姜,5.0g,党参,30.0g,谷芽,20.0g,麦芽,20.0g,佛手,12.0g,厚朴,12.0g,藿香,20.0g,枳壳,10.0g
冰片,4分,煅甘石,1两2钱,轻粉,5钱,白占,3两5钱,菜油,1斤
甘草,None,大黄,None,白蔹,None,黄芪,None,芎?,None
大黄,4两,黄连,4两,黄芩,4两
柴胡,6.0g,白芍,6.0g,枳壳,6.0g,元胡,6.0g,苍术,5.0g,厚朴,4.0g,川楝子,10.0g,陈皮,3.0g,生甘草,3.0g
干姜,30.0g,捣汁蜂蜜,60毫升
蛇床子,10两,川楝子,10两,熟地,10两,生地,10两,生杏仁,10两,肉桂,10两,续断,10两,川附片,10两,牛膝,10两,菟丝子,10两,木鳖子,10两,谷精草,10两,紫梢花,10两,天冬,10两,麦冬,10两,肉豆蔻,10两,苁蓉,10两,甘草,64两,虎骨,16两
天竺黄,22.5克,牛黄,7.5克,朱砂,22.5克,麝香,7.5克,黄连,30克,铁粉,30克,远志,22.5克,甘菊花,15克,马牙消,15克,龙齿,22.5克,茯神,15克,冰片,7.5克,金银箔,50片,甘草,7.5克
柴胡,10.0g,白芍,12.0g,枳壳,12.0g,青皮,12.0g,槟榔,15.0g,桃仁,15.0g,大黄,15.0g,火麻仁,30.0g,陈皮,10.0g,黄连,10.0g,白芷,12.0g
人参,15克,石膏,36克,知母,21克,甘,12克
香薷,10.0g,厚朴花,10.0g,扁豆花,10.0g,金银花,10.0g,连翘,10.0g,神曲,10.0g,荆芥,5.0g
恒山,1两,茵陈蒿,1两,赤苓,1两,知母,1两,鳖甲,1两,甘草,0.5两
石膏,9克,玄参,3克,生地,3克,赤芍,3克,川贝,3克,天花粉,3克,麦冬,4.5克,甘草,1.5克
柴胡,0.5两,大青叶,3分,葛根,0.5两,石膏,1两,知母,0.5两,栀子仁,0.5两,川升麻,3分,黄芩,3分,甘草,0.5两
干漆,1分,芫花,1分,当归,1分,五灵脂,1分,硇砂,0.5两,香墨,1分,麝香,0.5分,巴豆,10枚
丛枝蓼,4000g,白花败酱草,2000g,辅料,None
柴胡,6克,白芍,30克,香附,6克,薄荷,6克,当归,30克,陈皮,3克,枳壳,3克,天花粉,9克,生甘草,9克,金银花,30克
秋麻子,3升,水渍,None,防风,2两,肉桂,2两,干姜,2两,石膏,2两,陈皮,2两,麻黄,3两,竹叶,1握,葱白,1握,淡豆豉,1合
黄连,1两,阿胶,1两
马钱子,120.0g,全蝎,40.0g,尸地龙,40石,石菖蒲,40.0g,制半夏,40.0g,僵蚕,40.0g,乳香,40.0g,没药,40.0g,生甘草,40.0g,生绿豆,60.0g
蟾酥,3克,雄黄,3克,铜绿,3克,炒绿矾,3克,轻粉,3克,乳香,3克,没药,3克,枯矾,3克,干蜗牛,3克,麝香,1.5克,血竭,1.5克,朱砂,1.5克,煅炉甘石,1.5克,煅寒水石,1.5克,硼砂,1.5克,灯草灰,1.5克
荜茇,None,麦芽,None,青皮,None,人参,None,桔梗,None,柴胡,None,白豆蔻,None,南木香,None,高良姜,None,半夏曲,None
玄参,30.0g,金银花,30.0g,当归,12.0g,陈皮,9.0g,乳香,12.0g,没药,12.0g,白扁豆,12.0g,苍术,9.0g,甘草,3.0g
紫草,21.0g,川黄柏,21.0g,乳香,30.0g,制没药,30.0g,白芷,45.0g,丹皮,45.0g,寒水石,45.0g,大黄,45.0g,当归,60.0g,生地,90.0g,芝麻油,2500.0g,蜂蜡,500.0g
常山,1两,乌梅,1两,甘草,3分
金黄散,0.0g,凡士林,0.0g
艾曲,1升,干姜,1两,细辛,1两,椒目,1两,附子,1两,肉桂,1两
生地,6克,甘草,6克,川木通,6克,竹叶,None
琥珀,3克,人参,9克,白术,9克,茯苓,6克,桂枝,3克,附子,3克,干姜,3克,砂仁,3克,陈皮,6克,破故子,6克,桑白皮,6克
川乌,14个,朱砂,1两,乳香,1分
茯苓皮,9克,大腹皮,6克,五加皮,6克,防己,6克,茵陈蒿,6克,桑枝,15克,苍术,4.5克,石菖蒲,1.5克
胡连,9克,柴胡,9克,前胡,9克,乌梅,9克
沉香,30克,乳香,30克,木香,30克,藿香,30克,公丁香,30克,续断,30克,熟干地黄,60克,白芍,30克,柏子仁,30克,石长生,30克,厚朴,45克,涂生姜汁,None,败酱草,30克,人参,30克,茯苓,30克,鹿角,60克,虎胫骨,60克
光明砂,0.5两,古子花,0.5两,雄黄,0.5两,槟榔,3枚,桃仁,1分,尖双仁,None,金箔,30片,紫石英,0.5两,远志,1分
川木通,12.0g,车前子,30.0g,扁蓄,15.0g,瞿麦,15.0g,滑石,20.0g,栀子,12.0g,甘草,3.0g,黄柏,10.0g,萆解,12.0g,沉香,10.0g,牛膝,15.0g,皂角刺,15.0g,莪术,10.0g
紫荆皮,None,白芷,None,大黄,None,姜黄,None,天南星,None,大柏皮,None,赤小豆,None,寒水石,None
乳香,5钱,没药,5钱,自然铜,5钱,钱,0.5两,醋淬,None,甜瓜子仁,5钱,络户绵,5钱,当归,5钱,白芍,5钱,川芎,5钱,草乌,1两
龟板,2两,黑桑耳,2两,鹿茸,1两,涂酥,None,禹余粮,1两,醋淬,None,当归,1两,柏子仁,1两,吴茱萸,0.5两,芎?,1两,白石脂,1两
槟榔,None,木香,None,人参,None,甘草,None,荆三棱,None,干姜,None,肉桂,None,青皮,None,厚朴,None,神曲,None,白术,None
大黄,42.0g,槐花,12.0g,当归尾,18.0g,低榆,24.0g,侧柏叶,18.0g,泽泻,24.0g,麦芽,24.0g,金银花,18.0g,玄明粉,18.0g,枳壳,24.0g,甘草,18.0g
方,None,黄芪,30克,虎杖,15克,白花蛇舌草,15克,露蜂房,15克,半枝莲,15克,仙鹤草,15克,土茯苓,15克,淫羊藿,15克,鹿衔草,15克,柴胡,12克,郁金,12克,当归,12克,生鸡内金,12克,桂枝,9克,甘草,3克
女贞子,30.0g,冬虫夏草,30.0g,丹参,15.0g,川芎,15.0g,莪术,15.0g
柴胡,15.0g,泽泻,15.0g,黄芩,12.0g,虎杖,30.0g,半枝莲,30.0g,土茯苓,30.0g,茵陈蒿,30.0g,金钱草,30.0g
半夏,None,柴胡,1两,黄芪,1两,赤芍,1两,人参,1两,肉桂,1两,陈皮,None,大腹皮,1两
麻黄,15.0g,桂枝,10.0g,白芍,12.0g,细辛,3.0g,半夏,12.0g,杏仁,15.0g,紫苏,20.0g,桔梗,12.0g,百部,12.0g,紫菀,12.0g,地龙,15.0g,当归,20.0g,苏子,12.0g,甘草,6.0g
龙胆草,None,柴胡,None,黄芩,None,栀子,None,连翘,None,知母,None,麦冬,None,黄连,None,人参,None,甘草,None
砂仁,None,竹茹,15.0g,枳壳,12.0g
肉豆蔻,1枚,青皮,0.5分,木香,1分,陈粟米,1合
黄芪,1两,当归,1两,人参,1两,桔梗,1两,白芍,1两,甘草,1两
干姜,1分,黄连,1分,肉桂,1分
松香,5斤,取出晒干,None,如不能,3个,可将松香熔化,None,倾入童便内,None,又熔化,None,倾入童便内,None,如此九次,None
川当归,4两,罂粟壳,4两,炒甘草,2两,赤芍,1两,酸榴皮,1两,炒地榆,1两
黄芪,60.0g,当归,25.0g,赤芍,15.0g,水蛭,8.0g,川芎,10.0g,桃仁,10.0g,红花,6.0g,丹参,10.0g,鸡血藤,30.0g
覆盆子,1两,细辛,0.5两,当归,0.5两,草决明,0.5两,芎?,0.5两,五味子,0.5两,人参,0.5两,茯苓,0.5两,川羌,0.5两,肉桂,0.5两,柏子仁,0.5两,防风,0.5两,甘菊花,0.5两,枸杞子,0.5两,车前子,0.5两,甘草,0.5两
五苓散,1帖,加灯心,30茎
金银花,30.0g,连翘,20.0g,荆芥,12.0g,薄荷,10.0g,桔梗,12.0g,大力,15.0g,芦根,30.0g,黄芩,12.0g,川羌,15.0g,玄参,15.0g,辛荑,12.0g,紫菀,12.0g,甘草,6.0g
当归,1分,白芍,1分,人参,1分,甘草,0.5分,桔梗,1钱,陈皮,1钱
赤石脂,8两,乌梅,20枚,栀子,14枚,白术,3两,花椒,3两,升麻,3两,干姜,2两,粟米,1升
上沉香,3克,尖槟榔,3克,小枳实,3克,广木香,3克,台乌药,3克,生锦纹,3克
姜黄,None,三棱,None,毕澄茄,None,陈皮,None,高良姜,None,人参,None,莪术,None
柴胡,24.0g,白术,24.0g,白芍,30.0g,当归,15.0g,茯苓,12.0g,菊花,12.0g,甘草,9.0g
肉桂,45克,丹皮,24克,黄芪,60克,党参,60克,当归,60克,生地,60克,白芍,30克,苁蓉,30克,附子,30克,木鳖子,30克,荆芥,15克,防风,15克,麻黄,15克,桂枝,15克,柴胡,15克,前胡,15克,升麻,15克,葛根,15克,苏叶,15克,薄荷,15克,川羌,15克,独活白芷,15克,藁本,15克,川芎,15克,细辛,15克
枳实,45克,菊花,30克,蛇床子,30克,防风,30克,白薇,30克,浮萍草,30克,蒺藜,30克,天雄,15克,麻黄,15克,漏芦,15克
柴胡,None,枳壳,None,白芍,None,甘草,None,香附,None,元胡,None
生地,None,黑豆,2两
金银花,12.0g,杭菊花,10.0g,辛夷花,10.0g,苍耳子,10.0g,蔓荆子,6.0g,牛蒡子,10.0g,白芷,6.0g,黄芩,10.0g,桔梗,10.0g,浙贝,10.0g,蒲公英,15.0g,栀子,8.0g
猪苓,15.0g,白术,15.0g,泽泻,18.0g,桂枝,7.0g,丹参,20.0g
黄芪,20.0g,太子参,30.0g,五味子,10.0g,麦冬,15.0g,生地,20.0g,白芍,15.0g,丹参,20.0g,牡蛎,20.0g,川芎,15.0g,郁金,12.0g,瓜壳,15.0g,葛根,15.0g,钩藤,15.0g
甘菊花,1两,旋覆花,0.5两,人参,1两,川升麻,3分,防风,0.5两,车前子,0.5两,石膏,1两,羚羊角屑,0.5两,黄芩,0.5两,草决明,1两,杏仁,0.5两,尖双仁,None,甘草,1分
厚朴,2两,诃黎勒皮,1两,附子,0.5两,吴茱萸,None,鳖甲,1两,三棱,0.5两
干漆,None,白芜荑,None
沉香,0.5两,木香,0.5两,硇砂,0.5两,附子,1两,公丁香,0.5两,槟榔,0.5两,小茴香,0.5两
上好片松香,3斤,拉拔过,None,倾去水,None,再换水煮,None,再拉拔换水,None,如此以,None,遍为度,None,将松香研末,None,用姜汁,None,葱汁,None,白凤仙汁,None,烧酒,None,闹羊花汁,None,商陆根汁,None,韭菜汁,None,童便,None,挨次将松香拌浸透,None,作,None,次制过,None,其第,None,将好醋,None,不可多,None,再拌松香,None,川乌,4两,草乌,4两,苍术,4两,上肉桂,4两,白芥子,4两,干姜,4两,蓖麻子,4两,血余炭,8两
天雄,None,附子,None,防风,60克,独活,60克,当归,60克,白术,60克,五加皮,45克,川芎,45克,肉桂,45克,干姜,45克
桑叶,3.0g,菊花,2.0g,薄荷,1.5g,黄芩,1.5g,栀子,1.5g,夏枯草,1.5g,白芷,1.5g,白鲜皮,1.5g,桑白皮,2.0g,石菖蒲,1.0g
白头翁,30.0g,黄连,12.0g,黄柏,12.0g,秦皮,15.0g,白芍,15.0g,木香,15.0g,槟榔,15.0g,当归,20.0g,半夏,15.0g,陈皮,10.0g,柴胡,10.0g,防风,12.0g,甘草,6.0g
南瓜子,210.0g,白糖,150.0g,玄明粉,24.0g
熟地,8两,山萸肉,4两,山药,4两,茯苓,2两5钱,丹皮,2两5钱,泽泻,2两,当归身,3两,枸杞子,3两
马鞭草,4两,芥穗,4两,丹皮,1两,赤芍,2两,枳壳,2两,肉桂,2两,当归,2两,川芎,2两
花椒,49粒,槐枝,3厘,蜂蜡,30克,轻粉,0.6克,枯矾,0.3克
茯苓,1两,新罗参,1两,川雄黄,1两,牙消,1两,甘草,1两,冰片,None,麝香,None,牛黄,None
白术,None,赤苓,None,木香,None,泽兰,None,厚朴,None,续断,None,肉桂,None,槟榔,None,陈皮,None,麦芽,None,神曲,None,青皮,None,椒目,None,川木通,None,白扁豆,None
蔓荆子,1钱,粉干葛,1钱,赤芍,1钱,前胡,1钱,桑白皮,1钱,淮木通,1钱,怀生地,1钱,麦冬,1钱,赤苓,1钱,绿升麻,5分,小甘草,5分
白芍,15克,当归,15克,栀子,15克,淡豆豉,20克
熟地,9克,生地,9克,当归身,9克,白芍,3克,甘草,3克,桔梗,2.4克,玄参,2.4克,川贝,1.5克,麦冬,1.5克,百合,1.5克
川乌,None,草乌,None,斑螫,None,巴豆,None,细辛,None,胡椒,None,白矾,None,干姜,None,麻黄,None
桃仁,12.0g,红花,10.0g,当归,20.0g,川芎,15.0g,白芍,15.0g,生地,18.0g,桂枝,15.0g,黄芪,30.0g,干姜,5片,大枣,15.0g,葛根,18.0g,甘草,10.0g
党参,30.0g,白术,9.0g,茯苓,12.0g,甘草,3.0g,陈皮,6.0g,薏苡仁,30.0g,厚朴,9.0g,白豆蔻,9.0g
绵黄耆,None,人参,None
肉桂,2钱,白术,2两,茯苓,1两,薏苡仁,1两,橘核,1钱
五倍子,0重,甘油,0.0g
吴茱萸,3.0g,干姜,3.0g,黄连,10.0g,白术,15.0g,陈皮,12.0g,藿香,30.0g,半夏,12.0g,砂仁,10.0g,党参,30.0g,茯苓,12.0g,桔梗,10.0g
麦冬,2两,黄芩,1两,柴胡,1两,升麻,1两,白芍,1两,甘草,1两
白术,3钱,人参,2钱,肉桂,3分,陈皮,3分,半夏,1钱,苏叶,5分
人参,3钱,蒺藜,1钱,白石脂,1钱,白术,1钱,杏仁,1钱,苍术,1钱,蛤蚧,1钱5分,车前子,1钱5分,旋覆花,1钱5分,玉屑,1钱5分,五味子,21粒,黑枣,2枚
鳖头,1个,酥炙,None,研为细末,None,加白砒,1两,白矾,2两,轻粉,4钱,净蟾酥,2钱
川芎,2两,细辛,2两,芥穗,2两,当归,2两,大青盐,4两
茵陈蒿,90.0g,乌梅,24.0g,川楝子,30.0g,干姜,6.0g,白芍,15.0g,乌药,12.0g,木香,12.0g,甘草,6.0g
茵陈蒿,6.0g,连翘,3寸,生地,3.0g,忍冬藤,3.0g,全车前,3.0g,玄参,3.0g,六一散,3.0g
生地,30.0g,熟地,15石,丹皮,15.0g,当归,12.0g,赤芍,12.0g,桃仁,12.0g,红花,9.0g,牛膝,9.0g,甘草,6.0g
金银花,15.0g,连翘,9.0g,桑叶,9.0g,菊花,9.0g,山豆根,9.0g,金果榄,9.0g,板蓝根,9.0g,生地,9.0g,石膏,9.0g,黄芩,9.0g,牛蒡子,4.5g,生甘草,3.0g
小蓟,0.0g,白茅根,0.0g,丹皮,0.0g,赤芍,0.0g,蒲公英,0.0g,连翘,0.0g,炒地榆,0.0g,炒蒲黄,0.0g,旱莲草,0.0g
柴胡,12.0g,白芍,12.0g,枳实,12.0g,甘草,12.0g
当归,None,黄芪,None,地黄,None,川芎,None,地骨皮,None,白芍,None
山楂,None,神曲,None,槟榔,None,山药,None,白扁豆,None,鸡内金,None,枳壳,None,麦芽,None,砂仁,None
柴胡,10.0g,天花粉,15.0g,当归,10.0g,桃仁,10.0g,红花,10.0g,大黄,10.0g,穿山甲,10.0g,甘草,5.0g
陈皮,None,半夏,None,甘草,None,白芷,None,全蝎,None,川羌,None,防风,None,荆芥,None,升麻,None,细辛,None,芦荟,None
细辛,3克,薄荷,3克,皂角,3克,雄黄,3克
蒲黄,20.0g,低榆炭,15.0g,海螵蛸,20.0g,茜草,15.0g,山药,15.0g,防风,10.0g,苍术,10.0g,黄柏,10.0g,甘草,10.0g
吴茱萸,1两,干姜,1两,白术,1两,甘草,1两
青皮,1枚,巴豆,1粒
大黄,1钱,连翘,7分,射干,7分,升麻,7分,独活,7分,桑寄生,7分,沉香,7分,木香,7分,藿香,7分,公丁香,7分,甘草,7分,麝香,3分
桂枝,1.5g,茯苓,1.5g,赤芍,1.5g,桃仁,1.5g,当归,1.5g,香附,1.5g,益母草,2.0g,薏苡仁,2.0g,红花,1.0g,莪术,1.0g,蒲公英,2.0g
卷柏,1两,紫参,1两,藁本,1两,当归,1两,熟干地黄,1两,柏子仁,1两,干姜,1两,禹余粮,None,白薇,1两,芎?,3分,人参,3分,石斛,3分,肉桂,3分,附子,3分,五味子,3分,防风,3分,吴茱萸,None,甘草,3分,牛膝,3分,桑寄生,3分,花椒,3分
全蝎,0.5钱,铜绿,0.5钱,朱砂,1钱,轻粉,1字,麝香,None
小茴香,2两,巴戟天,2两,肉苁蓉,2两,丹皮,2两,枸杞子,2两,破故子,2两,沙苑子,4两,生地,4两,熟地,4两,朱砂,6钱
人参,12.0g,生黄芪,60.0g,当归,20.0g,鹿角胶,15升,柴胡,9.0g,蜈蚣,6条,全蝎,6.0g
羚羊角屑,3两,伏龙肝,5两,熟艾,1两,地榆,2两,牛膝,3两,牡丹,2两,白芍,4两,生干地黄,2两,侧柏叶,2两,大蓟根,3两,鸡苏叶,1两,蛴螬,5枚
金银花,30.0g,野菊花,30.0g,紫花地丁,30.0g,蒲公英,30.0g,玄参,30.0g,紫背天癸,15升,黄连,6.0g,乳没,6.0g,皂角刺,10.0g,穿山甲,10.0g,柴胡,10.0g
百合,1分,人参,1分,淡豆豉,None,半合,None,粳米,None,半合,None,陈皮,None,薤白,5茎,干姜,0.5两
黄芪,30.0g,山药,30.0g,葛根,30.0g,益母草,30.0g,丹参,30.0g,白芍,12.0g,木香,10.0g,地龙,10.0g,当归,15.0g,川芎,15.0g
龙胆草,9.0g,川木通,6.0g,荆芥,9.0g,防风,9.0g,玄参,15.0g,天麻,10.0g,钩藤,10.0g,全蝎,3.0g,牡蛎,30.0g,黄芩,10.0g,蒺藜,10.0g,菊花,10.0g,川芎,6.0g
破故子,180.0g,吴茱萸,80.0g,炒五味子,120.0g,肉豆蔻,120.0g,花椒,30.0g,制硫磺,18.0g,大枣,80枚,生姜片,180.0g
麦芽,1升,花椒,1两,干姜,3两
雌黄,None,雄黄,None
灯笼草,30.0g,三桠苦,30.0g,岗梅根,30.0g,甘草,9.0g
柴胡,3克,炒黄芩,3克,人参,1.5克,炒山栀,1.5克,半夏,1.5克,龙胆草,1.5克,当归,1.5克,白芍,1.5克,甘草,1.5克
初出卷荷,30克,红花,30克,当归,30克,蒲黄,15克,丹皮,15克
防风,None,川羌活,None,半夏,None,黄芩,None,天南星,None,细辛,None,白术,None,甘草,None,川芎,None
轻粉,None,白附子,None,黄芩,None,白芷,None,防风,None
牡蛎,0.0g,海藻,0.0g,昆布,0.0g,蒺藜,0.0g,白芍,0.0g,生地,0.0g,玄参,0.0g,枸杞子,0.0g,小胡麻,0.0g
附子,1两,川乌头,1两,天雄,1两,肉桂,1两半,干姜,1两半,防风,1两半,槟榔,2两半
白龙骨,None,牡蛎,None
丹参,4两,大川芎,1两半,川归身,2两,乌药,1两,香附,3两,只用净末,1两
鳖甲,1600两,阿胶,240两,冰糖,80两,黄酒,48两,香油,24两
白鲜皮,15克,大豆卷,12克,生苡米,12克,土茯苓,12克,山栀子,6克,丹皮,9克,金银花,15克,连翘,12克,苦地丁,9克,川木通,6克,滑石块,15克,生甘草,6克
朱砂,1钱,雄黄,2钱,金果榄,1两,人指甲,2钱,黄连,1钱,冰片,5钱,西瓜霜,3钱,生硼砂,1钱,熊胆,1钱,玄明粉,5钱
党参,3.0g,麦冬,2.0g,五味子,1.0g,白芍,2.0g,柴胡,1.0g,枳壳,1.5g,白术,2.0g,山药,2.0g,黄连,1.5g,当归,2.0g,黄芪,2.0g
龙胆草,3钱,胡连,2钱,牛黄,1钱,大黄,2钱,犀角屑,2钱
川羌,20.0g,独活,20.0g,桑寄生,30.0g,秦艽,20.0g,防风风,5.0g,细辛,10.0g,川芎,20.0g,当归,30.0g,熟地,30.0g,白芍,20.0g,桂枝,20.0g,茯苓,20.0g,杜仲,40.0g,桃红,15.0g,枸杞子,30.0g,人参,20.0g,鹿角片,20.0g,肉苁蓉,20.0g,三七,20.0g,伸筋草,15.0g,伸筋草,15.0g
蛇蜕,15克,蝉蜕,15克,黄连,15克,绿豆,30克,甘草,6克
茯苓,2两,人参,1两,诃子,0.5两,白术,4两
全蝎,90克,去足,None,白术,90克,半夏,30克,白芍,120克,茯苓,120克,甘草,15克
水银,3克,好茶,6克,闾茹,9克,轻粉,None
黄芩,None,黄柏,None,黄连备,None
生地,15.0g,丹皮,12.0g,白鲜皮,12.0g,石膏,15.0g,知母,10.0g,荆芥,12.0g,防风,12.0g,金银花,15.0g,苦参,12.0g,蛇床子,12.0g,蒺藜,15.0g,仙鹤草,30.0g,甘草,6.0g
天冬,None,麦冬,None,石菖蒲,None,茯苓,None,人参,None,益智仁,None,枸杞子,None,地骨皮,None,远志,None
柴胡,25.0g,黄芩,18.0g,川木通,12.0g,瞿麦,20.0g,车前草,30.0g,滑石,30.0g,蒲公英,30.0g,香附,10.0g,甘草,6.0g
羌活身,1钱半,升麻,1钱半,麻黄,1钱半,桃仁,10个,柴胡,2钱,红花,1分,当归,1分,防风,1钱,甘草,2分,独活,5分,猪苓,5分,黄柏,1钱,防己,6分,知母,1钱,黄连,6分
人参,3两,茯苓,3两,远志,2两,石菖蒲,2两,海蛤粉,3两,黄柏,3两,樗白皮,2两,青黛,2两
人参,9克,石膏,30克,知母,7.5克,当归,9克,紫草茸,9克,茯苓,9克,甘草,9克
附子,1两,萆薢,1两,熟干地黄,1两,人参,1两,芎?,0.5两,半夏,None,茯苓,3分,肉桂,3分,当归,3分,白芍,3分,五味子,3分,黄芪,3分
海藻,25.0g,石菖蒲,25.0g,半夏,15.0g,天南星,15.0g,玄参,20.0g,女贞子,20.0g,菟丝子,20.0g,生地,20.0g,地龙,20.0g,葛根,25.0g,丹参,50.0g,蜈蚣,3条,全蝎,15.0g
葶苈子,1两,半夏,1两,前胡,1两,诃黎勒皮,1两,苏子,0.5两,木香,0.5两,肉桂,1两,槟榔,1两
羊蹄根,None,草乌,None
连翘,None,藿香,30.0g,茯苓,15.0g,苍术,18.0g,陈皮,10.0g,黄芩,12.0g
知母,2斤,川常山,2斤,草果,2斤,甘草,2斤,良姜,20两,乌梅,1斤
人参,5分,轻粉,5分,巴豆,1钱,冰片,5厘,朱砂,1钱
麻黄,12.0g,杏仁,12.0g,桔梗,12.0g,前胡,15.0g,紫菀,12.0g,通草,10.0g,瓜壳,15.0g,丹参,20.0g,僵蚕,12.0g,半夏,12.0g,白果,12.0g,甘草,6.0g
白术,0.5两,甘草,0.5两,当归,3分,茯苓,3分,远志,0.5两,熟干地黄,1两,黄芩,0.5两,半夏,0.5两,附子,3分,枳壳,0.5两,肉桂,3分,木香,0.5两
大豆,None,甘草,None
青蒿,15.0g,鳖甲,20.0g,生地,20.0g,知母,10.0g,丹皮,10.0g,天花粉,15.0g,百合,15.0g,重楼,30.0g,白花蛇舌草,30.0g
金银花,10.0g,连翘,10.0g,板蓝根,15.0g,杏仁,5.0g,款冬花,5.0g,紫苑,5.0g,桑白皮,5.0g,百部,5.0g,炒子芩,5.0g,桔梗,5.0g,前胡,5.0g,白前,5.0g,陈皮,5.0g,茯苓,5.0g,生甘蜡,5.0g
水芹菜根,30.0g,马兰头根,30.0g
厚朴,None,青皮,None,草果,None,藿香,None,甘草,None,海桐皮,None,神曲,None,良姜,None,半夏曲,None
良姜,3钱,荜茇,3钱,白芷,3钱,细辛,3钱,蜂窠鹤虱,3钱
芦荟,2钱,五灵脂,2钱,好夜明砂,2钱,砂仁,2钱,陈皮,2钱,青皮,2钱,莪术,2钱,木香,2钱,使君子,2钱,蟾蜍,3分,黄连,3分
黄芪,20.0g,党参,15.0g,茯苓,15.0g,何首乌,15.0g,白花蛇舌草,15.0g,乌梅,15.0g,白术,10.0g,虎杖,10.0g,泽泻,10.0g,丹参,30.0g
真川贝,6两,半夏,4两
白术,1两,甘草,1两,附子,1两半,赤苓,1两
白前,1两半,杏仁,14枚,紫菀,1两,黄芩,1两,麦冬,2两,紫苏茎叶,3分,陈皮,None,火麻仁,None
青皮,2钱,橘红,5钱,白术,1两半,茯苓,7钱半,麦冬,1两,使君子肉,7钱5分,山楂肉,5钱,麦芽,5钱,金樱子,5钱,金樱子肉,5钱,芡实仁,2钱半,莲心肉,5钱,甘草,2钱
熟地,8两,山药,4两,山萸肉,4两,茯苓,4两,泽泻,1两,丹皮,1两半,枸杞子,3两,菟丝子,4两,破故子,2两,骨碎补,3两
川乌,1两,芥穗,2两
地龙,None,五灵脂,None,松香,None,荆芥,None,川乌,None,天南星,1两,草乌,2两
金银花,24.0g,陈皮,10.0g,连翘,10.0g,蒲公英,15.0g,青皮,6.0g,甘草,6.0g
黑铅,None,分为小块,None,同甘草,10两,水煮半日,None,候冷,None,水银,3两,铁粉,3两,朱砂,0.5两,轻粉,1两,天南星,3分
麝香,1钱,蜈蚣,1对,雄黄,3钱,鼠妇虫,45个
人参,2钱,麦冬,2钱,生地,2钱,天花粉,2钱,甘草,2钱
黄连,1两,麦冬,1两,白术,0.5两,旋覆花,0.5两,甘草,0.5两,黄芩,0.5两,附子,0.5两,桑根白皮,1两半,肉桂,7钱,桔梗,7钱,茯苓,7钱,陈皮,None,地骨皮,1两2钱
当归,None,川芎,None,木香,None,三棱,None,莪术,None,桔梗,None,黄芩,None,甘草,None
人参,20克,当归,60克,川牛膝,15克,乳香,6克,鬼臼,9克
茯苓,1钱,甘草,5分,白术,1钱,橘红,1钱5分,厚朴,1钱,香附,1钱
漏芦,1两,白蔹,1两,黄芩,1两,麻黄,1两,枳实,1两,升麻,1两,白芍,1两,甘草,1两,朴消,1两,大黄,2两
鲤鱼肉,3斤,葱白,1斤,淡豆豉,1升
川乌,1两,乳香,1钱半,草乌,1两,地龙,1两,天南星,1两,没药,3钱半,牛膝,1两,木瓜,1两
麝香,1钱半,没药,1钱半,红娘子,1钱半,乌药,2钱半,地龙,2钱半,川乌,1两,草乌,1两,五灵脂,0.5两,木鳖子,0.5两,小茴香,2钱半,黑牵牛,5分,骨碎补,5钱,威灵仙,5钱,狗脊,5钱,防风,5钱,自然铜,None,禹余粮,4钱,陈皮,2钱半,青皮,2钱半
南沙参,500.0g,麦冬,240.0g,北五味子,240.0g,人中白,240.0g,百部,240.0g,白芨,240.0g,胡连,240.0g,生地,240.0g,白术,240.0g,生甘草,240.0g
生白矾,2两,白芨,1两,一方有琥珀,3钱
薄荷,None,通草,None,半夏,1.5g,川贝,1.0g
牛黄,3克,珍珠,3克,琥珀,3克,人中白,3克,胡连,3克,乳香,3克,没药,3克,儿茶,6克,硼砂,1.5克,冰片,0.9克
龙骨,1两,黄芪,1两,肉苁蓉,None,白薇,3分,牡蛎,3分,附子,3分,甘草,0.5两
藁本,0.5两,升麻,0.5两,皂角,0.5两,石膏,1两半
柴胡,0.0g,蒲公英,0.0g,枳壳,0.0g,地黄,0.0g,夏枯草,0.0g
黄连,6.0g,吴茱萸,5.0g,川楝子,3.0g,大黄,2.0g
红屯,18.0g,大黄,9.0g,薏苡仁,15.0g,桃仁,9.0g,蒲公英,12.0g
大黄,5钱,栀子,5钱,连翘,5钱,巴豆,4钱,杏仁,4钱,炒药麸,4钱,甜瓜蒂,1钱,牵牛头末,2钱
黄连,10.0g,吴茱萸,3.0g,黄芩,12.0g,元胡,12.0g,半夏,12.0g,川楝子,12.0g,白芍,12.0g,干姜,10.0g,大枣,12.0g,桂枝,12.0g,葛根,15.0g,甘草,6.0g
佛手参,20.0g,红花,9.0g,桃仁,9.0g,赤芍,9.0g,丹皮,9.0g,乌药,9.0g,香附,9.0g,当归,9.0g,红藤,15.0g,甘草,6.0g
麦冬,0.5两,丹参,0.5两,川贝,0.5两,防风,0.5两,柏子仁,0.5两,茯神,0.5两,杜仲,0.5两,百部根,0.5两,干山药,1两,阿胶,1两,茯苓,1两,熟干地黄,1两,五味子,1两,远志,1分,人参,1分
瓜蒌,1个,人参,5钱,当归,5钱,没药,5钱,甘草,1钱
天花粉,6克,茯苓,9克,山药,9克,附子,5克,瞿麦,3克
川芎,1两半,枳壳,1两半,熟地,3两,糯米,2合
干胭脂,3钱,白矾,3钱,轻粉,None,白信石,None,樟丹,None,樟脑,None,麝香,None
艾叶,15克,干姜,25克,鸡蛋,2个
金银花,3钱,净青黛,1钱,炉甘石,5钱,提白蜡,1钱5分,上宫粉,3钱,上四六,5分,真血结,1钱
四物汤,4两,麻黄,5钱,细辛,5钱
黄葵花,3钱,牡丹花,3分,真芜荑,3分,寸香,1分,桑牛半个,None,巴豆半粒,None,蓖麻半粒,None
黄芪,1两,远志,1两,白芍,1两,龙骨,1两,甘草,0.5两
防风,5分,葛根,8分,红花,3分,枳壳,7分,桔梗,8分,苏梗,6分,川芎,5分,荆芥,6分,当归,6分,陈皮,6分,甘草,5分,杏仁,1钱,山楂肉,2钱
生黄芪,0.0g,当归尾,0.0g,赤芍,0.0g,地龙,0.0g,川芎,0.0g,桃仁,0.0g,红花,0.0g
熟艾,1斤,木香,1两,陈皮,None,厚朴,1两,桃仁,None,尖双仁,1两,花椒,1两,山萸肉,1两,干姜,1两,柏子仁,1两,吴茱萸,None,附子,1两,白术,1两
莪术,1.5g,丹皮,1.5g,青皮,1.5g
栀子,12.0g,黄柏,None,柴胡,12.0g,刺力,15.0g,车前子,30.0g,生地,20.0g,白芍,15.0g,丹参,20.0g,茵陈蒿,15.0g,薏苡仁,20.0g,藿香,20.0g,败酱草,30.0g,菊花,15.0g
生地,2.0g,白芍,2.0g,丹皮,2.0g,地骨皮,2.0g,知母,1.5g,五味子,1.0g,黄柏,1.0g,茵陈蒿,2.0g,金钱草,3.0g,滑石,2.0g,青蒿,1.5g,甘草,0.5g
升麻,18克,苍术,12克,酒黄柏,9克,柴胡,9克,黄芪,9克,酒知母,6克,藁本,6克,生甘草,6克,当归,6克,五味子,4.5克,陈皮,4.5克
四物汤加白术,None,黄芩,None,地榆,None,阿胶,None
防风,90克,甜瓜蒂,90克,以纸卷定,None,连纸锉细,None,去纸,None,用粗罗子罗过,None,另放末,None,将滓炒微黄,None,次入末一处,None,藜芦,7.5克
生地,2.0g,山萸肉,2.0g,山药,2.0g,丹皮,1.5g,茯苓,1.5g,枸杞子,1.5g,菊花,1.0g,五味子,1.0g,麦冬,1.5g,远志,1.5g,槲寄生,2.0g,天麻,1.0g
天冬,1两,黄芩,1两,海粉,2两,瓜蒌仁,1两,橘红,1两,桔梗,5钱,香附米,5钱,连翘,5钱,青黛,2钱,芒消,2钱,牛黄,5分,竹沥,1两
干姜,1两,木瓜,1两,吴茱萸,3分,肉桂,3分,槟榔,10枚,木香,2两
川乌,30克,草乌,30克,细辛,30克,白芷,30克,当归,30克,萆薢,60克,红花,60克
款冬花,1两,杏仁,1两,尖双仁,None,麸炒微黄,None,紫菀,1两半,蛤蚧,1对,涂酥,None,侧柏叶,3分,白石英,1两半,人参,3分,甘草,3两,五味子,3分,茯苓,1两,天冬,1两半,鹿角胶,2两,干姜,0.5两,肉桂,3分,熟干地黄,1两
柴胡,10.0g,白芍,12.0g
菟丝子,1两,白石英,9钱,干姜,8钱,杜仲,7钱,白术,6钱,人参,5钱
车前子,1两,石斛,1两,大青盐,2钱,磁石,None,醋淬,None,沉香,5钱,菟丝子,2钱
羊胫炭,None,酒淬,None,大黄,None,易,None,以湿纸裹煨,None,巴豆肉,3两半,古铜钱,None,米醋淬,None,为粉,None,新水飞过,2两
当归,1钱,生甘草,1钱,防风,1钱,杏仁,7枚,铜绿,5分,枯矾,5分
金银花,3.0g,连翘,2.0g,石膏,4.0g,黄芩,2.0g,薄荷,1.5g,荆芥,1.5g,桔梗,1.5g,牛蒡子,1.5g,玄参,2.0g,板兰根,2.0g,杏仁,2.0g,麻黄,1.5g
半夏,1钱半,白术,2钱,天麻,1钱,茯苓,1钱,陈皮,1钱,苍术,1钱,人参,1钱,神曲,1钱,麦糵,1钱,黄芪,1钱,泽泻,1钱,干姜,0.5钱,草果,0.5钱
天花粉,90克,姜黄,30克,白芷,30克,赤芍,60克
附子,None,干姜,None,人参,None,甘草,None,肉桂,None,陈皮,None
阿胶,0.0g,人参,0.0g,黄芪,0.0g,熟地,0.0g,党参,0.0g,山楂,0.0g,白术,0.0g,枸杞子,0.0g
琥珀,None,茯神,None,远志,None,人参,None,白附子,None,天麻,None,天冬,None,酸枣仁,None,甘草,None
诃子,0.5两,木香,0.5两,赤苓,0.5两,肉桂,0.5两,附子,0.5两,胡椒,0.5两,肉豆蔻,0.5两,白术,0.5两,莪术,0.5两,干姜,0.5两,人参,1两,荜茇,1两
使君子,2枚,候面熟为度,None,水银,1钱,香细墨,1钱,芦荟,1钱,熊胆,1钱,朱砂,1钱,腊茶,1钱,天竺黄,0.5钱,青黛,0.5钱,全蝎,7.5g,乳香,1钱,冰片,1钱,轻粉,2钱,寒食面,1钱半
朱砂,1钱,桂府滑石,6两,甘草,1两,青黛,None
茯苓,60克,薄荷,12克,陈仓米,120克,苏梗,12克,藿香,12克,防风,12克,烟灰,30克
川羌,2.0g,独活,1.0g,防风,1.5g,威灵仙,1.5g,木瓜,1.5g,当归,2.0g,川芎,2.0g,熟地,2.0g,乳香,1.0g,没药,1.0g,姜黄,1.5g,地龙,1.5g
当归,45克,赤苓,45克,黄芪,45克,片子姜黄,45克,川羌,45克,甘草,15克
葶苈子,None,杏仁,None,双仁,None,川贝,None,百合,None,麦冬,None,生干地黄,None
白茅根,20-30克,龙骨,15-25克,牡蛎,15-25克,生三七粉,3-5克,白芨粉,10-15克,生在大黄,6-10克,藕节,20-30克
蜡茶,None,白梅肉,None
桔梗,0.5两,甘草,0.5两,栀子仁,2钱半
金银花,2.0g,连翘,2.0g,薄荷,1.0g,桔梗,1.5g,前胡,2.0g,杏仁,1.5g,百部,1.5g,甘草,0.5g,玄参,1.5g,麦冬,1.5g,射干,1.5g,僵蚕,1.5g,紫菀,1.5g
沉香,2钱,麝香,1钱,南木香,3钱,乳香,3钱,大茴香,4钱,小茴香,4钱,鹿茸,0.5两,莲子,0.5两,蚕砂,0.5两,肉苁蓉,0.5两,菟丝子,0.5两,牛膝,0.5两,川楝子,0.5两,地龙,0.5两,陈皮,0.5两,淫羊藿,3钱
百部,20.0g,蛇床子,20.0g,蒺藜,20.0g,冰片,6.0g
马蔺花,None,麦冬,None,葶苈子,None,白茅根,None,车前子,None,檀香,None,连翘,None
益母草,4两,白芍,1两,川芎,1两,当归,3两,香附,1两半,砂仁,1两,熟地,1两半,晒干摘断,None,黄芩,8钱,白术,1两
三棱,0.5两,莪术,0.5两,青皮,0.5两,陈皮,0.5两,半夏曲,0.5两,藿香,0.5两,北梗,0.5两,益智仁,0.5两,枳壳,0.5两,香附,0.5两,甘草,3分
雄黄,100.0g,白矾,100.0g,杏仁,100.0g,乳香,25.0g,没药,25.0g,冰片,5.0g
牛黄,2分,明血珀,2分,生珍珠,1钱2分,朱砂,1钱2分,儿茶,1钱2分,人中白,2钱,马勃,8分,钟乳石,1钱6分
虎胫骨,8两,丹参,None,大两,None,天麻,None,大两,None,肉桂,None,大两,None,牛膝,None,大两,None,菝葜,None,大两,None,人参,None,大两,None,乌头,2升,羚羊粉,6分,杜仲,6分,川芎,6分,薏苡仁,8分,花椒,0.5两
繁缕,240.0g,痕芋头叶,60.0g,咸虫下花草,60.0g,鲩鱼胆,10个,铜绿,7.5g
没食子,1枚,肉豆蔻,1枚,吴茱萸,None,黄连,1钱,干姜,1钱,诃子,1钱
生地,1钱,白芍,1钱,白术,1钱,黄柏,1钱,地榆,5分
木香,2.0g,砂仁,1.5g,半夏,2.0g,陈皮,1.5g,党参,2.0g,白术,2.0g,茯苓,2.0g,黄连,1.5g,白芍,2.0g,槟榔,1.5g,干姜,1.0g,甘草,1.0g
夜明沙,None,井泉石,None,谷精草,None,蛤壳,None
胡椒,None,荜茇,None,半夏,None,公丁香,None,细辛,None
白术,1两,以黄土,0.5两,煮,None,响,None,须洗去泥,None,公丁香,3钱,干姜,1两,草果,0.5两,煨干,None,人参,0.5两,砂仁,2两,甘草,0.5两
泡参,4钱,白术,2钱,杜仲,4钱,续断,4钱,狗脊,2钱,制益智,2钱,阿胶,2钱,艾叶,3钱,菟丝子,3钱,故纸,2钱
白芍,1钱,昆布,1钱,桔梗,1钱,白芷,1钱,夏枯草,1钱,天花粉,1钱,连翘,1钱,金银花,1钱,香附,None,醋,None,酒,None,童便,None
木香,12.0g,砂仁,10.0g,陈皮,10.0g,半夏,12.0g,明参,30.0g,白术,15.0g,黄连,10.0g,白芍,15.0g,麦冬,15.0g,石斛,12.0g,丹参,15.0g,麦芽,20.0g,甘草,6.0g
荜茇,1两,诃子,3分,干姜,0.5两
雄黄粉,50.0g,百分之,75.0g,酒精,100毫升
公丁香,3克,豆簆,9克
白头翁,12.0g,苦参,12.0g,丹参,10.0g,赤芍,10.0g,白芍,10.0g
藜芦,90克,黄连,90克,雄黄,90克,黄芩,90克,松香,90克,猪脂,250克,白矾,150克
